treeId,cellId,latitude,longitude,species
541509,1,40.72730390148332,-73.9829259779267,mulberry
2114650,1,40.727347742103845,-73.98303040580511,black locust
761836,1,40.72740042969697,-73.98315301632572,Japanese pagoda tree
2114675,1,40.72746834146414,-73.98302203624685,London planetree
2114592,1,40.728146637653225,-73.98309207463491,maidenhair tree
2114591,1,40.72809832730346,-73.98297711959293,swamp white oak
2114481,1,40.728196821854525,-73.98295088096873,swamp white oak
2114482,1,40.72822940660984,-73.98302779250713,sawtooth oak
13827541,1,40.72826973820984,-73.98312298710879,'Green Vase' Zelkova
2114484,1,40.728304191643474,-73.98320431286292,Japanese pagoda tree
2114485,1,40.72834398825864,-73.98329824727219,'Regent' Japanese pagodatree
2114594,1,40.72826409673386,-73.98337156945695,maidenhair tree
2114593,1,40.72821671619948,-73.98325882366343,pin oak
2114590,1,40.72800966774525,-73.98276615654446,Thornless honeylocust
2114480,1,40.72810921674842,-73.98274410111596,Thornless honeylocust
2114479,1,40.72805873706053,-73.98262495043541,Thornless honeylocust
2114478,1,40.72803149421189,-73.982560647744,Thornless honeylocust
2114477,1,40.728004250755184,-73.98249634360202,Thornless honeylocust
2114606,1,40.727658884156725,-73.98247241815444,pin oak
2114607,1,40.72754791790478,-73.98255309538843,London planetree
2114608,1,40.727446079767404,-73.98262713437674,London planetree
2110231,1,40.72736045992522,-73.9824610053796,Callery pear
15218053,2,40.72744304675721,-73.98240084910097,'Harvest Gold' Mongolian linden
4613397,2,40.72753713641281,-73.9823297680829,Callery pear
2110234,2,40.72759525794936,-73.98228997807887,Chinese elm
10340920,2,40.727679250058586,-73.98223239467262,Callery pear
2114469,2,40.72772494598026,-73.98209408140073,willow oak
2114468,2,40.72766188684133,-73.98191066044029,American elm
2113083,2,40.727715066755884,-73.98180344247615,London planetree
4612726,2,40.727599452872695,-73.98175176917653,silver linden
2114467,2,40.72754463809905,-73.98163136984856,swamp white oak
1085724,2,40.7276261295462,-73.98159325047065,Thornless honeylocust
13835108,2,40.727572023488825,-73.98146462491489,'Princeton' American elm
939899,2,40.72751231755343,-73.98132628825847,Thornless honeylocust
5528629,2,40.72741406517081,-73.98133089786883,eastern redbud
13827542,2,40.72736278525053,-73.98123674593722,eastern redbud
2113085,2,40.727430577519776,-73.98112959668899,Thornless honeylocust
2114463,2,40.72732822100113,-73.98110184685899,London planetree
15192703,2,40.72728770746269,-73.98101969077484,'Harvest Gold' Mongolian linden
17042429,2,40.727351775619795,-73.98092518979922,'Village Green' Zelkova
13883694,2,40.7271775705684,-73.9807983046672,eastern redbud
2113087,2,40.72725982899351,-73.98072516556584,Thornless honeylocust
10164543,2,40.727215472523945,-73.98060561251413,'Streetkeeper' Thornless honeylocust
14022435,2,40.727119549755734,-73.98063047419326,'Greenspire' Littleleaf linden
4596928,3,40.72709991932912,-73.9805745556559,eastern redbud
10163629,3,40.727162866678,-73.98049550577325,'Millstone' Japanese pagodatree
2113089,3,40.72712743821206,-73.98041159216078,Thornless honeylocust
2114457,3,40.72703019792058,-73.98044944447018,willow oak
2114456,3,40.726985159471276,-73.98034283184295,Thornless honeylocust
2114454,3,40.72689828122309,-73.98013717590854,swamp white oak
2110039,3,40.726623941553356,-73.97998800967001,maidenhair tree
6082251,3,40.726649041881394,-73.9801438255836,American elm
11772477,3,40.726562944985496,-73.9802059557953,Japanese pagoda tree
2113057,3,40.72649882957266,-73.98026152200475,American elm
2113058,3,40.72642855099268,-73.98030695478482,American elm
2113059,3,40.726353065530205,-73.98036343211821,American elm
2110038,3,40.72634698789956,-73.98019152980005,Japanese pagoda tree
2116828,3,40.726258830460836,-73.98016913758212,Japanese pagoda tree
11537802,3,40.726215877998825,-73.9800671941888,'Millstone' Japanese pagodatree
2116830,3,40.72618502738421,-73.97999397118866,Japanese pagoda tree
10162189,3,40.72611162749312,-73.98007673585366,Hardy Rubber Tree
10162574,3,40.72605978539583,-73.9799585262118,Hardy Rubber Tree
2116831,3,40.72607451877331,-73.97973169617397,maidenhair tree
2121564,3,40.72597485095017,-73.97975781505686,Thornless honeylocust
2121565,3,40.72594428330011,-73.97968521172707,goldenrain tree
2116832,3,40.72602119210197,-73.97960513512376,maidenhair tree
2121566,4,40.72589643694717,-73.97957157065758,Thornless honeylocust
2121567,4,40.72585789514536,-73.97948002647664,Green ash
2116833,4,40.72593994042466,-73.97941229603934,Callery pear
13868738,4,40.725913874741764,-73.97935043690359,'Princeton' American elm
2116835,4,40.72588169303846,-73.9792740581097,maidenhair tree
2116836,4,40.725854963679694,-73.97921062010255,maidenhair tree
11784633,4,40.725834616873286,-73.97916233236832,mulberry
2116838,4,40.725805759349406,-73.97909384488175,maidenhair tree
2116839,4,40.72577291272798,-73.97901588886361,Thornless honeylocust
2121571,4,40.72569707860116,-73.97909806783167,Japanese pagoda tree
2121570,4,40.725739608034814,-73.9791990824223,Thornless honeylocust
2121569,4,40.72577815120411,-73.97929062552629,Green ash
2121568,4,40.725803402876096,-73.97935060267054,Japanese zelkova
2121920,4,40.72523892341906,-73.97959359800629,Thornless honeylocust
2121919,4,40.72521778845957,-73.97954340847174,Thornless honeylocust
2121918,4,40.725179639644985,-73.97945281667928,Callery pear
220508,4,40.72509970137383,-73.97953266413134,Japanese pagoda tree
220507,4,40.725142604849225,-73.97962973644393,Japanese pagoda tree
221306,4,40.72518104578698,-73.97971093059239,Japanese pagoda tree
220506,4,40.725219178305025,-73.97981409578128,Japanese pagoda tree
221307,4,40.72526327349751,-73.97991273298138,Japanese pagoda tree
2114537,4,40.72530585103623,-73.98001496956918,Japanese pagoda tree
2121921,5,40.72537304194516,-73.97991209257773,Thornless honeylocust
13869137,5,40.72540055750839,-73.97997743179646,'New Horizon' Elm
13868739,5,40.72542302117375,-73.98003077805744,'New Horizon' Elm
2121924,5,40.72544681427999,-73.98008728005607,Thornless honeylocust
2121925,5,40.72547871514477,-73.98016303722848,Thornless honeylocust
2114539,5,40.72539851191615,-73.98023455845386,maidenhair tree
2121926,5,40.725539726231155,-73.98030792171649,Thornless honeylocust
2114540,5,40.72549463387746,-73.98046234873824,Thornless honeylocust
2114541,5,40.72552845027551,-73.98054248684798,Thornless honeylocust
12158964,5,40.725553951111905,-73.98059185938914,'Skyline' Thornless honeylocust
2113065,5,40.72558043937202,-73.98092158161766,Thornless honeylocust
2113066,5,40.72549859809861,-73.9809835019151,Thornless honeylocust
2113067,5,40.72538277862209,-73.98106754919966,Thornless honeylocust
2121705,5,40.7252768202015,-73.98097086041213,Thornless honeylocust
2121704,5,40.72519270586688,-73.981032602878,Thornless honeylocust
14040363,5,40.72524677550493,-73.98116624137519,'Princeton' American elm
2113063,5,40.72581049298877,-73.98075716696584,Japanese pagoda tree
11139416,5,40.72585014876095,-73.98072832878547,'Skyline' Thornless honeylocust
2113062,5,40.72589891888963,-73.98069299830426,Japanese pagoda tree
6082248,5,40.72601522085147,-73.98060303343867,American elm
2114497,5,40.72603172364296,-73.98042360520462,katsura tree
2114498,5,40.72610953472794,-73.98036701102262,maidenhair tree
589788,6,40.73213718034475,-73.98816972301927,swamp white oak
15396584,6,40.73171429830575,-73.98816443094569,Unknown
11142893,6,40.731650409182365,-73.98821088313575,common hackberry
15396586,6,40.731504376746315,-73.9883170602021,Unknown
6161891,6,40.73144351260629,-73.98836448351766,Unknown
589709,6,40.73157101844056,-73.98858118768227,Callery pear
4610222,6,40.731755988859774,-73.98845752201512,Japanese pagoda tree
4609683,6,40.73187570556552,-73.98837450042298,Japanese pagoda tree
13559089,6,40.732048553716815,-73.98849491153518,Japanese pagoda tree
10202006,6,40.732170547367424,-73.98852529626495,'Regent' Japanese pagodatree
13559088,6,40.73210716981102,-73.9886403520538,Japanese pagoda tree
589800,6,40.732235756311574,-73.98867992708509,maidenhair tree
15208734,6,40.732207588356964,-73.98886854576355,Shumard's oak
5244934,6,40.73224907655467,-73.98897646528012,'Millstone' Japanese pagodatree
13587728,6,40.732297389003726,-73.98909260148876,maidenhair tree
10651659,6,40.73235020291039,-73.98895132042418,maidenhair tree
589802,6,40.73248567662702,-73.98927257300163,maidenhair tree
13587729,6,40.73241004684438,-73.98936733742222,maidenhair tree
2143917,6,40.73245480284394,-73.98946599975098,maidenhair tree
2111167,6,40.732559759359525,-73.98993224863206,Thornless honeylocust
2111168,6,40.73249233421448,-73.98994900166811,Thornless honeylocust
2111169,7,40.732336446970024,-73.98998773517705,Thornless honeylocust
2111170,7,40.7322344998367,-73.99001306424967,Thornless honeylocust
11798272,7,40.73159179027249,-73.98942282620933,swamp white oak
11798274,7,40.7315564289053,-73.98933844598206,swamp white oak
11798273,7,40.73152596681049,-73.98926575999717,swamp white oak
580307,7,40.73143643338009,-73.98905212362817,Callery pear
580308,7,40.731403190832545,-73.98897280086926,Callery pear
580309,7,40.73137047614559,-73.98889474170575,Callery pear
164932,7,40.73088695960434,-73.98930011229486,Thornless honeylocust
589706,7,40.730779254101016,-73.9893476214403,Thornless honeylocust
589705,7,40.730834999691396,-73.98948026659586,Japanese pagoda tree
580336,7,40.73094077220778,-73.98944221874015,Thornless honeylocust
580337,7,40.73100602117483,-73.98959764213777,Callery pear
5523945,7,40.73104395152249,-73.98968798835642,common hackberry
10196379,7,40.73107021068851,-73.9897505373023,Amur maackia
580340,7,40.73109779558774,-73.98981624471634,Thornless honeylocust
14157391,7,40.73107554118175,-73.99004987102796,silver linden
14157392,7,40.73109701813766,-73.9901075122886,silver linden
14157393,7,40.73112169085975,-73.99016364371094,silver linden
10197194,7,40.7312085572044,-73.99003722417558,Kentucky yellowwood
580275,7,40.73139038516751,-73.99022354445553,Japanese zelkova
1431689,8,40.72467792839275,-73.99166169282445,swamp white oak
11142883,8,40.72437492726517,-73.99122421633437,'Green Vase' Zelkova
11142885,8,40.72436075168455,-73.99118610812044,'Green Vase' Zelkova
11142884,8,40.72432575996814,-73.99110353092871,'Green Vase' Zelkova
1431687,8,40.7244217648144,-73.99105304009808,Japanese zelkova
1431688,8,40.724452323587194,-73.9911256492378,Japanese zelkova
2118677,8,40.72468987992005,-73.99064008598434,Japanese pagoda tree
13765176,8,40.72478504824069,-73.99057182143659,Japanese zelkova
2118679,8,40.72483516398908,-73.99053587543679,maidenhair tree
2128014,8,40.72472209846553,-73.99035886024976,maidenhair tree
2128013,8,40.72463304902392,-73.9904230368384,maidenhair tree
2128012,8,40.72452234012323,-73.9905028237499,Chinese elm
11959452,8,40.724436077425324,-73.99057097637903,common hackberry
11958470,8,40.724363412794695,-73.99062657563853,common hackberry
2146547,8,40.72397027863377,-73.98997868368656,Thornless honeylocust
2146546,8,40.723938349913695,-73.98990294984246,Japanese zelkova
2118716,8,40.72386041027407,-73.98998856362738,Common linden
2118715,8,40.72391536061011,-73.99011764804867,Japanese zelkova
13841742,8,40.72402416012989,-73.99010648621592,'Green Vase' Zelkova
2146549,8,40.724060877570665,-73.99019358322336,Japanese zelkova
2118714,8,40.72396629178957,-73.99023728622996,Norway maple
2118713,8,40.72400381892415,-73.99032544214151,Thornless honeylocust
2118712,8,40.72403625346881,-73.99040163317153,Green ash
2146550,8,40.72415134284378,-73.9904081661815,American elm
11958469,8,40.72418947154053,-73.99048410556732,common hackberry
11959451,9,40.72421806927312,-73.99056317687581,common hackberry
2118710,9,40.72415660915177,-73.99068435893876,Thornless honeylocust
2118667,9,40.72410553515931,-73.9907938381883,pin oak
14529198,9,40.72405072800195,-73.99082883871401,northern red oak
2118669,9,40.7241364649043,-73.99104453026793,Japanese pagoda tree
6602589,9,40.724031801109085,-73.9911345269418,Japanese pagoda tree
5935595,9,40.72388246224332,-73.99109705633043,'Mushashino' Zelkova
2118785,9,40.723741803358486,-73.99074460674912,Green ash
10468991,9,40.72371717661132,-73.99065987949469,'Green Vase' Zelkova
2125466,9,40.72341608408425,-73.99078013239942,Thornless honeylocust
6525724,9,40.72337070683556,-73.99060895326946,Thornless honeylocust
15188103,9,40.72350644059341,-73.99057107483645,Thornless honeylocust
15936548,9,40.72347367150081,-73.99047243081566,'Northern Acclaim' Thornless honeylocust
2118781,9,40.723642356111895,-73.99040805303885,London planetree
10470334,9,40.723612962719145,-73.99031367078865,'Green Vase' Zelkova
2118779,9,40.72358039089763,-73.99020406597886,London planetree
2118778,9,40.72353024268099,-73.99013302671484,Green ash
14495910,9,40.7235733382698,-73.99010009079964,Cornelian cherry
2118777,9,40.72349890803099,-73.9900290484899,London planetree
2118776,9,40.72346838093784,-73.98992775122906,'Columnar' Ginkgo
13841743,9,40.723438471940014,-73.9898139968087,'Patriot' Elm
16487946,9,40.723375909516285,-73.98960653107433,Chinese elm
6528507,9,40.723337776312334,-73.98947500724996,Japanese zelkova
6528506,9,40.72326270267459,-73.98922839824397,Japanese zelkova
2121955,10,40.726636511227994,-73.97924731435566,Thornless honeylocust
2121956,10,40.72660018596861,-73.97916116771178,Thornless honeylocust
2121957,10,40.72656971578874,-73.9790889044383,Green ash
2121958,10,40.72653551851736,-73.9790078053334,Thornless honeylocust
2121959,10,40.72647537538999,-73.97886517377134,Thornless honeylocust
13862668,10,40.72642574396129,-73.97874746957648,'New Horizon' Elm
11790392,10,40.72639178902623,-73.97867321369083,Japanese pagoda tree
658211,10,40.72633375446239,-73.97852187204192,Thornless honeylocust
5244535,10,40.72625577790743,-73.97860318781387,Kentucky coffeetree
2110156,10,40.726288518141786,-73.97868567436532,Thornless honeylocust
2110155,10,40.72632038905071,-73.97876145438272,Kentucky coffeetree
2110154,10,40.72634827598352,-73.97882776205134,Green ash
2110153,10,40.7263841312902,-73.9789130138831,Thornless honeylocust
2110152,10,40.726413081046324,-73.97898184836365,Green ash
2110151,10,40.726453717040634,-73.97907846820306,Thornless honeylocust
2110150,10,40.72648744749134,-73.97915866842582,Thornless honeylocust
2110149,10,40.72651533362281,-73.97922497567542,Thornless honeylocust
2110148,10,40.726540564743594,-73.9792849692492,Thornless honeylocust
2110147,10,40.72658040416409,-73.97937969481043,Thornless honeylocust
2110146,10,40.726614930721915,-73.97946179073953,Thornless honeylocust
2110145,10,40.726661142809284,-73.97957167222584,Thornless honeylocust
2121954,10,40.72671661272226,-73.97943728282078,goldenrain tree
2121953,10,40.726750543108025,-73.97951775181758,Thornless honeylocust
2121952,10,40.726794319240405,-73.97962157078044,Thornless honeylocust
4604009,11,40.72684698706256,-73.97972491138196,London planetree
2121937,11,40.72695082362289,-73.97975164597717,Thornless honeylocust
4599704,11,40.726951230873944,-73.97975228400261,Thornless honeylocust
4599688,11,40.72701614934342,-73.97971233218475,Thornless honeylocust
2110043,11,40.72702197042877,-73.97986822463918,Japanese pagoda tree
2110044,11,40.72714236601168,-73.97978163499499,Japanese pagoda tree
10162570,11,40.72724157069088,-73.9797102844605,'Millstone' Japanese pagodatree
10162571,11,40.72723059455568,-73.97954885041167,'Millstone' Japanese pagodatree
2114400,11,40.72736325200179,-73.97936578903276,Thornless honeylocust
2114401,11,40.72732858815906,-73.97928379149229,Thornless honeylocust
13869139,11,40.72729499345317,-73.97920431775063,'Sterling' Silver linden
13868742,11,40.72726166298938,-73.97912547464196,'Sterling' Silver linden
2114723,11,40.727340924914394,-73.97905740497245,European hornbeam
11537804,11,40.72739592444408,-73.97917587301644,'Millstone' Japanese pagodatree
10162186,11,40.72742956105097,-73.97925611654425,Turkish hazelnut
2121525,11,40.727601490024696,-73.9794426735022,Green ash
2121524,11,40.72766185160185,-73.97939682190116,Green ash
2121523,11,40.727709143610106,-73.9793608983889,Kentucky coffeetree
2114450,11,40.727632035452906,-73.97925936230581,Callery pear
2114451,11,40.72770156752946,-73.97920843547902,Kentucky coffeetree
2121522,11,40.727820600962254,-73.97927623245585,Japanese zelkova
11537342,11,40.728296965053275,-73.97934108288861,'Espresso' Kentucky coffee tree
2121527,11,40.72833550009178,-73.97943263560359,Thornless honeylocust
2121528,11,40.72838160863624,-73.97954218394463,pin oak
10165823,12,40.728456021084604,-73.97971897751957,'Green Vase' Zelkova
2121530,12,40.72848658184178,-73.97979158811344,Japanese zelkova
13583115,12,40.72839374429231,-73.97982643937138,Kentucky coffeetree
13583118,12,40.72837407890927,-73.97977555089999,littleleaf linden
2114685,12,40.728348001246836,-73.97972243497478,Kentucky coffeetree
2114684,12,40.728323898159545,-73.97966335704511,Thornless honeylocust
13583117,12,40.728282079406725,-73.9795658580612,'Espresso' Kentucky coffee tree
13583116,12,40.72823753272043,-73.97945734367357,'Espresso' Kentucky coffee tree
2114682,12,40.72819409499845,-73.97935687863641,Thornless honeylocust
2114681,12,40.72816166445011,-73.97927985388091,Thornless honeylocust
2114680,12,40.72811833706438,-73.97917694313372,Kentucky coffeetree
2121520,12,40.728010006045515,-73.97913235468862,Thornless honeylocust
2121521,12,40.72791803675764,-73.97920221711527,Thornless honeylocust
2114452,12,40.727861731408346,-73.9790911238027,Japanese zelkova
2114453,12,40.72792502963966,-73.97904476115588,maidenhair tree
12744825,12,40.727985644125134,-73.97884448641543,Japanese zelkova
12744826,12,40.72794745420308,-73.97876023978763,Japanese zelkova
2123522,12,40.72801003184549,-73.9786615915276,maidenhair tree
2123521,12,40.72804859136294,-73.97875271274636,maidenhair tree
2123520,12,40.728085148554655,-73.97883910675958,Thornless honeylocust
2122971,12,40.7281751195128,-73.97886165134719,maidenhair tree
2122972,12,40.728230632811886,-73.9788213829636,maidenhair tree
2122970,12,40.72828273458953,-73.97893994426155,Cornelian cherry
2122969,12,40.72834813460431,-73.97889261161787,Thornless honeylocust
12751322,13,40.7283555951426,-73.97873073768326,maidenhair tree
2122975,13,40.72843249574937,-73.97867495389504,maidenhair tree
2122976,13,40.72850290756997,-73.97862387898971,maidenhair tree
2122977,13,40.72857716436544,-73.9785700133061,maidenhair tree
2121511,13,40.728763998464466,-73.97874426364541,goldenrain tree
2121510,13,40.72879706316823,-73.97882247777521,goldenrain tree
2122947,13,40.728895739428154,-73.97876657553768,pin oak
15396587,13,40.728875731786715,-73.97869799580539,Unknown
2122009,13,40.728923451016634,-73.97831774737774,Japanese pagoda tree
10164546,13,40.728866603504976,-73.9783593129114,'Millstone' Japanese pagodatree
2122005,13,40.72893360157582,-73.97847682158849,Thornless honeylocust
2122006,13,40.7290100994501,-73.97842082818913,Thornless honeylocust
2122007,13,40.729060218672494,-73.97838414164835,Thornless honeylocust
2122010,13,40.7290933878216,-73.97819265141153,Thornless honeylocust
13827545,13,40.72915592291767,-73.97814956685347,'Patriot' Elm
1957659,13,40.72920955032976,-73.97827666102135,Thornless honeylocust
1441882,13,40.72868503793537,-73.97826538410756,willow oak
1441883,13,40.72865648151153,-73.97819832515573,willow oak
1441884,13,40.7286252442841,-73.97812496817222,swamp white oak
13826745,13,40.72922797552973,-73.97776674811527,pin oak
4599940,13,40.729185592595755,-73.97767563465163,Thornless honeylocust
13827546,13,40.729137190592645,-73.97756115683062,'Imperial' Thornless honeylocust
2122014,13,40.72908358646894,-73.97743437982233,Thornless honeylocust
2122015,13,40.729027450130566,-73.97730161080362,pin oak
13524617,14,40.728949178227175,-73.97711649122554,goldenrain tree
2122017,14,40.728888774267254,-73.97697363079264,goldenrain tree
2122019,14,40.72876076481477,-73.97667088191879,littleleaf linden
2122020,14,40.72868315839197,-73.97648734208914,littleleaf linden
2122021,14,40.728629154326974,-73.97635962060117,littleleaf linden
2122022,14,40.7285820834407,-73.97624829745769,littleleaf linden
2122248,14,40.728192952194895,-73.9757149725638,Thornless honeylocust
2122247,14,40.72812328951094,-73.97576559076818,Thornless honeylocust
2122245,14,40.72797546966539,-73.97587520342368,Thornless honeylocust
2122246,14,40.7279111479685,-73.97591594181644,Thornless honeylocust
2122244,14,40.72785544781617,-73.9759602120686,Thornless honeylocust
2122234,14,40.727694905619224,-73.97590700685537,Norway maple
2149040,14,40.72761705995758,-73.97601754866336,Thornless honeylocust
2149041,14,40.72757736945952,-73.97592353765617,Thornless honeylocust
2149042,14,40.727537945487086,-73.97583015805418,maidenhair tree
2149043,14,40.72749452582367,-73.97572731518795,maidenhair tree
2149044,14,40.72745137209999,-73.97562510374749,maidenhair tree
2149045,14,40.727409551306366,-73.97552604663844,London planetree
13869141,14,40.72735574235871,-73.97539859663803,'New Horizon' Elm
2149047,14,40.72730885986813,-73.97528755208673,maidenhair tree
2122238,14,40.72739077749956,-73.97518559455264,pin oak
2149048,14,40.72723720404223,-73.97511783024206,London planetree
2149049,14,40.72719058674377,-73.97500741812453,maidenhair tree
2149050,14,40.72714663369983,-73.97490331375853,Thornless honeylocust
2114437,15,40.72755130961922,-73.97981780607903,Thornless honeylocust
2114436,15,40.727487287133435,-73.97966562077498,London planetree
2114747,15,40.7275916784873,-73.97962505591038,Green ash
2114746,15,40.7276321984094,-73.97971508586518,Green ash
2114745,15,40.72765663144541,-73.97978084832869,pin oak
2114744,15,40.72768464138281,-73.97986070331477,pin oak
15389718,15,40.72761586163197,-73.97997125279426,Unknown
2114743,15,40.727751771987755,-73.98001255609222,Thornless honeylocust
11537803,15,40.727791296746396,-73.98010655930598,pin oak
2114439,15,40.72775426325691,-73.98030025060042,American basswood
2114440,15,40.72785175581681,-73.98053200310531,pin oak
10164131,15,40.727902960720165,-73.98037227869408,'Harvest Gold' Mongolian linden
2114742,15,40.72793990984755,-73.98048071043618,swamp white oak
10164544,15,40.72798400339612,-73.98057308927619,'Sterling' Silver linden
2114441,15,40.72790807218026,-73.98066587588467,American basswood
2114442,15,40.727936761739635,-73.98073407612046,American basswood
2114443,15,40.72797607652963,-73.98082753362684,silver linden
2114740,15,40.72803797236692,-73.98071034250029,Callery pear
2114736,15,40.7282462482981,-73.98120376528313,Amur maackia
2114735,15,40.72828326761219,-73.98129147166729,Kentucky yellowwood
2114446,15,40.728181151071816,-73.98131503712563,sawtooth oak
179752,15,40.72815235735545,-73.9812371760642,sawtooth oak
11806289,15,40.72812792732855,-73.98118472299562,American basswood
2114737,16,40.72819218135448,-73.98107567702549,Japanese zelkova
2114738,16,40.728158622194336,-73.98099617428102,Chinese elm
2114739,16,40.72811840718901,-73.98090089615363,Callery pear
17042540,16,40.72802867365729,-73.98095256618917,bald cypress
11806288,16,40.72807104138272,-73.98103647849769,American basswood
2114447,16,40.72823826573583,-73.98144059310796,Callery pear
2114734,16,40.72833413716755,-73.98141198815529,littleleaf linden
10164545,16,40.72836743004032,-73.98149086149803,'Sterling' Silver linden
2114448,16,40.72828714327105,-73.98156699870844,Japanese pagoda tree
2114449,16,40.72833655104047,-73.98168445504092,Thornless honeylocust
2121893,16,40.728257575679265,-73.98180251862222,maidenhair tree
2121894,16,40.728149895408684,-73.98188193401192,Callery pear
2121895,16,40.72803735113444,-73.98196493137121,maidenhair tree
2121896,16,40.72797271901005,-73.98201259656321,Green ash
2114476,16,40.72800725332364,-73.98221593381056,Thornless honeylocust
2114475,16,40.72810814779316,-73.98214263045107,Thornless honeylocust
2114474,16,40.72832675031044,-73.98198380323902,Callery pear
2114572,16,40.72847380929037,-73.98200270845112,Thornless honeylocust
2123425,16,40.72858710691959,-73.98200887383953,Thornless honeylocust
11804988,16,40.72862804529677,-73.98209176864627,Thornless honeylocust
2114573,16,40.728553189420836,-73.98219073282874,Thornless honeylocust
10197211,16,40.728773784673386,-73.9824050941092,Kentucky coffeetree
10604545,16,40.728821527285824,-73.98251687124191,Kentucky coffeetree
2114574,17,40.728719008741535,-73.98258349968035,Japanese pagoda tree
2114575,17,40.72877148490693,-73.98270779766658,Callery pear
10197176,17,40.728793021038186,-73.98275797198534,'Sterling' Silver linden
11804989,17,40.728897654576016,-73.98272372288066,American basswood
10197210,17,40.72894551983599,-73.98284327795284,Kentucky coffeetree
10196368,17,40.728991028647755,-73.98296780384823,'Exclamation' London planetree
10561774,17,40.7290370302749,-73.98307701748702,'Exclamation' London planetree
2123421,17,40.72907718343972,-73.98317234410816,pin oak
10196376,17,40.72915183836251,-73.9833009552757,horse chestnut
2114580,17,40.72904771346642,-73.98336209753894,Callery pear
204025,17,40.728945647148464,-73.9831165680411,Thornless honeylocust
2114578,17,40.72891346224287,-73.98304409639832,Thornless honeylocust
2114577,17,40.72887936674419,-73.98296333289255,Thornless honeylocust
2114486,17,40.72843960518756,-73.98352394149245,maidenhair tree
2114595,17,40.72831811486904,-73.9835001054634,maidenhair tree
2114596,17,40.728347578985804,-73.98357021562197,Thornless honeylocust
2114597,17,40.72838659861109,-73.9836630650981,maidenhair tree
2114487,17,40.72849676051178,-73.9836588528179,American basswood
2114488,17,40.72853976060939,-73.98376035250683,maidenhair tree
11797502,17,40.72844556339747,-73.98378843887134,Thornless honeylocust
2114599,17,40.7284826430726,-73.98389250392759,maidenhair tree
2114489,17,40.728590240262584,-73.98387950415552,maidenhair tree
2114490,17,40.728632707049705,-73.98397974371183,pin oak
2114600,18,40.72854448591916,-73.98404079719437,pin oak
15389720,18,40.728641967310764,-73.98425019056218,Unknown
11142890,18,40.72859704577029,-73.98442122036602,'Millstone' Japanese pagodatree
1856815,18,40.728469391705794,-73.98451845028677,littleleaf linden
2114604,18,40.72837814131149,-73.98457932771801,American basswood
2114605,18,40.72832088837154,-73.98462067870051,mulberry
2114664,18,40.72811974877486,-73.98457038185822,Chinese elm
2114666,18,40.728096835512886,-73.98453004025784,Green ash
2114665,18,40.72808282229673,-73.98448260694896,Green ash
2114656,18,40.72799327607368,-73.98456570124122,maidenhair tree
2114655,18,40.727962472353354,-73.98449244112233,eastern redbud
2114667,18,40.72799940456628,-73.98428432572204,Chinese elm
122436,18,40.72795313365426,-73.98417547230778,maidenhair tree
120830,18,40.727924126463456,-73.98410712482809,Callery pear
2114668,18,40.72787321595777,-73.98398438062254,Japanese pagoda tree
2114654,18,40.72775641421045,-73.98400235601089,Japanese pagoda tree
2114669,18,40.727810785183294,-73.98383598681897,Japanese pagoda tree
2114671,18,40.72769548663586,-73.98356193303606,maidenhair tree
2114672,18,40.72766440427995,-73.98348805215787,Japanese pagoda tree
262438,18,40.72755177759533,-73.9835147111946,Japanese pagoda tree
2114673,18,40.727588688817164,-73.98330808632052,Thornless honeylocust
2114652,18,40.72749830646878,-73.98338849161304,Thornless honeylocust
2114651,18,40.727458208935595,-73.98329312877195,maidenhair tree
2110887,19,40.71511174649539,-73.99008549365242,Chinese elm
2110886,19,40.714978222022324,-73.99015377193831,littleleaf linden
15208590,19,40.71491376069394,-73.99018673302022,'Greenspire' Littleleaf linden
2110884,19,40.71484827640484,-73.99022021874352,littleleaf linden
2116390,19,40.71451383550755,-73.99041337074516,northern red oak
2116391,19,40.71455053309244,-73.99053238858323,northern red oak
2116392,19,40.71459660981069,-73.99068182931568,Thornless honeylocust
15208591,19,40.71443751010639,-73.99064415446784,Kentucky coffeetree
14157382,19,40.71393726120597,-73.99064935593604,European hackberry
14157383,19,40.713946265540784,-73.99053497766567,common hackberry
14157384,19,40.713952585338006,-73.99043103134181,common hackberry
2146516,19,40.71429016589141,-73.99001447536658,American basswood
2146520,19,40.71420015163108,-73.98989209661612,London planetree
14103654,19,40.71432929548705,-73.98979465483862,Thornless honeylocust
14103651,19,40.71427674111603,-73.98963878644726,Thornless honeylocust
14103653,19,40.71420841640943,-73.98926256994862,Thornless honeylocust
14103655,19,40.71421439990119,-73.98918222790324,Thornless honeylocust
14103652,19,40.714219125243474,-73.98911919920882,Thornless honeylocust
5000025,19,40.71407783958406,-73.98903856121578,red maple
2145853,20,40.71408829536836,-73.98888309081346,Thornless honeylocust
2111046,20,40.714053145731995,-73.98875245847208,Japanese pagoda tree
2146523,20,40.714034146442515,-73.98860886836204,Siberian elm
2110867,20,40.71412624547991,-73.98848530170372,Thornless honeylocust
354237,20,40.71427920658558,-73.98838985742316,Japanese pagoda tree
4613514,20,40.71428648708256,-73.98831092180431,Siberian elm
2110868,20,40.71415821517029,-73.98808711190665,Thornless honeylocust
2111115,20,40.71429802107672,-73.98808495038955,Callery pear
2111114,20,40.714309248784,-73.98795230165383,Callery pear
2111113,20,40.714320050859385,-73.9878246707541,common hackberry
17666407,20,40.71420818225249,-73.98751368487628,Shumard's oak
2111112,20,40.714345780176295,-73.98752065186201,Callery pear
2111111,20,40.71435609749348,-73.98739875866228,sawtooth oak
1417715,20,40.71442766658181,-73.98724826716514,silver linden
1417714,20,40.71454329806225,-73.98725714064467,littleleaf linden
1417713,20,40.71464906604304,-73.98726525626347,American basswood
14399214,20,40.71471068689317,-73.98737263677262,'Exclamation' London planetree
1417712,20,40.71501449740891,-73.98724613858421,Hawthorn
2112523,20,40.71498024634778,-73.98705259370543,Callery pear
2112737,21,40.71795842897854,-73.98474001123476,Japanese pagoda tree
2112735,21,40.718119975388134,-73.98465499065185,littleleaf linden
2112734,21,40.71815437453574,-73.98463688769057,littleleaf linden
10202000,21,40.718108905133434,-73.98454164919167,'Bloodgood' London planetree
2121948,21,40.718001703996265,-73.98459736970895,London planetree
2121949,21,40.71793534202687,-73.98463186373773,London planetree
2121950,21,40.71785876967445,-73.9846716652066,London planetree
2121951,21,40.71778168670296,-73.98471173124489,London planetree
2112738,21,40.71782643865694,-73.98480947595883,Japanese pagoda tree
15132128,21,40.717753054196585,-73.98492355757054,'Bloodgood' London planetree
2112623,21,40.71763349710407,-73.98457023616912,Japanese pagoda tree
2112622,21,40.717601688904345,-73.98446496068091,Japanese pagoda tree
2112621,21,40.71757109742638,-73.98436370726186,Japanese pagoda tree
2112620,21,40.71754009853658,-73.9842611132811,London planetree
2112619,21,40.71751902752307,-73.98419137744425,Japanese pagoda tree
2121980,21,40.71756907581711,-73.98396722787103,London planetree
2121979,21,40.717648215817434,-73.98392615353565,London planetree
5241733,21,40.71762636831975,-73.98382565422317,'Skyline' Thornless honeylocust
5245332,21,40.71755553765755,-73.98385937732304,'Skyline' Thornless honeylocust
5422486,21,40.71748675930219,-73.983893367404,Thornless honeylocust
1110096,21,40.717417032066706,-73.98385228851534,London planetree
5227350,21,40.7173887745752,-73.9837655796464,'Skyline' Thornless honeylocust
2141243,22,40.71736179361043,-73.98367680305215,Thornless honeylocust
15143386,22,40.71726121167574,-73.98332429588066,'Espresso' Kentucky coffee tree
16153938,22,40.71754857346342,-73.98300936170142,sawtooth oak
2141246,22,40.71771020712387,-73.98377766058022,'Skyline' Thornless honeylocust
2121978,22,40.717728378151044,-73.98388454826542,London planetree
2121977,22,40.71778607338499,-73.98385460254495,London planetree
2141247,22,40.717811077686974,-73.98372542619981,Thornless honeylocust
2141248,22,40.7178621516409,-73.9836989788656,Thornless honeylocust
2141249,22,40.71792599464605,-73.9836659192649,Thornless honeylocust
2141250,22,40.71797196084874,-73.98364211628333,Thornless honeylocust
2141251,22,40.71803835684683,-73.98360773397381,Thornless honeylocust
2141252,22,40.71810219982428,-73.9835746741983,Thornless honeylocust
2121976,22,40.71816696555865,-73.98365690926072,maidenhair tree
5237332,22,40.71825454072491,-73.98361387507865,'Bloodgood' London planetree
2121975,22,40.71833239430751,-73.98357104760167,London planetree
2121974,22,40.718402853927984,-73.98353447551325,London planetree
5243332,22,40.718363979807044,-73.98344056526636,'Bloodgood' London planetree
5244532,22,40.71842552286219,-73.9834115318053,'Bloodgood' London planetree
2121942,22,40.71866709532711,-73.98358619460068,Japanese zelkova
5247332,22,40.718616169718,-73.98372296292254,'Bloodgood' London planetree
5242132,22,40.71864407605968,-73.9838131944877,'Bloodgood' London planetree
2121941,22,40.71875257982759,-73.98386607013323,Japanese zelkova
2121970,23,40.718676941722556,-73.98391946761792,Thornless honeylocust
2121969,23,40.718709601337494,-73.98402507276984,London planetree
2121940,23,40.71878591359252,-73.98397520677813,Japanese zelkova
1591575,23,40.71872857145026,-73.98418947169898,London planetree
1591976,23,40.71869176237904,-73.98420936431879,London planetree
4623251,23,40.71862959457643,-73.98427100123092,London planetree
2112733,23,40.71869405325857,-73.98435285439966,sweetgum
2112685,23,40.718834866439295,-73.9844214309347,sweetgum
12241020,23,40.718841390915706,-73.9844041977203,Siberian elm
2112684,23,40.7188929091103,-73.98461393474788,Callery pear
2121938,23,40.71900575583461,-73.98469498456633,Thornless honeylocust
14051131,23,40.718938081810954,-73.98509395247281,'Green Vase' Zelkova
2121905,23,40.71893092122462,-73.9852032636168,Callery pear
2121906,23,40.718839465606045,-73.98525049294628,Callery pear
2112788,23,40.71878826286831,-73.98516289314189,maidenhair tree
15688751,23,40.7187548615246,-73.98518582152049,common hackberry
2112787,23,40.71870961130626,-73.98520363291233,American basswood
14500052,23,40.71865751866105,-73.98523061551384,Kentucky coffeetree
2121907,23,40.71870465870177,-73.9853240308747,goldenrain tree
14052396,23,40.71854579966576,-73.98541124302584,Amur maackia
14500047,23,40.71846199979123,-73.98533864187579,Kentucky coffeetree
14500046,24,40.71839444919401,-73.98548030917017,'Green Vase' Zelkova
2121909,24,40.71834488891954,-73.98550590201093,Japanese zelkova
2121910,24,40.718201318701496,-73.9855800442672,Callery pear
92823,24,40.71818522952839,-73.9854775259179,Callery pear
2112785,24,40.718092661392575,-73.98552319512187,Thornless honeylocust
14500045,24,40.718023713507186,-73.98555890934917,'Mushashino' Zelkova
2145210,24,40.71736720634074,-73.98532802295024,American basswood
2120900,24,40.71737081032871,-73.98574498256104,Callery pear
4659121,24,40.71733561674736,-73.98577703723993,Callery pear
992715,24,40.71730093868637,-73.98576532438611,Callery pear
4699600,24,40.71730325132713,-73.98573905834738,dawn redwood
2120901,24,40.71728209834717,-73.98566975294072,dawn redwood
2120902,24,40.71722946713741,-73.98549732978185,pin oak
2120903,24,40.7171788813687,-73.985331602647,dawn redwood
2120904,24,40.71711521276448,-73.98512302227124,dawn redwood
2111006,24,40.71669061871024,-73.98534869398202,American basswood
2111005,24,40.71675554129011,-73.98556477101815,American basswood
16050479,24,40.716656873109216,-73.98561233655334,swamp white oak
16050477,24,40.716693792065556,-73.98571968648533,swamp white oak
2111129,24,40.7167572352978,-73.98595991171452,Thornless honeylocust
2111002,24,40.71687671456586,-73.98596807225896,maidenhair tree
13689534,25,40.71742322328504,-73.98598287302801,northern red oak
259207,25,40.71732440565612,-73.98583358546252,Callery pear
5617918,25,40.71728039788017,-73.98593051779238,pin oak
5617917,25,40.71719939525681,-73.98597594056686,pin oak
5617916,25,40.71711719826705,-73.98600414050483,pin oak
5617915,25,40.71704096082323,-73.98604643042957,pin oak
16164867,25,40.71703790548926,-73.98620239513157,Japanese zelkova
16164866,25,40.71713954431449,-73.98613869933389,Japanese zelkova
16164868,25,40.71720919621539,-73.98610698571959,Japanese zelkova
13436527,25,40.71764323975513,-73.98672527540423,Japanese zelkova
13436537,25,40.71757032876076,-73.98676112195727,Japanese zelkova
13640806,25,40.7176114151965,-73.98687305683451,Japanese zelkova
13640809,25,40.71737912320976,-73.98698818141003,Japanese zelkova
13640803,25,40.71726538049,-73.9872191462307,littleleaf linden
15528900,25,40.7171497112692,-73.98723052790072,Thornless honeylocust
15528902,25,40.71718382255888,-73.9873411710403,Thornless honeylocust
15528901,25,40.71722061577914,-73.98745869261829,Thornless honeylocust
15528904,25,40.717260112940316,-73.98758589364108,Thornless honeylocust
15528899,25,40.71729380753529,-73.98768524158959,Thornless honeylocust
15528903,25,40.717313472450904,-73.98776430741123,Thornless honeylocust
13640805,25,40.71741672954348,-73.98771936136323,littleleaf linden
13640811,26,40.71737442201959,-73.98756044925373,littleleaf linden
13640807,26,40.71732019944502,-73.98739371156357,littleleaf linden
13640810,26,40.717823039013155,-73.98759998773261,Japanese zelkova
13640801,26,40.71789574122947,-73.98756646803498,Japanese zelkova
14051148,26,40.718589638103616,-73.98733964818348,'Patriot' Elm
4611155,26,40.71893166388285,-73.98715507882935,American basswood
2146529,26,40.71897372661001,-73.98700604652726,Thornless honeylocust
2146530,26,40.719037561402246,-73.98697295572472,Thornless honeylocust
2118576,26,40.71907510513781,-73.98707442691797,Callery pear
2118575,26,40.71913487623688,-73.98704353598502,American basswood
2118574,26,40.719216617273624,-73.98700129289874,American basswood
2118573,26,40.71927996719469,-73.98696855379671,American elm
4611176,26,40.71924230709148,-73.98687038698823,American basswood
13884503,26,40.71943661638643,-73.98689347957294,'Princeton' American elm
2116246,26,40.71967874275975,-73.98691613751912,Thornless honeylocust
2116245,26,40.71971043540694,-73.98702069973415,Thornless honeylocust
2116294,26,40.71987906888765,-73.98739686214218,Green ash
17042428,26,40.71997002448824,-73.98734993424095,'Village Green' Zelkova
13807989,26,40.72003747597437,-73.98731513351457,'Village Green' Zelkova
2116222,26,40.72021401249012,-73.98745513582686,Japanese zelkova
15971230,26,40.720147535277846,-73.98748924712997,'Green Vase' Zelkova
2116220,27,40.72009051837022,-73.98751850370225,Japanese zelkova
2116218,27,40.719966768050135,-73.98758200366667,Japanese zelkova
14052397,27,40.719924640165175,-73.98769538867508,goldenrain tree
2110959,27,40.71993401689237,-73.98805319461749,Thornless honeylocust
2110977,27,40.72009616393714,-73.98858696941332,tree of heaven
4610197,27,40.72026901152731,-73.98819946125919,Japanese pagoda tree
2111054,27,40.7203944036093,-73.98813322011877,Thornless honeylocust
2111055,27,40.72046764195336,-73.98809608078065,Thornless honeylocust
6444899,27,40.72049271805379,-73.98820592427835,pin oak
6444898,27,40.72058518716748,-73.9881548232774,pin oak
10183661,27,40.72062999333662,-73.98801375037095,Hardy Rubber Tree
2111058,27,40.72068735462182,-73.98798466077366,American basswood
2111059,27,40.72073498567353,-73.98796050699391,Callery pear
10183662,27,40.72082409982809,-73.98791531574054,Hardy Rubber Tree
15218023,27,40.72104142471934,-73.98792655907387,Hardy Rubber Tree
2111118,27,40.721265603071586,-73.98803238506966,Callery pear
2111102,27,40.72132821424944,-73.98797012608503,Callery pear
2111103,27,40.72136004487824,-73.98807461921214,littleleaf linden
2111104,27,40.721397179157705,-73.98819652873841,English oak
15216730,27,40.72163800140865,-73.98750287923605,'Autumn Blaze' Red maple
15218020,27,40.721508554084146,-73.98757214643643,Honeylocust
15218022,28,40.7212192268737,-73.98757293618878,scarlet oak
15192701,28,40.7211992319824,-73.98751048260421,scarlet oak
17666416,28,40.72117923839317,-73.98744454847629,scarlet oak
2111066,28,40.72107374993316,-73.98741883043198,Thornless honeylocust
14051547,28,40.72069595113349,-73.98721210069371,'New Horizon' Elm
2116223,28,40.720814096628295,-73.98714721376551,swamp white oak
2116224,28,40.72089335728476,-73.98710654102356,swamp white oak
2116286,28,40.720794763305406,-73.98692440976089,Thornless honeylocust
13883296,28,40.72071811410854,-73.98696395778816,'Village Green' Zelkova
13883295,28,40.72061080658094,-73.98701932261855,'Village Green' Zelkova
15957971,28,40.720540290958304,-73.98705570585426,'Village Green' Zelkova
14108386,28,40.72034866867757,-73.98715457424521,'Village Green' Zelkova
2116260,28,40.720148514355785,-73.98651765687993,Callery pear
2116261,28,40.720224180516034,-73.98647877026026,Callery pear
2116311,28,40.720162253180376,-73.98639265649062,bur oak
15763357,28,40.7200927686932,-73.98642854464953,Oak
2116313,28,40.72002941435586,-73.98646126662737,bur oak
2116259,28,40.72002939152897,-73.98657887530834,maidenhair tree
2116258,28,40.719969062473524,-73.98660987766549,maidenhair tree
2116314,28,40.719904750373715,-73.98652565478086,Thornless honeylocust
2116315,28,40.7198332216924,-73.9865626005304,Thornless honeylocust
2116257,29,40.71983357837218,-73.98667950457029,Thornless honeylocust
12779103,29,40.71972114497702,-73.98662972824528,'Millstone' Japanese pagodatree
15216657,29,40.719585203682726,-73.98657370831057,'Sterling' Silver linden
2118609,29,40.719465028055986,-73.98649743678823,pin oak
2118753,29,40.71951314041896,-73.9863678017647,sweetgum
14495886,29,40.71937860581621,-73.98619794906968,'Skyline' Thornless honeylocust
2118754,29,40.71945591476053,-73.98617836309762,pin oak
2118755,29,40.719428972211375,-73.98608917541824,swamp white oak
2118816,29,40.71949594017078,-73.98588578522612,Japanese zelkova
10230950,29,40.719444318707396,-73.98579301565876,Japanese zelkova
10231347,29,40.719493753962155,-73.98576403834362,Japanese zelkova
10230554,29,40.71953812791059,-73.98574367349413,Japanese zelkova
2118815,29,40.71957822742594,-73.98584339983238,Japanese zelkova
14500009,29,40.719653203507605,-73.98568254207511,'Moraine' Sweetgum
12230460,29,40.71974906137368,-73.98562753234494,'Moraine' Sweetgum
2118814,29,40.71979629101885,-73.9857360544978,blackgum
2118813,29,40.71987211067173,-73.9856920189211,blackgum
12216779,29,40.719838403521145,-73.98558367112092,'Moraine' Sweetgum
14495892,29,40.71991137727786,-73.98554981746099,'Moraine' Sweetgum
12230459,29,40.719997265534985,-73.98550566366498,'Moraine' Sweetgum
2118812,29,40.720020330161816,-73.98561566893802,Japanese zelkova
2111078,30,40.71337484308982,-73.99070695050042,willow oak
2111079,30,40.71336718457286,-73.9907987436584,willow oak
12158992,30,40.71335910666007,-73.99089555758908,'Pacific Brilliance' Pin oak
3904838,30,40.713253428844006,-73.99096916353454,Thornless honeylocust
3904840,30,40.71323438798641,-73.99122514353823,Thornless honeylocust
2111081,30,40.71333942169245,-73.99113149499432,willow oak
4594456,30,40.71333739055589,-73.99126595566929,red maple
4599345,30,40.71333429371154,-73.99139720158014,maidenhair tree
2111084,30,40.713310580344015,-73.9914771553586,maidenhair tree
2111085,30,40.71330387932297,-73.99155747365438,maidenhair tree
3904842,30,40.713211773750885,-73.99149599740372,Thornless honeylocust
3904843,30,40.71319867989336,-73.9916416008336,Thornless honeylocust
2111086,30,40.71328963725157,-73.99172815176435,maidenhair tree
3904844,30,40.71317308839955,-73.99194611488166,Thornless honeylocust
15197092,30,40.71327395604962,-73.99203578295784,'Greenspire' Littleleaf linden
16153936,30,40.713261508936604,-73.99217474914963,'Greenspire' Littleleaf linden
3904846,30,40.713157019443855,-73.99214338284816,London planetree
12158998,30,40.71301920094146,-73.99227835634257,Hardy Rubber Tree
1447879,30,40.71286278878661,-73.99243042476772,Japanese pagoda tree
1447964,30,40.71283265253308,-73.99250165129492,Thornless honeylocust
1447881,30,40.71267090840506,-73.9924073481024,London planetree
2112531,31,40.71258287397741,-73.99265106353978,willow oak
2112532,31,40.712679430462316,-73.99266533941531,Thornless honeylocust
2112533,31,40.71277353035929,-73.99267925113021,Thornless honeylocust
2112534,31,40.712867904732185,-73.99269320343468,Thornless honeylocust
2112535,31,40.712963368439716,-73.99270731722994,Thornless honeylocust
13517145,31,40.7131898868407,-73.99303178029626,Amur maackia
16014654,31,40.71319038661646,-73.99294727637526,maidenhair tree
2112750,31,40.71319775759066,-73.9928568942909,maidenhair tree
2111147,31,40.71329174396563,-73.9927565417339,maidenhair tree
2111146,31,40.713362158014455,-73.99276642976533,maidenhair tree
2111145,31,40.71342929718935,-73.99277585825723,maidenhair tree
12158991,31,40.71349861903931,-73.9927855931424,'Magyar' Ginkgo
12158990,31,40.71356903308369,-73.99279548048366,'Magyar' Ginkgo
2111142,31,40.71364053875061,-73.99280552103362,maidenhair tree
1447989,31,40.71362207934048,-73.99261983770786,London planetree
1447987,31,40.71345711182035,-73.9926032531755,London planetree
12217065,31,40.713689650996,-73.99237724200574,'Espresso' Kentucky coffee tree
13804609,31,40.71397473772069,-73.99210275346609,'Patriot' Elm
12247143,31,40.713989614797356,-73.99188747722961,'Emerald Sunshine' Elm
2111092,31,40.71399496614836,-73.99175361529716,maidenhair tree
10580167,31,40.714018380103475,-73.99147103780624,dawn redwood
2112567,32,40.71602867941835,-73.9837813825694,maidenhair tree
2112566,32,40.71605037275773,-73.98381395440128,maidenhair tree
2112565,32,40.71598918121049,-73.98388755702986,maidenhair tree
2112564,32,40.715819809332395,-73.98399730973964,Norway maple
2112563,32,40.71574718606478,-73.98404436867648,Norway maple
2112562,32,40.71565708593388,-73.98410275258972,Callery pear
2112561,32,40.71557387622313,-73.98415667293497,American basswood
2112560,32,40.71548328201996,-73.9842153753055,Callery pear
2112559,32,40.715390618077336,-73.98422610412256,Callery pear
2037274,32,40.71531045863769,-73.98406944462222,maidenhair tree
2120899,32,40.715409655094106,-73.98397220455918,Japanese pagoda tree
2120898,32,40.715499929428596,-73.98392510094293,Thornless honeylocust
2120897,32,40.71558947148804,-73.98387980628466,Japanese pagoda tree
2120896,32,40.71573361128986,-73.9837565812608,Japanese pagoda tree
10554730,32,40.715830862179764,-73.98357532336676,Callery pear
2120894,32,40.71591554489884,-73.98363548601121,littleleaf linden
10558561,32,40.715926314487746,-73.98353006638395,Callery pear
3936025,32,40.71517226836709,-73.98381429765458,Callery pear
2112776,32,40.71513803124629,-73.98370322230753,Japanese pagoda tree
15543918,32,40.71510311430404,-73.98358141937341,Japanese pagoda tree
2143709,32,40.715170784222714,-73.98328426937728,Callery pear
2143710,32,40.715280403900366,-73.98322678619995,Callery pear
2143711,33,40.71539053529186,-73.98316903366097,Callery pear
2143712,33,40.715594480495916,-73.98306208520803,American basswood
2143713,33,40.71572296653828,-73.98299470797022,Japanese pagoda tree
5422487,33,40.71584686228343,-73.98292973576996,American basswood
2143714,33,40.71612218831039,-73.98278535348985,Callery pear
2143715,33,40.7161874501634,-73.98275112864354,Callery pear
2143716,33,40.71626189021985,-73.98271209157426,Callery pear
2143717,33,40.716322563515476,-73.98268027341868,Callery pear
5422488,33,40.716418889904965,-73.98283791622251,Thornless honeylocust
5422489,33,40.71645584030924,-73.98297412146381,Thornless honeylocust
5422490,33,40.71649159691258,-73.98309310434362,Thornless honeylocust
2120890,33,40.71630105485606,-73.98338227825177,Thornless honeylocust
2120891,33,40.71620596987728,-73.98344450809216,Thornless honeylocust
2120892,33,40.716119730168955,-73.98350094956828,Thornless honeylocust
5422491,33,40.716235753683414,-73.98365466753137,bald cypress
2116387,33,40.71625171340849,-73.98390283900237,maidenhair tree
2116388,33,40.71629261022359,-73.98403752546085,maidenhair tree
2116389,33,40.71633391534793,-73.98417354970803,maidenhair tree
2111135,33,40.71623765921418,-73.98424265895883,Japanese pagoda tree
2116394,33,40.71648504997444,-73.98441325490133,maidenhair tree
2116395,33,40.716555545920734,-73.98437680194725,maidenhair tree
2111050,34,40.716593833303506,-73.98449293686502,Thornless honeylocust
2111049,34,40.716518749006795,-73.98453372410653,Thornless honeylocust
2111010,34,40.71648859286322,-73.98467630687674,littleleaf linden
2111009,34,40.716511780323664,-73.98475347694527,American basswood
2111008,34,40.71653153928076,-73.98481923886273,maidenhair tree
16060769,34,40.7165918116127,-73.98485154172863,Siberian elm
2111131,34,40.71648766263039,-73.98506893569454,Thornless honeylocust
2111132,34,40.716442633163,-73.98492010385455,Japanese pagoda tree
2111133,34,40.71640693233025,-73.98480211283979,Callery pear
2111134,34,40.716360177133154,-73.98464758291621,Japanese pagoda tree
2111051,34,40.71675566908316,-73.98440502169926,Callery pear
2111052,34,40.71682567990245,-73.98436699123268,Thornless honeylocust
2116396,34,40.716773672106,-73.9842640080513,Thornless honeylocust
2120906,34,40.716721204284404,-73.98385098709781,Japanese pagoda tree
5422492,34,40.71672063873753,-73.98383460457411,sawtooth oak
2120907,34,40.71668753704321,-73.98374202908415,Callery pear
2120908,34,40.716658406312185,-73.98362731408325,Unknown
5422493,34,40.71665151051824,-73.98360211616132,sawtooth oak
2145208,34,40.71678846544717,-73.98351777093663,littleleaf linden
15197140,34,40.71704910722294,-73.98438681020062,common hackberry
2120905,34,40.71694788785888,-73.98446683859488,Callery pear
1865243,35,40.72485994780086,-73.98058836651586,Callery pear
4631447,35,40.724830885330014,-73.9805270274191,pin oak
2121699,35,40.724781467283364,-73.98040666558472,silver linden
661005,35,40.72475442821094,-73.98034085689075,'Crimson King' Norway maple
2121698,35,40.72471114543942,-73.98024260775705,Thornless honeylocust
2121697,35,40.72467313675111,-73.98015232738317,'Green leaf' Japanese flowering cherry
2110199,35,40.72461004371516,-73.9802575348714,apple
2060479,35,40.72455939246084,-73.98014007751539,Callery pear
2110200,35,40.724522505725645,-73.98005706073167,goldenrain tree
6505691,35,40.72449792616932,-73.97999626876273,Thornless honeylocust
2110201,35,40.724475740916475,-73.97994593491195,apple
2110202,35,40.72444305788722,-73.97986827311213,apple
2110203,35,40.724404529464074,-73.97977672173256,Callery pear
2110204,35,40.72437131544465,-73.97969779754057,Callery pear
10097970,35,40.72445318986292,-73.97962989831677,Callery pear
10097588,35,40.72441761138508,-73.97951956844594,Japanese pagoda tree
12163054,35,40.72436388175826,-73.97941777066548,European hornbeam
2121692,35,40.72431670101818,-73.97930570917141,maidenhair tree
2121691,35,40.72428606614012,-73.97923609781269,Callery pear
1098902,35,40.72420281040724,-73.97929754138858,littleleaf linden
6505692,36,40.72422322487838,-73.97935036321942,Callery pear
2110206,36,40.72429160157652,-73.9795083787484,littleleaf linden
2121696,36,40.72461878137734,-73.98002321871364,swamp white oak
2110197,36,40.72466412953728,-73.98039359554862,Norway maple
2110196,36,40.72468963692417,-73.98045421016053,Callery pear
2110195,36,40.724732416885224,-73.98055586665377,Norway maple
2110194,36,40.72475965064328,-73.98062058399955,Callery pear
259211,36,40.72478821546454,-73.98068806849074,Thornless honeylocust
2110193,36,40.72483179157933,-73.98079200999227,Callery pear
2110192,36,40.724865535137646,-73.98087219785198,Common linden
2121700,36,40.72491700219635,-73.98073158108082,London planetree
2121701,36,40.724965509274426,-73.98084680103985,Green ash
2121702,36,40.72500816932173,-73.98094813053105,Japanese zelkova
2121703,36,40.725038336890144,-73.98101978873952,Japanese zelkova
2110191,36,40.72493940213996,-73.98104772927609,Callery pear
13852130,36,40.72490856224028,-73.98123815547856,'New Horizon' Elm
2121668,36,40.72475756439763,-73.98134626338154,Thornless honeylocust
2121669,36,40.72472202466707,-73.98137286274132,Thornless honeylocust
2121670,36,40.72468648435801,-73.98139945981796,Thornless honeylocust
11142872,36,40.724447886396646,-73.98138763202874,'Emerald Avenue' European hornbeam
11142871,37,40.72440943388291,-73.98129480123865,'Emerald Avenue' European hornbeam
14051123,37,40.72432642453827,-73.98111693148371,'Green Vase' Zelkova
2121673,37,40.724293972851896,-73.98103992763542,Callery pear
2121674,37,40.72425992566893,-73.98095913541312,Callery pear
5248532,37,40.72422271382638,-73.98085349872062,'Red Rage' Black gum
2121667,37,40.724066468832824,-73.98078685802614,Thornless honeylocust
2121665,37,40.72396830178728,-73.98055396102245,Hawthorn
2121676,37,40.72405630381806,-73.98047596426574,Callery pear
2121678,37,40.72399671908653,-73.98033457893963,Callery pear
2121663,37,40.72389766790228,-73.98038638983617,English oak
2121679,37,40.72391997758119,-73.98015248404243,Thornless honeylocust
2121680,37,40.72387688493974,-73.98005023235987,Thornless honeylocust
2121661,37,40.723726870800135,-73.97998119137516,Japanese pagoda tree
2121660,37,40.72369268443556,-73.97990008775267,Japanese pagoda tree
2121659,37,40.72365517261482,-73.97981109706419,Thornless honeylocust
2121682,37,40.72370597852029,-73.9796447012043,Thornless honeylocust
2121683,37,40.72365876197688,-73.97953266847652,Thornless honeylocust
2121658,37,40.72358493751821,-73.97964447285597,Thornless honeylocust
2121657,37,40.723539045309664,-73.97953560194651,Thornless honeylocust
2121684,37,40.72362741285835,-73.97928338316025,Thornless honeylocust
2121685,38,40.72370053226538,-73.97923054544984,Thornless honeylocust
2121686,38,40.72376403024107,-73.97918465928359,Thornless honeylocust
2121687,38,40.72385783435923,-73.9791168728098,Thornless honeylocust
2121688,38,40.72393095311591,-73.9790640354858,Thornless honeylocust
1057223,38,40.72392042211979,-73.97885911127214,Thornless honeylocust
1057224,38,40.723861925935914,-73.97890763593867,maidenhair tree
138832,38,40.723780410215234,-73.97897100386389,Thornless honeylocust
1057226,38,40.72370610116718,-73.97902183399103,maidenhair tree
1057227,38,40.723637297548656,-73.97907225640627,maidenhair tree
6659430,38,40.72352065342235,-73.97909786729538,tree of heaven
2121646,38,40.72330580217542,-73.9786790280562,pin oak
2121645,38,40.72327183513194,-73.97859839830393,pin oak
2121644,38,40.72323076842519,-73.9785125367375,pin oak
2121643,38,40.7232056885597,-73.97844105207894,bur oak
2121642,38,40.72316218603775,-73.97833537165342,pin oak
2121641,38,40.7231311998805,-73.97826491800862,pin oak
2110114,38,40.72301342222197,-73.97828868755344,Green ash
2110115,38,40.72297927476214,-73.97820796897194,Green ash
11537348,38,40.72294486179929,-73.9781266207171,'Millstone' Japanese pagodatree
2110117,38,40.72291178173139,-73.97804842583116,Green ash
2110118,39,40.7228795019548,-73.97797212254096,Green ash
2121637,39,40.72295610682798,-73.977860862232,London planetree
2121638,39,40.72301110324226,-73.97792062425934,London planetree
2121639,39,40.72302873010513,-73.97803316808465,London planetree
2121640,39,40.72306344467871,-73.97811553471836,London planetree
2110113,39,40.72307984799387,-73.97844570914155,Green ash
2110112,39,40.72311372755495,-73.97852579670493,Green ash
15971253,39,40.72314814195057,-73.97860714612308,Ash
2110110,39,40.723180820613734,-73.97868439542054,Green ash
12216774,39,40.7232153212097,-73.9787655668444,'Espresso' Kentucky coffee tree
14177511,39,40.72324724584451,-73.97884141779745,Japanese pagoda tree
13734226,39,40.7232807258229,-73.97892056036828,Kentucky coffeetree
2110107,39,40.723314204031276,-73.97899970301917,Green ash
2110106,39,40.72334781776463,-73.97907915987892,Thornless honeylocust
2110105,39,40.72338663269732,-73.97917091450313,Thornless honeylocust
13851729,39,40.72331887745213,-73.979305480864,pin oak
6477336,39,40.72323209795335,-73.97936936201098,pin oak
4599659,39,40.72320235619596,-73.97960033290718,Thornless honeylocust
4599678,39,40.72316304753782,-73.97962774771811,Thornless honeylocust
2110037,39,40.72307135002056,-73.9796907985204,Thornless honeylocust
2114660,40,40.731142863432744,-73.98438576531326,silver linden
2114771,40,40.73113839924295,-73.9840853205229,littleleaf linden
12734773,40,40.73106646547683,-73.9842013955696,silver linden
2114659,40,40.7310126167496,-73.98407638586241,Japanese zelkova
15320098,40,40.731059583823914,-73.98389770440019,Hardy Rubber Tree
2114658,40,40.73088768440075,-73.983779635511,Callery pear
2114773,40,40.73096723646811,-73.98367786994227,Thornless honeylocust
10196377,40,40.73092769632736,-73.98358374437379,Hardy Rubber Tree
2128070,40,40.731501020367375,-73.98317307755558,maidenhair tree
2128069,40,40.731547154945,-73.98328178651558,maidenhair tree
15936549,40,40.7318669722025,-73.98401984603409,chinkapin oak
2128066,40,40.7319286633418,-73.98418076659661,maidenhair tree
2128065,40,40.73195393583109,-73.98424032114937,maidenhair tree
2128064,40,40.73199873204576,-73.98434588075396,maidenhair tree
2120464,40,40.73178058567647,-73.98521898787158,Thornless honeylocust
2120465,40,40.73124639413113,-73.98560782515753,Callery pear
2120466,40,40.73118509728676,-73.98565223806067,Callery pear
2121043,40,40.73121474232249,-73.98588796133035,Thornless honeylocust
2121044,40,40.7313406798941,-73.98579664550171,Thornless honeylocust
2121045,41,40.73148896969098,-73.98568912240772,American elm
2121046,41,40.731575491417054,-73.98562638421619,American elm
13519404,41,40.73173416586185,-73.98579363750969,Thornless honeylocust
13519405,41,40.73176515341569,-73.98586206663637,Thornless honeylocust
13765181,41,40.73186033607214,-73.98579464871324,'Kwanzan' Flowering cherry
2128038,41,40.7319499056942,-73.98600702144972,sugar maple
12725604,41,40.73197322933393,-73.9860548753344,littleleaf linden
12725605,41,40.731983428312766,-73.9860779084421,sugar maple
12725603,41,40.73199511333487,-73.98610466594485,sugar maple
2128039,41,40.73204480068551,-73.98623201704612,Callery pear
2128040,41,40.73207820521505,-73.98631122415753,Callery pear
13359146,41,40.731998224114804,-73.98641182472676,red maple
3762796,41,40.73204369451472,-73.98651977990647,'Not Green leaf' Japanese flowering cherry
3732876,41,40.73207613506892,-73.98659680289744,Callery pear
3757467,41,40.73211017139826,-73.9866776127403,Callery pear
2128043,41,40.73226080435029,-73.98674417793345,littleleaf linden
2128044,41,40.73229447621242,-73.9868240169404,littleleaf linden
10640581,41,40.73236780722621,-73.98699789306079,'Sterling' Silver linden
2128046,41,40.732400945830314,-73.9870764688038,littleleaf linden
15347448,42,40.73231775317182,-73.98715562782427,eastern redbud
3726438,42,40.73238963767803,-73.98734113885143,goldenrain tree
5243336,42,40.73251633309527,-73.98735006540338,pin oak
15713904,42,40.73265927735254,-73.98747842548757,Callery pear
2128050,42,40.73270558968652,-73.98744461826713,Japanese zelkova
2128051,42,40.73279197679695,-73.98738155874995,Callery pear
11185840,42,40.73294915338898,-73.98726682619079,'Regent' Japanese pagodatree
11142607,42,40.73302426094541,-73.98721199892313,'Sterling' Silver linden
2128054,42,40.73301993470409,-73.98676816829223,Japanese pagoda tree
2128055,42,40.73285732990745,-73.98638210865437,Japanese pagoda tree
165314,42,40.732795710239046,-73.98623358557403,American elm
2128056,42,40.732757878162694,-73.9861459932041,Japanese pagoda tree
2128057,42,40.732719587014955,-73.98605508221624,Japanese pagoda tree
2128058,42,40.732676640945606,-73.98595312213774,Japanese pagoda tree
2128059,42,40.732529323948256,-73.98560336930203,Japanese pagoda tree
2128060,42,40.73248358614284,-73.98549478258214,Japanese pagoda tree
2128061,42,40.732437448981386,-73.98538524819266,Japanese pagoda tree
2128062,42,40.73240939540801,-73.98531864385336,Japanese pagoda tree
2121458,43,40.714949708071046,-73.9779610161105,London planetree
11139388,43,40.71504089879062,-73.97826196345399,'Espresso' Kentucky coffee tree
2121461,43,40.71510670292172,-73.97847912817531,London planetree
2121462,43,40.7151523992628,-73.97862993646883,pin oak
2121463,43,40.715192206597024,-73.97876130889685,pin oak
2121464,43,40.715232215186255,-73.97889335026714,pin oak
2121465,43,40.71525800806939,-73.97897847460473,pin oak
6418425,43,40.71520683168304,-73.97920024271113,red maple
2147416,43,40.71511621204988,-73.97924662816754,Callery pear
6418424,43,40.714990035330466,-73.97931303734002,red maple
2121469,43,40.71508084155548,-73.97955202523839,Thornless honeylocust
2121468,43,40.7151620321047,-73.97950992074509,London planetree
2121467,43,40.71523505315471,-73.9794720527065,London planetree
2121466,43,40.7153162442447,-73.97942994726668,London planetree
4929848,43,40.71540346265382,-73.97949518065462,London planetree
4928383,43,40.71543802433506,-73.97960783237252,London planetree
2137218,43,40.71546407106628,-73.97974765870117,bald cypress
2137217,43,40.71548763977506,-73.97982462660191,bald cypress
2137216,43,40.71552965400451,-73.97996183152951,bald cypress
2121472,43,40.71562078652022,-73.98026069351515,bald cypress
2121471,43,40.71565250981542,-73.98036523416765,bald cypress
2121470,43,40.715673558499645,-73.98043459259186,bald cypress
2137213,43,40.715224005132725,-73.98021463864386,Japanese pagoda tree
2137214,44,40.71533096789017,-73.98015813414693,bald cypress
6418423,44,40.714755744141975,-73.97942736370473,pin oak
2147418,44,40.714376882306304,-73.97963226910089,Callery pear
6418422,44,40.71410849906822,-73.97977225846812,Callery pear
2123383,44,40.71393552748075,-73.97958027007013,London planetree
2116215,44,40.71384405455534,-73.97983473353116,swamp white oak
2116204,44,40.71370923155417,-73.97993436443402,English oak
2116203,44,40.713697469427935,-73.98004147080262,swamp white oak
15197137,44,40.71354008708664,-73.98039083318753,'Greenspire' Littleleaf linden
15197136,44,40.71353177061686,-73.98052313062013,'Greenspire' Littleleaf linden
15197135,44,40.71351905404457,-73.9806093016852,'Greenspire' Littleleaf linden
2116202,44,40.71364211039601,-73.98054558319703,swamp white oak
2116217,44,40.71401040568105,-73.98038915724868,swamp white oak
2116216,44,40.713964850106656,-73.98023885905846,swamp white oak
2121484,44,40.71412382598057,-73.98016493613596,London planetree
2121483,44,40.71415214602165,-73.98026038145598,London planetree
2121482,44,40.714178473168765,-73.98034910448955,Callery pear
2121481,44,40.7142103838867,-73.98045664738146,American sycamore
2121480,44,40.714241696606244,-73.9805621742635,London planetree
2121479,44,40.71426941842111,-73.98065560230357,London planetree
2121478,44,40.71436016432184,-73.98096142916427,Callery pear
6423227,44,40.714438748902225,-73.98121067931743,Callery pear
2121477,44,40.71448162235751,-73.98137076987743,London planetree
1791191,45,40.718536400020746,-73.98626196716624,littleleaf linden
2112656,45,40.71847409691001,-73.98629138299451,'Green leaf' Japanese flowering cherry
13614509,45,40.71850597418614,-73.98640018023971,Japanese pagoda tree
14051552,45,40.71844464890035,-73.98643964022015,'Autumn Blaze' Freeman maple
13883276,45,40.71840925921364,-73.98644924473585,'Autumn Blaze' Freeman maple
14051970,45,40.71833686122914,-73.98648500246426,'Autumn Blaze' Freeman maple
14051535,45,40.71813344555885,-73.98628356706107,common hackberry
2147404,45,40.71812255953807,-73.98686547900625,Japanese zelkova
2147402,45,40.71819198882215,-73.98706254483726,American elm
2147401,45,40.71822105134515,-73.98714503754533,American elm
2147399,45,40.71827617891232,-73.98730151244195,American elm
2124501,45,40.71836865557174,-73.98760571149498,American elm
2124500,45,40.71839701038985,-73.98769920750418,American elm
2124499,45,40.718437760905964,-73.98783358575288,Green ash
2124498,45,40.71845646093448,-73.98789524494582,American elm
2124497,45,40.71848024105872,-73.98797365987012,American elm
2110928,45,40.71848952783504,-73.98857205490499,Thornless honeylocust
2110930,45,40.71853671723203,-73.9887298549364,Japanese pagoda tree
2110931,45,40.71855800121165,-73.98880103321281,Thornless honeylocust
2110932,45,40.71859876435029,-73.98893734470244,Kentucky coffeetree
1445854,45,40.71875723820877,-73.98888999444338,American elm
2110946,45,40.718871146861225,-73.98873684122486,Thornless honeylocust
2110947,46,40.718845740536395,-73.98865384210136,Thornless honeylocust
1445856,46,40.71869218648627,-73.98867514250648,American elm
1445857,46,40.71866072699141,-73.98857123566654,American elm
1445859,46,40.718614652430865,-73.98841906364807,Japanese zelkova
13804611,46,40.718888632250106,-73.988140204887,'Patriot' Elm
13807462,46,40.71896493700228,-73.98810010696452,'Patriot' Elm
12382238,46,40.71914837233051,-73.98777448111706,'Espresso' Kentucky coffee tree
2116234,46,40.719367018100755,-73.98766145185442,Thornless honeylocust
2116235,46,40.71949728800769,-73.98759411015222,Thornless honeylocust
14022440,46,40.71957852965642,-73.98854522369832,common hackberry
14022439,46,40.719473928878294,-73.98858839045182,common hackberry
14022438,46,40.719409961719165,-73.98862335359279,common hackberry
13842550,46,40.71936274760186,-73.98877222062178,'New Horizon' Elm
2111015,46,40.71926638169621,-73.98882241334765,Thornless honeylocust
2111014,46,40.71920856734731,-73.98885195862837,Thornless honeylocust
2111013,46,40.71915279887891,-73.98888045884796,Thornless honeylocust
4609924,46,40.71910231496507,-73.98879424310158,Japanese pagoda tree
5280653,46,40.71902667186228,-73.98883731411874,Japanese pagoda tree
2110876,46,40.718738259643544,-73.98939651890058,Thornless honeylocust
2110875,46,40.71879467124433,-73.98958366466819,Thornless honeylocust
2110874,46,40.718825202090116,-73.98968495166127,Thornless honeylocust
2147389,46,40.71898214015119,-73.98962927073242,American basswood
2147390,47,40.71895189994217,-73.98953016149527,American basswood
2147391,47,40.718922068625446,-73.98943239155862,American basswood
2147392,47,40.718895915747666,-73.9893466768498,American basswood
2147394,47,40.718840544445534,-73.98916519982043,Siberian elm
2110996,47,40.71898577390011,-73.98911907487913,Thornless honeylocust
2110995,47,40.71901167471188,-73.98920414556945,Thornless honeylocust
2110994,47,40.71903594640478,-73.98928385872524,Thornless honeylocust
2110993,47,40.71905430071761,-73.98934414583535,Thornless honeylocust
2110992,47,40.719105288566034,-73.98951160845014,Thornless honeylocust
13841740,47,40.71928870842984,-73.9895701420186,'Autumn Blaze' Freeman maple
13841739,47,40.71937448010618,-73.9895348998513,'Autumn Blaze' Freeman maple
13841738,47,40.719562087299856,-73.98954786494687,'New Horizon' Elm
13841737,47,40.719905804239225,-73.98926084712748,'New Horizon' Elm
2110981,47,40.72001589179213,-73.98919798913272,maidenhair tree
2116118,47,40.72043860961761,-73.98909848805302,maidenhair tree
2116329,47,40.72040209006403,-73.98900266831893,maidenhair tree
2116330,47,40.7204732118702,-73.98896633446765,maidenhair tree
2116119,47,40.72066056973019,-73.98898470506329,maidenhair tree
2116331,47,40.72072034179712,-73.98884007734199,maidenhair tree
2116120,47,40.72082115823755,-73.98890238138307,maidenhair tree
2116332,47,40.720803741159955,-73.9887974699084,Chinese elm
2116333,47,40.720880490515874,-73.9887582583751,Callery pear
2116121,48,40.72092446641438,-73.98884942212919,maidenhair tree
2116122,48,40.72110551139754,-73.9887566112819,Callery pear
2116334,48,40.72112455137261,-73.98863356878215,maidenhair tree
15216683,48,40.721208974168775,-73.98859043605135,'Harvest Gold' Mongolian linden
10183265,48,40.72125587144712,-73.98867952903453,Hardy Rubber Tree
13841736,48,40.72119802426699,-73.98871195614495,Hardy Rubber Tree
2116337,48,40.72136802183811,-73.98904133280824,Japanese zelkova
2116338,48,40.72123856756749,-73.98910745061185,littleleaf linden
2116339,48,40.721043104973845,-73.9892072782885,littleleaf linden
2116340,48,40.72098119246606,-73.98923889979916,Callery pear
2116341,48,40.72090034658841,-73.98928018811218,Callery pear
2116342,48,40.720818989508224,-73.98932174021111,Callery pear
2116343,48,40.72066855580315,-73.98939856948917,Callery pear
2116344,48,40.720576197284146,-73.98944573957071,Callery pear
1442333,48,40.72060289987632,-73.98962922145657,London planetree
2123452,48,40.72065538497222,-73.98966915509934,London planetree
1442332,48,40.72071145917201,-73.98957311206797,London planetree
2123453,48,40.720752317958244,-73.98961952689855,London planetree
1442331,48,40.7208072473337,-73.98952360411833,scarlet oak
2123454,48,40.720850528318955,-73.9895692459828,London planetree
1442330,48,40.72090380282534,-73.98947369907106,London planetree
2123455,49,40.72094822746865,-73.9895192235428,London planetree
1442329,49,40.7210011233592,-73.98942339767461,London planetree
2123456,49,40.72104746130134,-73.9894684183174,London planetree
1442328,49,40.72110431966068,-73.98937006105741,London planetree
1442327,49,40.72120240635509,-73.98931936390274,London planetree
2123457,49,40.721220864714674,-73.98937963793412,London planetree
2123458,49,40.72130833203107,-73.98933485436808,London planetree
1442326,49,40.721291042362104,-73.98927355116311,London planetree
1442325,49,40.72137942275655,-73.98922787062196,London planetree
2123459,49,40.72141498370608,-73.98928025114203,London planetree
1442324,49,40.72145886308663,-73.9891868114105,London planetree
2123460,49,40.721521633637884,-73.9892256447352,London planetree
2116252,49,40.721491017879316,-73.98943256970378,Thornless honeylocust
2116253,49,40.72155703995286,-73.98939891368262,Japanese pagoda tree
2116254,49,40.72162204021337,-73.98936577860823,Thornless honeylocust
2125489,49,40.721705653176095,-73.98949861686825,Thornless honeylocust
2125488,49,40.72173135857423,-73.98958223838655,Thornless honeylocust
2125487,49,40.72175397858836,-73.98965582823212,Thornless honeylocust
2125486,49,40.72178173960631,-73.98974614246174,littleleaf linden
2125485,49,40.72180744368086,-73.98982976492276,Thornless honeylocust
2118829,49,40.72217039905313,-73.98996614716674,London planetree
2114690,50,40.7285223305934,-73.98012682246258,Thornless honeylocust
2114689,50,40.72848143861722,-73.98003937764669,littleleaf linden
2114688,50,40.72844741419326,-73.97995856281175,Chinese elm
2121532,50,40.728557671377764,-73.9799604877426,pin oak
2121533,50,40.728595142463746,-73.98004951589256,pin oak
2121534,50,40.728618262813654,-73.98010444830116,Thornless honeylocust
229783,50,40.72866727050881,-73.98019113098837,Hardy Rubber Tree
2114692,50,40.72858935854,-73.9802957102108,maidenhair tree
11537805,50,40.72873346658959,-73.980378162428,'Sterling' Silver linden
2114693,50,40.72865049471768,-73.98044092326018,northern red oak
2114694,50,40.72868265733855,-73.98051731857475,northern red oak
2114695,50,40.72872545208585,-73.98061896841713,Thornless honeylocust
2121537,50,40.728862488209494,-73.98068471167929,maidenhair tree
2114696,50,40.7288014737638,-73.98079953927537,Thornless honeylocust
2121538,50,40.728921883152076,-73.98082583333685,Thornless honeylocust
6460467,50,40.72896579394948,-73.98091097297416,Thornless honeylocust
2121540,50,40.72899934836213,-73.98100988779596,Turkish hazelnut
2121541,50,40.72903655320473,-73.98109828730053,Green ash
2114698,50,40.72891258172736,-73.98106345173346,Hardy Rubber Tree
239376,50,40.72888599074153,-73.98099391779974,Japanese pagoda tree
2114729,51,40.72920254207624,-73.98111777019781,black locust
2114730,51,40.72925491835383,-73.98107974244915,English oak
2114708,51,40.72930652230173,-73.98127016681667,black oak
2114707,51,40.72936078426294,-73.98123065554213,Shumard's oak
2114706,51,40.729427051944,-73.98118240032633,white oak
2114705,51,40.72947363061796,-73.9811484828046,black oak
2114704,51,40.729537498033075,-73.98110197650733,black oak
2114703,51,40.72961576966682,-73.98104498086809,black oak
2114732,51,40.72950575438093,-73.98089762561709,maidenhair tree
2114731,51,40.729396674319005,-73.98097682186031,Japanese zelkova
2121497,51,40.72948954931474,-73.9804605535737,pin oak
16293532,51,40.72952314657414,-73.98054002906154,sawtooth oak
231358,51,40.7295882747105,-73.9806738214687,Green ash
314188,51,40.72967631499833,-73.9806157798631,Green ash
308592,51,40.72963752968784,-73.98052648799876,Green ash
461110,51,40.72959760448293,-73.98042940918992,Green ash
457511,51,40.729561343667854,-73.98035038470924,Green ash
460310,51,40.72952188721607,-73.98025667724946,Green ash
2121498,51,40.729412755535286,-73.9802788930394,Hardy Rubber Tree
2121499,51,40.72938582484369,-73.98021518673787,Green ash
2122940,52,40.72946109142844,-73.98010704025657,Thornless honeylocust
205964,52,40.7293929848435,-73.97994523610757,Japanese pagoda tree
2121501,52,40.72933089589412,-73.98008524973218,Green ash
2121502,52,40.72929809805852,-73.98000766642772,pin oak
2121503,52,40.72925836794621,-73.97991368300745,littleleaf linden
2122941,52,40.72933306377926,-73.97980347697603,Thornless honeylocust
2122942,52,40.72930724546005,-73.97974225939922,Thornless honeylocust
2122943,52,40.72928408891924,-73.97968735286787,Thornless honeylocust
2122944,52,40.72923378160368,-73.97956807381223,Thornless honeylocust
2121505,52,40.72910957856176,-73.97956171967195,pin oak
2121506,52,40.7290634478159,-73.97945259933212,pin oak
12745417,52,40.729035072459844,-73.97939971896726,Japanese pagoda tree
12745418,52,40.72900693313318,-73.9793175557177,Japanese pagoda tree
2121507,52,40.728976253392,-73.97924634367074,pin oak
2121508,52,40.72893865533016,-73.97915740570326,northern red oak
2121509,52,40.728905857439564,-73.97907982406362,Thornless honeylocust
2122945,52,40.72901485409455,-73.9790489923679,Thornless honeylocust
1178907,52,40.7291200247115,-73.97929960299984,Callery pear
482309,52,40.72915042519687,-73.97936666307054,Callery pear
2121504,52,40.729182373616574,-73.97973391620334,Green ash
2112574,53,40.71048459004122,-73.99672511430518,Japanese zelkova
2112570,53,40.711022352254595,-73.99686046642196,London planetree
2112569,53,40.71112188384936,-73.99688966759746,maidenhair tree
2112568,53,40.71123326318209,-73.99692240022523,London planetree
13845930,53,40.71125582792662,-73.99700683897876,'Exclamation' London planetree
2143647,53,40.711238695492156,-73.99712004883185,London planetree
2143648,53,40.71122279446245,-73.99722511939675,American basswood
2143649,53,40.71120550172664,-73.99733939022029,London planetree
2143650,53,40.71118852962442,-73.99745153731729,London planetree
2143651,53,40.71112030013526,-73.99807803855875,Unknown
10844894,53,40.71049525258676,-73.99762173851097,maidenhair tree
4999389,53,40.71049099675585,-73.9973214587878,cherry plum
4999390,53,40.71038377926872,-73.99728858516517,cherry plum
6423229,53,40.71001221199503,-73.99713976970693,pin oak
6423230,53,40.70996634663869,-73.99712489884779,pin oak
6423231,53,40.70991090749261,-73.9970987505743,pin oak
6423232,53,40.709832281197926,-73.99708779552823,pin oak
2143652,53,40.70972783429703,-73.99693000155257,pin oak
2143653,53,40.70975751389772,-73.99672740213435,pin oak
2143654,53,40.70977240473231,-73.99662574841997,pin oak
2143655,53,40.70978615434827,-73.99653188730265,pin oak
13846307,53,40.70996124099603,-73.9965110929077,'Exclamation' London planetree
2112579,53,40.7100214964582,-73.99652715290148,London planetree
2112578,53,40.71008282924554,-73.9965434984224,London planetree
2112577,54,40.71014416088649,-73.99655984547637,London planetree
2112576,54,40.710265640255216,-73.9966629101957,Callery pear
2112683,54,40.710350314278216,-73.99640956070472,Thornless honeylocust
2112682,54,40.71044715259334,-73.99643538323504,Thornless honeylocust
2112681,54,40.71054668079075,-73.99646192259334,Thornless honeylocust
2112680,54,40.71064082920246,-73.99648702701785,maidenhair tree
2112679,54,40.710732286574874,-73.9965114162593,maidenhair tree
2112572,54,40.710732757145166,-73.99678491347808,Japanese zelkova
2112571,54,40.71082076919703,-73.99680902678726,London planetree
11137697,54,40.710819301562964,-73.99673607678069,common hackberry
2112678,54,40.7109340322366,-73.99656521302207,maidenhair tree
2112677,54,40.7110174199237,-73.99658744843119,maidenhair tree
2112676,54,40.71109811828916,-73.99660896788244,maidenhair tree
2112675,54,40.71122454646195,-73.99664268069206,Thornless honeylocust
2112410,54,40.71134973754009,-73.99643940794576,Thornless honeylocust
2112409,54,40.71135828659059,-73.99633831193404,Thornless honeylocust
2112408,54,40.71137041150189,-73.99619491155939,Thornless honeylocust
2112407,54,40.711382536806376,-73.99605151113252,Thornless honeylocust
1960459,54,40.71148284321224,-73.99604106797382,Thornless honeylocust
12158985,54,40.71150861991012,-73.99582911849113,Amur maackia
2112406,54,40.71139635839482,-73.995888034958,Thornless honeylocust
2112405,54,40.71140375465871,-73.99580056232652,Thornless honeylocust
2112404,54,40.71141351545324,-73.9956851249654,Thornless honeylocust
2112403,54,40.711430377228396,-73.99548569045105,Thornless honeylocust
2112402,55,40.71144250164926,-73.99534228976611,Thornless honeylocust
2112655,55,40.71153605456882,-73.99542752670534,Thornless honeylocust
2112654,55,40.71154891928678,-73.99528060507278,Thornless honeylocust
2112401,55,40.711455534645,-73.99518813538073,Thornless honeylocust
2112400,55,40.711464627842396,-73.9950805846029,Thornless honeylocust
2112399,55,40.71147675118675,-73.99493718377063,Thornless honeylocust
2112653,55,40.71158971042921,-73.99481475994443,Thornless honeylocust
2112398,55,40.71148905666748,-73.9947916314029,Thornless honeylocust
2112397,55,40.71149669442017,-73.9947012901335,Thornless honeylocust
2112652,55,40.71160414433826,-73.99464992053204,Thornless honeylocust
2112651,55,40.71161261539797,-73.9945531681886,Thornless honeylocust
2112650,55,40.71162265631662,-73.9944384982673,Thornless honeylocust
2112396,55,40.71151869799804,-73.9944410168643,Thornless honeylocust
11138956,55,40.711078967810415,-73.99408871750268,paperbark maple
11139400,55,40.71108524287306,-73.99413048059415,'Moraine' Sweetgum
11139402,55,40.71114827699798,-73.99409859619031,paperbark maple
11139399,55,40.7111585084527,-73.99413908448528,'Moraine' Sweetgum
11139401,55,40.71121376807745,-73.99410792966836,paperbark maple
11139398,55,40.71122641340578,-73.99415238630945,'Moraine' Sweetgum
2112593,55,40.71131301258327,-73.9941565433684,black oak
2112594,55,40.7113861433002,-73.99416696739586,Shumard's oak
2112354,55,40.711394220846174,-73.99430277356983,maidenhair tree
2112353,55,40.711324927679065,-73.9942926857229,maidenhair tree
2112352,55,40.71126218138778,-73.99428355095223,London planetree
2112351,56,40.71119343317146,-73.99427354275427,Chinese elm
2112350,56,40.711114318825835,-73.99426202426405,maidenhair tree
2112349,56,40.710999740746416,-73.9942453432679,Japanese zelkova
2112348,56,40.71092881042241,-73.99423501821829,maidenhair tree
2112347,56,40.71084205871279,-73.99422238755965,maidenhair tree
2112585,56,40.71087867645286,-73.9940601712607,London planetree
2112583,56,40.71078098677811,-73.99404624779194,London planetree
2112582,56,40.71067674850614,-73.99403139087988,maidenhair tree
15936511,56,40.71070074358156,-73.99420181493348,Oak
2112814,56,40.71053573735857,-73.99455988934812,Callery pear
2143665,56,40.71039818175775,-73.99458185677295,London planetree
2143664,56,40.71037733957252,-73.99469849124799,London planetree
2143663,56,40.71036162290784,-73.99483599933403,London planetree
10204930,56,40.71034227906859,-73.99496223646895,bur oak
2143661,56,40.71032282647404,-73.99508917840868,London planetree
2112817,56,40.71045881838957,-73.99505759646277,Callery pear
2112816,56,40.710483074673725,-73.9949006495015,Callery pear
2112815,56,40.71050722041372,-73.9947444088096,Callery pear
2112719,56,40.7103236406818,-73.99401253754301,Green ash
2112720,56,40.7102537162359,-73.99400344364635,Green ash
2112721,56,40.710116598397335,-73.99398560960076,Green ash
2112722,56,40.71004831395424,-73.99397672827486,Green ash
2112723,56,40.709978935600105,-73.99396770504087,Green ash
2112724,56,40.70991119667972,-73.99395889509051,Green ash
2112725,57,40.70977407882819,-73.99394106273111,Green ash
2112726,57,40.70970579437864,-73.99393218224793,Green ash
2112762,57,40.70961227698986,-73.99373154392121,Green ash
2112763,57,40.70963059011348,-73.9936244511685,Green ash
2112764,57,40.70966412048691,-73.99339535320571,Green ash
2112765,57,40.709677749992004,-73.99330697569225,Green ash
2112766,57,40.70969137771372,-73.99321859739133,Green ash
2112767,57,40.70971885244916,-73.99304042867664,Green ash
2112768,57,40.709732373077976,-73.99295275664471,Green ash
2112769,57,40.70974611027433,-73.99286367182042,Green ash
2112770,57,40.7097731477651,-73.99268832983228,Green ash
2112771,57,40.70978699335812,-73.99259853701685,Green ash
2112772,57,40.709801166971,-73.99250662427364,Green ash
2112773,57,40.709814252134045,-73.9924031241823,Japanese zelkova
2149098,57,40.709877492329845,-73.9919040024807,Japanese pagoda tree
2149097,57,40.70991405006804,-73.99190907487673,Japanese pagoda tree
2149096,57,40.70996537406431,-73.99188174193141,Japanese pagoda tree
2149094,57,40.710027062639476,-73.99189030478763,Kentucky coffeetree
2149092,57,40.71007237511255,-73.99189659198161,'Green leaf' Japanese flowering cherry
2149090,57,40.710187016393384,-73.99191250446694,Kentucky coffeetree
12158983,57,40.71012138716627,-73.99174804752386,swamp white oak
12158982,57,40.71006175587067,-73.99173754727454,swamp white oak
12158980,57,40.70999579916681,-73.9917288242731,swamp white oak
2110980,58,40.71619460774464,-73.98952959584167,Japanese zelkova
5245732,58,40.71625474068447,-73.98925448978666,'Regal Prince' Oak
303795,58,40.71618363852278,-73.98930671280934,Thornless honeylocust
300998,58,40.716081191692915,-73.98935839586892,pin oak
306192,58,40.71599244433666,-73.9894069464936,pin oak
300997,58,40.71588523194036,-73.98945941384325,pin oak
306995,58,40.71583484666238,-73.98949014330685,pin oak
303794,58,40.71573359099946,-73.98954339179802,Thornless honeylocust
2111012,58,40.71563306606524,-73.98991103782132,Japanese zelkova
2110905,58,40.71555888655761,-73.98996267393463,pin oak
2110906,58,40.71559243285044,-73.99007013623455,pin oak
2110907,58,40.71563931478306,-73.99022031685844,swamp white oak
2110908,58,40.715661817057494,-73.99029240393374,Japanese zelkova
2110909,58,40.71568911360883,-73.99037984093324,pin oak
13804633,58,40.7157779519224,-73.99039510354766,sawtooth oak
14157385,58,40.71586465273685,-73.99067470946876,sawtooth oak
2110990,58,40.71580475020828,-73.99075464901382,sawtooth oak
2116212,58,40.715915409317546,-73.9908415090388,sawtooth oak
2116213,58,40.71595658569381,-73.99097682430383,sawtooth oak
13518610,59,40.715896269800645,-73.99101621680286,sawtooth oak
2110991,59,40.71590534789339,-73.99108717292219,littleleaf linden
2116214,59,40.715989812093476,-73.99108601404959,sawtooth oak
2111032,59,40.715854057407576,-73.99133356430609,Japanese pagoda tree
15247226,59,40.71575969166395,-73.99138289294136,Kentucky coffeetree
2110948,59,40.71576601503707,-73.99149228740895,Japanese pagoda tree
2110949,59,40.71554748894558,-73.9916057150759,Japanese pagoda tree
2110950,59,40.71526514199052,-73.9917522700008,Japanese pagoda tree
4609923,59,40.715191335610264,-73.99168406407928,Japanese pagoda tree
2145852,59,40.71525308703434,-73.99243901969335,London planetree
10183237,59,40.71518333703647,-73.99237110865649,'Homestead' Elm
10183239,59,40.71528101000612,-73.99216795281662,'Emerald Sunshine' Elm
15514087,59,40.71532069781285,-73.99214688463803,'Emerald Sunshine' Elm
10183637,59,40.715321513230585,-73.99214681164483,'Emerald Sunshine' Elm
2145851,59,40.715470253235054,-73.99232894944353,London planetree
2145850,59,40.71554989892133,-73.99228858293047,London planetree
2110882,59,40.715597884059974,-73.99200156437489,London planetree
2110883,59,40.71583649534527,-73.99188029784543,London planetree
4607135,59,40.71593906981385,-73.99183044954852,swamp white oak
2124922,60,40.7159700857997,-73.99199597947295,London planetree
2124921,60,40.71605719285529,-73.99195196871618,London planetree
2145847,60,40.71607744657305,-73.99202119378516,pin oak
2110963,60,40.71635795248916,-73.99230636454732,pin oak
2110962,60,40.71639355008836,-73.99242363277685,sawtooth oak
2110961,60,40.71642914756796,-73.99254090113162,pin oak
2110960,60,40.71646474492797,-73.99265817036321,sawtooth oak
13824644,60,40.71665776664436,-73.99278276812947,'Village Green' Zelkova
2110953,60,40.71680266243864,-73.99259208536267,Callery pear
2110952,60,40.71693057948428,-73.99252674922367,silver linden
2110951,60,40.716994537706526,-73.99249408181173,silver linden
14495876,60,40.71730981773994,-73.99247235462705,American basswood
15247225,60,40.717266254744025,-73.99236478578447,'Boulevard' American linden
13884501,60,40.717323145169715,-73.99233226165816,hedge maple
13883298,60,40.717387142195896,-73.9922992707004,'Village Green' Zelkova
13883297,60,40.717436158949326,-73.99228089437544,'Village Green' Zelkova
13883299,60,40.71748122745502,-73.99224859693192,'Village Green' Zelkova
2110969,60,40.717494778493894,-73.99235874577136,Japanese zelkova
2110968,60,40.717406680940556,-73.99240339286183,Japanese zelkova
2112789,61,40.71299476255642,-73.98666143245545,Thornless honeylocust
2112790,61,40.7130069910064,-73.9865187700017,Thornless honeylocust
2112791,61,40.71301934262402,-73.98637467287415,northern red oak
2112792,61,40.71302923635145,-73.98625925309926,northern red oak
2112793,61,40.713037899404135,-73.98615816899104,northern red oak
2112794,61,40.71305209495154,-73.9859925666677,pin oak
2112795,61,40.713062418264535,-73.98587212822858,Thornless honeylocust
2112796,61,40.71307473766682,-73.98572839008112,Thornless honeylocust
2112413,61,40.712818969459875,-73.9851684520146,Hardy Rubber Tree
2112414,61,40.712919237671414,-73.9851844830289,Hardy Rubber Tree
2112482,61,40.71323000847459,-73.98520910651995,Japanese pagoda tree
2112483,61,40.71329110745363,-73.98521811539878,Japanese pagoda tree
2112484,61,40.71335929777186,-73.98522817256065,Kentucky coffeetree
2112485,61,40.71347167672604,-73.98524474669975,Kentucky coffeetree
2112486,61,40.713595511840694,-73.9852630099823,London planetree
2111161,61,40.71370966298763,-73.98547406044368,Thornless honeylocust
14582138,61,40.71382982189617,-73.98546137974752,northern red oak
2111137,61,40.713800023466995,-73.98562955836161,Thornless honeylocust
2111159,61,40.71369170572604,-73.98569137894069,Thornless honeylocust
2111158,61,40.713685839024485,-73.9857623840282,London planetree
2111157,61,40.71367985237233,-73.98583482373908,Thornless honeylocust
12988786,61,40.713588437935954,-73.98611043152374,Thornless honeylocust
14007370,61,40.713651885266714,-73.98625235975427,'Patriot' Elm
2111138,61,40.71375721333235,-73.98614376141762,Japanese zelkova
12246722,62,40.71373213462499,-73.98644496817043,'Green Vase' Zelkova
15197103,62,40.71362609722817,-73.9864853429107,'Greenspire' Littleleaf linden
2111153,62,40.71361708771502,-73.98659436074756,Green ash
15197102,62,40.713607901081126,-73.9867055293763,'Greenspire' Littleleaf linden
2111151,62,40.713600432578666,-73.98679589994167,Green ash
10202011,62,40.71371772114089,-73.98680376518985,'Slender Silhouette' Sweetgum
2111071,62,40.71424616691025,-73.98696699862452,Chinese elm
13642131,62,40.71444491512325,-73.98651564072595,American elm
2111072,62,40.71429054000716,-73.98643269450287,Thornless honeylocust
2111073,62,40.714314959085094,-73.98613864871011,Thornless honeylocust
2112810,62,40.71446316153093,-73.98612613460324,Callery pear
2112809,62,40.714475004953485,-73.98598268817305,cherry plum
15197111,62,40.71448814890935,-73.9859029196517,'Sterling' Silver linden
2112808,62,40.714487025770104,-73.98583708858521,Callery pear
15840354,62,40.714499305018855,-73.98566053429035,'Redmond' American linden
15197112,62,40.714512757139076,-73.98558215364456,'Sterling' Silver linden
14100963,62,40.71452849802249,-73.98546590548662,littleleaf linden
5000024,62,40.71453489113765,-73.98537645660156,Thornless honeylocust
329817,62,40.71456347722081,-73.98533574337725,littleleaf linden
1180908,62,40.71453582371714,-73.98525488644522,littleleaf linden
2112806,62,40.71454641742513,-73.98511769854267,American basswood
2112805,62,40.71455897096145,-73.98496564381776,American basswood
2116372,62,40.71463110073577,-73.9847808765486,silver linden
15224555,62,40.7146857190705,-73.98474537478208,'Redmond' American linden
2116374,63,40.71478806752363,-73.98467884940867,American basswood
2116375,63,40.71488549523652,-73.98461552189893,American basswood
15197108,63,40.71498636728783,-73.98454995464817,shingle oak
14076614,63,40.715254694948605,-73.98478482391043,common hackberry
14076618,63,40.715309022283854,-73.98495404932395,common hackberry
14076617,63,40.7153705393019,-73.98516605654525,Callery pear
14076616,63,40.71543548538346,-73.98537978738821,swamp white oak
14076619,63,40.715493917009574,-73.98557207922329,Japanese zelkova
2112629,63,40.71552832299744,-73.98568531069229,swamp white oak
14076615,63,40.715554281298054,-73.9857707356014,swamp white oak
2112627,63,40.71559499972574,-73.98590473719922,swamp white oak
2143706,63,40.71589892639477,-73.98622504509784,swamp white oak
2143705,63,40.71592817312701,-73.98632233958249,swamp white oak
2143704,63,40.715958832167225,-73.98642433164179,swamp white oak
13804636,63,40.71612909752114,-73.98653502755383,'New Harmony' Elm
2112549,63,40.716178334727836,-73.98651235382064,chinkapin oak
14529207,63,40.716206939250384,-73.98661623309518,swamp white oak
14529208,63,40.71637132883003,-73.98652930457604,swamp white oak
14529209,63,40.7165928971558,-73.98641105069711,swamp white oak
14529210,63,40.7166607977748,-73.98638050586615,swamp white oak
5295415,63,40.71671082922307,-73.9863530955172,Japanese pagoda tree
5295414,63,40.71677992132307,-73.98632098488469,Japanese pagoda tree
16050478,63,40.71674613679569,-73.98621585987335,Japanese zelkova
16050480,63,40.71666170730707,-73.98625817280387,Japanese zelkova
2120928,64,40.71942828620521,-73.98386850020535,London planetree
2120929,64,40.71950057370507,-73.98397682441986,London planetree
13846218,64,40.719645230120406,-73.9838878674009,hedge maple
2120927,64,40.71957214589991,-73.9836656849284,London planetree
14495895,64,40.719680513073996,-73.98372677797506,'State Street' Miyabe maple
5917605,64,40.719746689840406,-73.98370286575064,dawn redwood
14051565,64,40.71977378350119,-73.98380030581248,'Patriot' Elm
13878230,64,40.71986061694294,-73.98374844078873,'Patriot' Elm
14495901,64,40.72004871032262,-73.98373351458498,'Skyline' Thornless honeylocust
5295834,64,40.72014327058484,-73.9836237530822,Thornless honeylocust
14051566,64,40.7202414028849,-73.98343399602727,'Princeton' American elm
5295835,64,40.72038054658852,-73.98336955456078,Callery pear
2124587,64,40.72043653422575,-73.98333979101389,Callery pear
6508495,64,40.720475863989954,-73.98346034584029,American elm
6508496,64,40.72061761870042,-73.98338828481947,American elm
6508497,64,40.720649761485284,-73.98323796216383,American elm
2124584,64,40.72072730889835,-73.98319459540757,Thornless honeylocust
2124583,64,40.720780958027056,-73.983166901245,Thornless honeylocust
15216652,64,40.72085573236135,-73.98326268842733,'Allee' Chinese elm
14051159,64,40.720946546372566,-73.98320931544292,'Exclamation' London planetree
14051567,64,40.72098392757432,-73.98318102855126,'Green Vase' Zelkova
14051160,64,40.720976028538416,-73.98307280819103,'Exclamation' London planetree
14051571,64,40.7209040990994,-73.9831027596305,'Exclamation' London planetree
2142458,64,40.721084142749355,-73.9820782823298,maidenhair tree
2142457,64,40.72105810110725,-73.98199289312971,maidenhair tree
2142456,65,40.72103726683321,-73.98192458302049,maidenhair tree
2142455,65,40.721001115699586,-73.98180604220514,maidenhair tree
6523302,65,40.720906618192565,-73.9820095980876,Japanese zelkova
6523300,65,40.72087941174685,-73.98191727613617,Hardy Rubber Tree
6523299,65,40.720861265355865,-73.98180410222618,Hardy Rubber Tree
6523298,65,40.72084538682984,-73.98169887119518,Hardy Rubber Tree
6523301,65,40.720809111601156,-73.98158173257222,Hardy Rubber Tree
6523303,65,40.720777370041134,-73.98147749816887,Japanese zelkova
2124637,65,40.72068172386682,-73.98174663077585,willow oak
2124646,65,40.72045805981693,-73.98152122560003,willow oak
2124647,65,40.720331147226986,-73.98158497542217,northern red oak
2124648,65,40.720176287754626,-73.98166276153283,willow oak
2144193,65,40.720158354281516,-73.98154526653971,Callery pear
2144194,65,40.72011741439928,-73.9815661565178,Callery pear
2144197,65,40.71991271893075,-73.98167060602202,Callery pear
2144198,65,40.71986922145972,-73.98169280277413,Callery pear
14177850,65,40.719702906514925,-73.9817776687283,hophornbeam
2144201,65,40.71963893934277,-73.9818103094249,river birch
14051585,65,40.7192965816555,-73.98153110599141,'Redmond' American linden
2144202,65,40.71934153986776,-73.98142214857546,willow oak
2144204,65,40.7192792761655,-73.981217871216,pin oak
14051578,65,40.71919387970314,-73.98121354750366,'Redmond' American linden
2144205,65,40.71923232355139,-73.98106382947438,pin oak
14051168,65,40.71903534856721,-73.98068071597292,'Redmond' American linden
2120988,66,40.71740891750032,-73.97555074246856,Thornless honeylocust
2120989,66,40.717647265238035,-73.97547104181619,Thornless honeylocust
2120990,66,40.717741076482476,-73.9754438412231,Thornless honeylocust
2120991,66,40.71796997472011,-73.97537746971146,Thornless honeylocust
2120992,66,40.71806458501885,-73.97535139437808,Thornless honeylocust
2121009,66,40.71795998400779,-73.97619412504828,swamp white oak
2121008,66,40.71799013973528,-73.9762909413382,Japanese zelkova
2120999,66,40.71785081044631,-73.97636541869979,Japanese pagoda tree
2121000,66,40.71787585846448,-73.97645092820406,goldenrain tree
2121001,66,40.7179005133011,-73.97653509264372,Chinese elm
2121002,66,40.71792516750399,-73.9766192556427,Chinese elm
2121003,66,40.71795139982861,-73.97670880598965,goldenrain tree
2121004,66,40.717975067971246,-73.97678960253069,Chinese elm
1951662,66,40.71860903532685,-73.97652952520038,Japanese zelkova
2122369,66,40.718677235687416,-73.97649561282842,Japanese zelkova
2122368,66,40.71874833696865,-73.97645921396834,Japanese zelkova
2122367,66,40.71882813478342,-73.97641836499464,Japanese zelkova
2122382,66,40.71936661047195,-73.97684466966624,Thornless honeylocust
15218033,66,40.71935319781984,-73.97676838924251,Honeylocust
15218032,66,40.71959021354444,-73.9767091096049,Honeylocust
10536436,67,40.71966413574543,-73.97668424376812,Kentucky coffeetree
15192702,67,40.71974048752809,-73.97662508153198,swamp white oak
2122377,67,40.719928464137254,-73.97669022096655,Kentucky coffeetree
2122378,67,40.71996182717557,-73.97676903162439,Kentucky coffeetree
2120860,67,40.72027794839801,-73.9770019653705,London planetree
2120861,67,40.72030373708474,-73.97706195680594,London planetree
14051169,67,40.71963158706043,-73.97765687411648,'Princeton' American elm
2122379,67,40.719658149029726,-73.9777313453832,Thornless honeylocust
2149023,67,40.719521831949606,-73.9777740670038,Thornless honeylocust
2149024,67,40.71947488801101,-73.97765897015012,Callery pear
2149025,67,40.719431313046044,-73.97755214102227,London planetree
2122381,67,40.71952284935553,-73.97741332933782,Thornless honeylocust
2149026,67,40.719319927147694,-73.97725430896725,bald cypress
2149027,67,40.719270243876494,-73.97704265916725,Japanese pagoda tree
15188110,67,40.71926384432932,-73.97698982360167,'Shawnee Brave' Bald cypress
15936544,67,40.719245587745306,-73.97691590033689,'Shawnee Brave' Bald cypress
15937142,67,40.71922083565084,-73.97679318352813,'Shawnee Brave' Bald cypress
15936542,67,40.71919649726828,-73.97667532926272,'Shawnee Brave' Bald cypress
2149030,67,40.71917058182034,-73.9765582039,Japanese zelkova
14051588,68,40.719248830805626,-73.97631461794194,'Princeton' American elm
14051576,68,40.71917696114548,-73.97591294948882,pin oak
2146786,68,40.719137627388925,-73.97572138957214,pin oak
15218031,68,40.71910895227706,-73.97554128725223,swamp white oak
15936546,68,40.71898959074308,-73.97566567562015,'Northern Acclaim' Thornless honeylocust
2149032,68,40.71900864567019,-73.9757768775238,Thornless honeylocust
2149031,68,40.71902337795476,-73.97588482154494,Callery pear
15936547,68,40.71904581566944,-73.97599916536853,'Northern Acclaim' Thornless honeylocust
15936545,68,40.71906925636203,-73.97611404251661,'Northern Acclaim' Thornless honeylocust
2122349,68,40.718929905880216,-73.97613246954432,Green ash
2122350,68,40.71888362849105,-73.97600510621095,Thornless honeylocust
2122351,68,40.71885507512679,-73.97586353146532,Thornless honeylocust
2122352,68,40.718823286822236,-73.9757059175511,Thornless honeylocust
2121021,68,40.71865940324006,-73.97565320087298,London planetree
2120995,68,40.71870361125364,-73.97525996210413,Callery pear
17042426,68,40.71888744251355,-73.97518746329982,'Northern Acclaim' Thornless honeylocust
2147470,68,40.71889976503399,-73.9752577781673,maidenhair tree
2147469,68,40.718928742461735,-73.97532798844149,American basswood
15218030,68,40.71907458484767,-73.97531804844327,swamp white oak
2121581,69,40.72513581296697,-73.97818279530048,Thornless honeylocust
4986565,69,40.72508263955856,-73.97822495042006,Japanese zelkova
2121580,69,40.72498490431032,-73.97829376889996,Japanese zelkova
2121579,69,40.724884298287186,-73.9783677495172,Japanese zelkova
2121591,69,40.724776502463826,-73.9782430510801,Japanese zelkova
2121590,69,40.724836819812396,-73.97819855402565,Japanese zelkova
2121589,69,40.7249466839384,-73.97811750864562,Thornless honeylocust
2121588,69,40.72500125692384,-73.97807724941845,Thornless honeylocust
2121587,69,40.72506205447184,-73.97803240014427,Thornless honeylocust
2121586,69,40.72512835503573,-73.97798349018204,Thornless honeylocust
2121585,69,40.72538465423195,-73.97779913204472,maidenhair tree
14177845,69,40.725471006970785,-73.97773600081813,'Espresso' Kentucky coffee tree
2114421,69,40.72550664172309,-73.97791608213859,maidenhair tree
2114422,69,40.725406804261645,-73.9779889121533,Thornless honeylocust
2116846,69,40.725409994000735,-73.97815459079409,Thornless honeylocust
2116845,69,40.72544204372591,-73.97823065361676,Thornless honeylocust
2116844,69,40.72547329649231,-73.97830482190923,Thornless honeylocust
2121572,69,40.72564258761696,-73.97896864540131,Thornless honeylocust
2116840,69,40.7256912596097,-73.97882210353303,Japanese pagoda tree
6083043,70,40.725664130693154,-73.97875771895745,Japanese pagoda tree
2121573,70,40.72557613327014,-73.97881081226453,swamp white oak
2121574,70,40.72554689280826,-73.97874136473195,swamp white oak
2121575,70,40.725516325087355,-73.97866876233446,pin oak
11142865,70,40.725483097735,-73.97858984640158,'Ruby Vase' Persian ironwood
2116843,70,40.72556000307538,-73.978510597388,Thornless honeylocust
2116842,70,40.725587530868175,-73.9785759279398,Thornless honeylocust
2110159,70,40.72611959880244,-73.97828404366402,Callery pear
13862675,70,40.726089585700564,-73.97821268463238,'Heritage' Oak
2110161,70,40.7260231874962,-73.97805481058352,Thornless honeylocust
12400955,70,40.72610160612456,-73.97797877381615,'Espresso' Kentucky coffee tree
2121966,70,40.72615190424475,-73.97809805358578,Callery pear
2121965,70,40.72618596829185,-73.97817883536062,Callery pear
2121964,70,40.726219233086,-73.97825772409814,Callery pear
2121963,70,40.726250237538714,-73.97833124919337,Thornless honeylocust
2121962,70,40.72627591760731,-73.97839215303287,Thornless honeylocust
2110157,70,40.726192903399806,-73.97845833625196,maidenhair tree
3206534,70,40.72605057012454,-73.97785301460128,Callery pear
2110163,70,40.725924915308354,-73.97782115916283,Callery pear
2114420,71,40.72566359694076,-73.97780158414969,'Green leaf' Japanese flowering cherry
2121583,71,40.72562452292625,-73.97762376603679,Thornless honeylocust
2121582,71,40.72570128229125,-73.97756764807589,Thornless honeylocust
10162577,71,40.72564793318983,-73.97718263432974,'Millstone' Japanese pagodatree
2114424,71,40.72560910051181,-73.97709006524059,Japanese pagoda tree
2114426,71,40.725491275332736,-73.97680919847114,Thornless honeylocust
2114427,71,40.725472322253474,-73.97676401999465,Thornless honeylocust
2114428,71,40.725434417185426,-73.97667366387005,Thornless honeylocust
16293533,71,40.725528100684215,-73.97650669060295,bur oak
13869942,71,40.7254699188329,-73.97638716640206,'Green Vase' Zelkova
2114431,71,40.72533461626129,-73.97643576511983,Thornless honeylocust
12400956,71,40.725290644244275,-73.97631937357872,'Espresso' Kentucky coffee tree
2114433,71,40.72523256188957,-73.97619249749995,Thornless honeylocust
2144747,71,40.7252887272397,-73.97595671236643,Thornless honeylocust
2144746,71,40.725255292687194,-73.97587753355623,Thornless honeylocust
2114434,71,40.72512030228577,-73.9759249033771,goldenrain tree
2114435,71,40.72507086451997,-73.97580706163654,Thornless honeylocust
2144745,71,40.725068272499314,-73.97543464802179,Thornless honeylocust
15208691,71,40.72502218184041,-73.97532550406831,'Skyline' Thornless honeylocust
2121491,72,40.728719130856895,-73.98744553772822,Thornless honeylocust
2121492,72,40.72887630760094,-73.9873308138356,Thornless honeylocust
2128135,72,40.72901434977678,-73.98698574264725,littleleaf linden
2128134,72,40.72906607360859,-73.98681530597686,'Not Green leaf' Japanese flowering cherry
2128136,72,40.728944806955525,-73.98682107724281,Japanese zelkova
2128137,72,40.72891443198101,-73.98674915517829,Japanese zelkova
2128138,72,40.72887872781532,-73.98666461446082,Callery pear
2128133,72,40.728958323254176,-73.98655967357392,European hornbeam
15389721,72,40.728896332838595,-73.98641260605982,Unknown
243847,72,40.72886533760667,-73.98633946440104,littleleaf linden
2128131,72,40.72878525605343,-73.98614908613494,London planetree
5464945,72,40.728756027574164,-73.98606163258513,American basswood
2128128,72,40.72857028261928,-73.98563908764625,pin oak
2128140,72,40.72842189638164,-73.98558294171275,Thornless honeylocust
2128141,72,40.72831744491079,-73.98533563320937,Thornless honeylocust
2128142,72,40.72827561074877,-73.98523658375755,Thornless honeylocust
2128143,72,40.72821912188158,-73.98510283495133,littleleaf linden
2122060,72,40.728089586880834,-73.98510099302483,Japanese pagoda tree
2122061,72,40.72801015130465,-73.98515820158654,Japanese zelkova
2122062,72,40.72787173976454,-73.98525788202575,northern red oak
15971232,72,40.727809153647655,-73.98530295474482,'Espresso' Kentucky coffee tree
10197177,72,40.727708963989706,-73.9853048033666,'Mushashino' Zelkova
15218051,72,40.727740356185386,-73.98552297464367,'Homestead' Elm
2128198,72,40.72764576082331,-73.98556696706264,Thornless honeylocust
2128197,72,40.727682991906214,-73.98565534400794,Thornless honeylocust
2128196,72,40.72773710870006,-73.98578380630913,Thornless honeylocust
2128169,72,40.72781436454274,-73.98570151186449,Callery pear
15218050,73,40.72784555691941,-73.98577024731433,'Redmond' American linden
2116803,73,40.727983719284644,-73.98486374779667,littleleaf linden
10196372,73,40.72831945153971,-73.9848896881155,'Mushashino' Zelkova
2116909,73,40.728539144676645,-73.98477253400621,American basswood
2116908,73,40.72862999766354,-73.98470667473487,silver linden
2116907,73,40.728693930588086,-73.98466032801709,Japanese pagoda tree
6077838,73,40.72871940816551,-73.98457436365625,Japanese zelkova
5247734,73,40.72919060992598,-73.98429375490919,'Regent' Japanese pagodatree
2119516,73,40.72958506780036,-73.98464053566333,Thornless honeylocust
2119517,73,40.72961894359404,-73.98472063344244,Thornless honeylocust
2119518,73,40.72964521627228,-73.98478275739912,Thornless honeylocust
2114624,73,40.729157133999685,-73.98522545537736,Thornless honeylocust
2114623,73,40.72910537158542,-73.985103111885,Callery pear
2114557,73,40.72896108851123,-73.98502499669338,Japanese zelkova
2114622,73,40.7290103846364,-73.9848786059041,Japanese pagoda tree
2114621,73,40.72897649865806,-73.9847985170469,Japanese pagoda tree
2114556,73,40.7288719381353,-73.98481438985488,Japanese zelkova
2114620,73,40.72891166263182,-73.98464527305721,Japanese pagoda tree
1903247,73,40.72894983121126,-73.98446963943636,pin oak
6078238,73,40.728895703139095,-73.98444591280989,Japanese zelkova
2114586,73,40.72888360153071,-73.98420994392133,'Regent' Japanese pagodatree
2114585,73,40.728977564495885,-73.984141041542,'Regent' Japanese pagodatree
2114584,73,40.7290883070384,-73.98405983459466,'Regent' Japanese pagodatree
2114583,73,40.72917939392912,-73.9839930416779,'Regent' Japanese pagodatree
2114582,73,40.72923577158162,-73.98380755562867,Thornless honeylocust
2114581,73,40.72918329660671,-73.98368325591038,London planetree
2122291,74,40.72234381845711,-73.97859107964088,Japanese zelkova
2122290,74,40.72230840458897,-73.9785071610778,London planetree
2122289,74,40.7222699294655,-73.97841598543955,London planetree
2122288,74,40.72224024084281,-73.9783456329927,London planetree
2122287,74,40.722196306224625,-73.97824152287902,littleleaf linden
2122286,74,40.722172341743736,-73.9781847357388,Common linden
2122285,74,40.72213879199499,-73.97810523336001,largeleaf linden
2122284,74,40.7221089698864,-73.97803456481309,silver linden
2122283,74,40.72208415339192,-73.9779813301325,littleleaf linden
2122282,74,40.72205215239205,-73.97790385223875,littleleaf linden
2122274,74,40.72214406927449,-73.97782984614012,Green ash
2122273,74,40.72217730573882,-73.97790875097311,Green ash
2122272,74,40.722211340778195,-73.97798954963943,Ash
2122271,74,40.72224471099987,-73.97806877025751,Ash
2122270,74,40.72227781514858,-73.9781473597021,Ash
2122269,74,40.722314939435726,-73.9782333984801,Ash
2122268,74,40.72235784315607,-73.97832889957382,Ash
2122267,74,40.72239717636874,-73.97843379690504,Green ash
2122266,74,40.72244466287889,-73.97854346588008,Green ash
2122265,74,40.72247843145583,-73.97862363318637,Green ash
6477338,74,40.72250086478425,-73.97867646632697,Japanese pagoda tree
2122264,74,40.72251379492465,-73.97870758962142,Common linden
6477337,74,40.72254234059605,-73.97877362870776,Common linden
13852129,74,40.72257856638366,-73.9791340636314,'Sterling' Silver linden
2122263,75,40.72265950382671,-73.97905351265563,maidenhair tree
2122262,75,40.722694202234756,-73.9791358898917,Callery pear
2122261,75,40.72275455846889,-73.97927918396718,Callery pear
2122260,75,40.72279470795097,-73.97937450382551,Callery pear
2122259,75,40.72282820993672,-73.97945404146225,Callery pear
10164968,75,40.72274397012515,-73.9795228358813,Hardy Rubber Tree
10164124,75,40.72277138429725,-73.97959877071736,Hardy Rubber Tree
2122292,75,40.72268217119585,-73.9797256846263,Siberian elm
2110040,75,40.72277713299526,-73.97990524552935,Thornless honeylocust
2110041,75,40.72267858975101,-73.9799766764776,mulberry
2122293,75,40.722521822927916,-73.97986870916064,Siberian elm
2122294,75,40.722427583636446,-73.97995217767506,Siberian elm
2110042,75,40.72246179536802,-73.98013382397023,Siberian elm
6477339,75,40.722247570931415,-73.97996521713229,pin oak
2142277,75,40.72221660666239,-73.97989653369571,pin oak
2142316,75,40.72187273502984,-73.97934568079852,littleleaf linden
11119730,75,40.72191137716432,-73.9791739182052,'Millstone' Japanese pagodatree
14051556,75,40.7219534780158,-73.97927358940622,sawtooth oak
2142282,75,40.721993181246205,-73.97936758319668,Callery pear
2142281,75,40.72204007813195,-73.97947860897831,pin oak
2142280,75,40.72207152000312,-73.97955304684005,Callery pear
2142319,75,40.721967067047686,-73.97956898858244,Callery pear
2142320,75,40.72201023559871,-73.97967118138276,pin oak
2142321,76,40.72204381113915,-73.97975066559852,swamp white oak
2142322,76,40.72207712118707,-73.97982951713333,Callery pear
2142278,76,40.722153322873176,-73.97974670975604,Callery pear
2142279,76,40.722128275655926,-73.9796874128702,Callery pear
16504659,76,40.72184302959991,-73.97901211237013,Oak
2142286,76,40.7218093219711,-73.97893231238808,Thornless honeylocust
2142315,76,40.72172644022546,-73.97899936380342,Thornless honeylocust
1110098,76,40.72175487190487,-73.97876855149534,Thornless honeylocust
2142314,76,40.721658354997984,-73.97883819210203,littleleaf linden
2142313,76,40.721633306167234,-73.97877889449522,Callery pear
2142312,76,40.72159693193411,-73.97869278916232,Japanese pagoda tree
2142311,76,40.721539105906565,-73.97855590381998,Japanese pagoda tree
2142310,76,40.721487808275214,-73.97843447297628,scarlet oak
2142309,76,40.721417456816944,-73.97826794060397,bur oak
15971227,76,40.72152806860003,-73.97826648178149,'Redmond' American linden
10162199,76,40.721497691682,-73.97819456786102,'Sterling' Silver linden
2142290,76,40.72147251151157,-73.97813495576739,silver linden
2142291,76,40.72143707100645,-73.97805105734216,Japanese zelkova
2142308,76,40.72136162970875,-73.97813578657046,swamp white oak
2142307,76,40.721321657163585,-73.97804116541667,swamp white oak
2142292,76,40.72138803943879,-73.97793498662872,Japanese zelkova
2122870,76,40.72143123530925,-73.97778453115565,Japanese zelkova
2122871,76,40.72154107161052,-73.9776968805389,American elm
2122872,77,40.72164822862003,-73.9776198384499,Japanese zelkova
2122873,77,40.72171902605259,-73.97756893886137,American elm
2122874,77,40.72180017660992,-73.97751059568321,Japanese zelkova
2122280,77,40.72188210556416,-73.97749698378281,Thornless honeylocust
2122281,77,40.72191272721125,-73.97756954333472,Thornless honeylocust
10164539,77,40.721957079405065,-73.97768599882012,'Streetkeeper' Thornless honeylocust
2122276,77,40.72207706299771,-73.97767077421254,maidenhair tree
2122277,77,40.72203425303081,-73.97756914542707,maidenhair tree
2122278,77,40.72200021769557,-73.97748834719016,maidenhair tree
2110166,77,40.722029774930874,-73.97734064626339,maidenhair tree
2110165,77,40.72210564003162,-73.97728539338573,Thornless honeylocust
2110164,77,40.72218630774034,-73.97722664157311,Thornless honeylocust
2110122,77,40.72253669474812,-73.97716179645363,Japanese pagoda tree
11537349,77,40.722612408060805,-73.97704540943472,'Millstone' Japanese pagodatree
15208694,77,40.72266960377399,-73.97718110685653,'Sterling' Silver linden
2121634,77,40.72272028033784,-73.97730134180145,Thornless honeylocust
2121635,77,40.72275552862496,-73.97738497018099,Thornless honeylocust
2110121,77,40.72262939990157,-73.97738093104515,Thornless honeylocust
2110120,77,40.7226928926728,-73.97753101379276,Green ash
2110119,77,40.72277906103848,-73.977734698677,Thornless honeylocust
2121636,77,40.722862202764375,-73.9776380622417,London planetree
4599733,77,40.72339055188713,-73.97736769995724,Thornless honeylocust
2146579,77,40.72343107405715,-73.97746007164017,Norway maple
10162190,78,40.723451826247015,-73.97750153688025,Hardy Rubber Tree
2146578,78,40.72348828248876,-73.97759314871652,'Green leaf' Japanese flowering cherry
2146577,78,40.72351927114595,-73.97767143118874,'Green leaf' Japanese flowering cherry
4600662,78,40.723555361790545,-73.9777449453213,Kentucky coffeetree
2110274,78,40.72363847786003,-73.97768997557539,'Green leaf' Japanese flowering cherry
2110273,78,40.723620495439555,-73.97764739158676,maidenhair tree
10361882,78,40.72357280902509,-73.97753446540807,maidenhair tree
2110271,78,40.72354789911525,-73.97747547695545,Kentucky coffeetree
2110270,78,40.72350500779703,-73.97737390545717,sweetgum
2110269,78,40.72346944145433,-73.97728968473528,pin oak
2110268,78,40.72342894646965,-73.97719379105673,Thornless honeylocust
5244534,78,40.72339304096407,-73.97710125109542,Kentucky coffeetree
2146580,78,40.7233297680521,-73.97722836059631,Thornless honeylocust
15384790,78,40.723291211864215,-73.97714293637318,Unknown
2146582,78,40.723251107982975,-73.97705614485822,Norway maple
2146583,78,40.723217730787844,-73.97695124493568,Thornless honeylocust
2146584,78,40.72317482321205,-73.97684791402348,littleleaf linden
2146585,78,40.72313374141359,-73.97677024766325,Chinese elm
2146586,78,40.72308381881733,-73.97664294853338,Chinese elm
2110265,78,40.72318890803368,-73.97662537298508,northern red oak
2110266,78,40.72323686365569,-73.97673892986997,northern red oak
12163047,78,40.72328281968703,-73.97684775474542,dawn redwood
5929996,78,40.7233385949283,-73.97695343014756,Kentucky coffeetree
2120846,79,40.723532625642235,-73.98113728675776,littleleaf linden
15936510,79,40.723499637959165,-73.98105902427218,'Exclamation' London planetree
2120848,79,40.723402932474684,-73.98082960085723,goldenrain tree
2120849,79,40.723374200644464,-73.98076143679974,goldenrain tree
2120850,79,40.72334187743002,-73.98068475211744,Japanese pagoda tree
2120851,79,40.723266854928625,-73.98050676863942,pin oak
2120852,79,40.72323293436613,-73.9804262973299,Thornless honeylocust
2120853,79,40.72320074421687,-73.98034992860777,maidenhair tree
2120854,79,40.72316935146484,-73.98027545452061,Japanese pagoda tree
2120855,79,40.72313476658045,-73.98019340527341,Thornless honeylocust
2120856,79,40.72310124623912,-73.98011388118523,Japanese pagoda tree
2120857,79,40.72306280269493,-73.98002268097756,pin oak
2120858,79,40.7230194382072,-73.97991980393851,pin oak
2120859,79,40.72298578381444,-73.9798399659959,pin oak
2120829,79,40.722949816101334,-73.9800174100329,Japanese pagoda tree
2120830,79,40.722990459750854,-73.98011360683716,Japanese pagoda tree
2120831,79,40.7230227089486,-73.98018993384845,Japanese pagoda tree
2120832,79,40.72309906476056,-73.98037065552391,Green ash
2120833,79,40.72313264610252,-73.98045013687924,Green ash
2120834,79,40.723167025976394,-73.98053150987201,silver linden
2120835,79,40.72320047334677,-73.98061067500235,Green ash
2120836,80,40.72323258835394,-73.98068668535569,Green ash
2120837,80,40.72326603561758,-73.98076585214498,Green ash
2120838,80,40.72329974940151,-73.98084564803209,Japanese pagoda tree
2120839,80,40.72333372913311,-73.98092607602547,Green ash
2120840,80,40.72336704408798,-73.9810049266659,Green ash
2120841,80,40.723400890420805,-73.98108503768094,Green ash
2120842,80,40.72343380483454,-73.98116294231852,Green ash
2120843,80,40.723474047092964,-73.98125819360546,Green ash
2120844,80,40.72350829482338,-73.98133925179292,Green ash
2120845,80,40.723586382113155,-73.98152407866087,swamp white oak
4600496,80,40.72396976272566,-73.9813061680437,Kentucky coffeetree
2114788,80,40.724642880135356,-73.98187432046997,Thornless honeylocust
2122337,80,40.72518828181214,-73.98164389505656,eastern redbud
10164128,80,40.72512317066409,-73.98149518320969,Hardy Rubber Tree
2110128,80,40.72518834557205,-73.98135739918574,Green ash
2110129,80,40.72522664275514,-73.98144829644812,maidenhair tree
2110130,80,40.72527358342049,-73.9815597078893,Callery pear
2110131,80,40.72531985926667,-73.98166954199958,Callery pear
4613393,80,40.725373197055106,-73.98178309039157,Chinese elm
2122336,80,40.72526616430652,-73.98183141782847,Thornless honeylocust
4684626,80,40.72529330546471,-73.98189366187498,Thornless honeylocust
2110133,81,40.72542743750303,-73.98192487298175,Green ash
2110134,81,40.725465999661886,-73.98201640144342,Green ash
2122335,81,40.72536473691211,-73.98206354245087,Thornless honeylocust
10164127,81,40.72541872276872,-73.98219192674924,'Millstone' Japanese pagodatree
2122334,81,40.72546922880472,-73.9823120472406,Thornless honeylocust
2110135,81,40.725556956116264,-73.98223228253147,Japanese pagoda tree
2110136,81,40.72564019774914,-73.98242985870927,Ash
11775832,81,40.725526056238216,-73.98244719437722,northern red oak
2122332,81,40.725579696732,-73.98257476161106,Thornless honeylocust
15384794,81,40.725126455622046,-73.98299983225203,Japanese pagoda tree
15840229,81,40.725144213511136,-73.98306499384071,littleleaf linden
2110061,81,40.7250590551275,-73.98312730128276,Japanese pagoda tree
2114778,81,40.72524495702905,-73.98330426730811,Japanese pagoda tree
2110062,81,40.72515143493684,-73.98334626764434,'Regent' Japanese pagodatree
10164538,81,40.7251924801624,-73.98343116732288,'Millstone' Japanese pagodatree
2114777,81,40.72533108039213,-73.98350881906197,Japanese pagoda tree
13826739,81,40.72537149478319,-73.98358976715296,'Princeton' American elm
13826738,81,40.72540428150074,-73.98365021122515,'Princeton' American elm
13826737,81,40.72542751974669,-73.98370579539072,'Princeton' American elm
2110065,81,40.725326078352005,-73.98376022315227,Thornless honeylocust
13827539,81,40.72539143765875,-73.98414013086354,'Princeton' American elm
14051564,82,40.72549754130833,-73.98416860522961,'Sterling' Silver linden
2118798,82,40.725612375266316,-73.98417825522387,maidenhair tree
2118629,82,40.72555591893602,-73.98430280282625,silver linden
2118630,82,40.72557986495061,-73.98435960632771,silver linden
2118799,82,40.72566828008447,-73.98431077449294,maidenhair tree
2118800,82,40.725741486828056,-73.98448431114441,maidenhair tree
2118631,82,40.72569187596141,-73.98462532168702,silver linden
14051562,82,40.725801114129155,-73.98462305435761,goldenrain tree
2118801,82,40.72581469559679,-73.98465784892825,goldenrain tree
2118802,82,40.72584477732001,-73.98472915718526,'Green leaf' Japanese flowering cherry
2118632,82,40.72577781446903,-73.98482918355414,silver linden
2118803,82,40.72590334245887,-73.98486798826353,Green ash
2118804,82,40.72593928020451,-73.98495317961859,Green ash
10089536,82,40.726039431287695,-73.98515621044318,littleleaf linden
16484616,82,40.72607232586017,-73.98525705641727,swamp white oak
2118633,82,40.72600928567562,-73.98537829068827,silver linden
2118634,82,40.726049194416326,-73.98547296425106,American basswood
14051563,82,40.726093540165635,-73.9855746069089,'Sterling' Silver linden
2118635,82,40.7261223593805,-73.98564653249363,American basswood
2118806,82,40.72619616906586,-73.98556214430768,Japanese pagoda tree
2118805,82,40.72615517475995,-73.98546496174825,Japanese pagoda tree
2110920,83,40.71632689961897,-73.9929508073392,maidenhair tree
2123335,83,40.716486502194414,-73.99301486891491,Thornless honeylocust
2111048,83,40.71657472843223,-73.9930229386271,Thornless honeylocust
3929219,83,40.71660308883424,-73.99311114514575,Callery pear
5243335,83,40.71663417233758,-73.99321137822314,eastern redbud
2123333,83,40.71656378492801,-73.99327417429527,maidenhair tree
2123334,83,40.716526303292284,-73.99317333471309,maidenhair tree
15208616,83,40.716161340357814,-73.99291546628567,'Green Vase' Zelkova
15208617,83,40.716222490652534,-73.99288585337797,'Green Vase' Zelkova
2110919,83,40.716222610568565,-73.99300443230848,Thornless honeylocust
2110918,83,40.7161196006249,-73.99305740014304,maidenhair tree
2110917,83,40.71600577605374,-73.99311583176413,Japanese pagoda tree
4609909,83,40.71592710042829,-73.99316513007595,Japanese pagoda tree
15208615,83,40.71582567568222,-73.9930959996487,'Green Vase' Zelkova
15208614,83,40.71577926438663,-73.99311088684726,'Green Vase' Zelkova
4610005,83,40.71575115193823,-73.99325900942507,London planetree
4609718,83,40.71566180681826,-73.99330285691946,Japanese pagoda tree
16153935,83,40.715652591629315,-73.99318209299128,'Green Vase' Zelkova
15208612,83,40.715538915492246,-73.99324736956456,'Green Vase' Zelkova
15208611,83,40.715494091524306,-73.99326161313299,'Green Vase' Zelkova
17665923,83,40.71535351401388,-73.99363313538626,'Espresso' Kentucky coffee tree
15208610,83,40.715360316455254,-73.99369564519579,'Espresso' Kentucky coffee tree
17666411,83,40.71539295524439,-73.99379315453503,'Espresso' Kentucky coffee tree
15216538,83,40.71534957575956,-73.99430828077924,'Shawnee Brave' Bald cypress
15216540,83,40.71505653530287,-73.99445935333269,Shumard's oak
14195420,83,40.71526292786428,-73.99465855636294,'Green leaf' Japanese flowering cherry
14195419,84,40.715321743753655,-73.99467606048994,'Green leaf' Japanese flowering cherry
14195418,84,40.71535443834745,-73.99462506442656,Thornless honeylocust
14195421,84,40.71537332466376,-73.99468827078326,'Green leaf' Japanese flowering cherry
14195422,84,40.715441560543994,-73.99471274379734,Thornless honeylocust
14195423,84,40.71556488753329,-73.99468229897236,Thornless honeylocust
3892015,84,40.71577719998861,-73.99457346540218,Cherry
14209091,84,40.716007334395705,-73.9947075494696,lagerstroemia
5930795,84,40.716047384915704,-73.99486930003597,'Mushashino' Zelkova
15216535,84,40.71611140696583,-73.99499783307274,scarlet oak
2145219,84,40.71603780156118,-73.99503571921241,Japanese pagoda tree
2112812,84,40.715953345779475,-73.99516847846111,maidenhair tree
14495877,84,40.71597000975125,-73.9952195320494,'Mushashino' Zelkova
2145217,84,40.71624430584976,-73.99492942735166,Japanese pagoda tree
2145216,84,40.71643445392798,-73.9948315539839,Japanese pagoda tree
15197082,84,40.71630721959341,-73.99568260317336,'Magyar' Ginkgo
13842563,84,40.71628389135809,-73.99571163620087,'Magyar' Ginkgo
13841752,84,40.716309128814515,-73.99572581891694,'Magyar' Ginkgo
13842562,84,40.71633941273052,-73.99574283909227,'Magyar' Ginkgo
13841753,84,40.71636717312748,-73.99575844130901,'Magyar' Ginkgo
15197081,84,40.71639368195086,-73.99579385617638,'Magyar' Ginkgo
15197080,84,40.716326994200905,-73.99583101969768,'Magyar' Ginkgo
2116181,84,40.71631946211898,-73.99578386553597,maidenhair tree
15840302,84,40.71628327080123,-73.99580127997118,'Fairmont' Ginkgo
13841751,84,40.716269189988544,-73.99576483252268,'Magyar' Ginkgo
2116157,84,40.71624855925915,-73.99569177936431,maidenhair tree
2116265,85,40.71583591966973,-73.99608387391734,maidenhair tree
2116266,85,40.715835077144526,-73.99604379225656,maidenhair tree
2116280,85,40.71582856601936,-73.99600130756737,maidenhair tree
2116267,85,40.71586159162276,-73.996013261565,maidenhair tree
2116282,85,40.71586705231108,-73.99605604845081,maidenhair tree
2116281,85,40.71589371200771,-73.99604129221565,maidenhair tree
14582151,85,40.71596578595445,-73.9962450411618,'Green Vase' Zelkova
2122892,85,40.71591813476407,-73.99626696278396,Japanese zelkova
2122891,85,40.71587442419387,-73.99629440183809,Japanese zelkova
13852126,85,40.715830644524935,-73.99632493487864,'Millstone' Japanese pagodatree
13852127,85,40.71578775836225,-73.99634764072718,'Millstone' Japanese pagodatree
13852128,85,40.71574755303433,-73.99637425807086,'Millstone' Japanese pagodatree
15936507,85,40.71570011345688,-73.99639821238213,'Green Vase' Zelkova
14529219,85,40.71564897442802,-73.99643062747651,'Green Vase' Zelkova
4605072,85,40.71560459997535,-73.99645959493961,'Not Green leaf' Japanese flowering cherry
14582155,85,40.715556053955,-73.99648543100206,'Green Vase' Zelkova
15936551,85,40.71552232482609,-73.99650348802811,'Green Vase' Zelkova
15936550,85,40.715469388673704,-73.9965410171324,'Green Vase' Zelkova
15936508,85,40.7154237686408,-73.99656608863856,'Green Vase' Zelkova
14529510,85,40.71538326531642,-73.99659192414205,'Green Vase' Zelkova
14529230,85,40.715335316273475,-73.99661854382427,'Green Vase' Zelkova
14529231,85,40.71529064332444,-73.99664907644991,'Green Vase' Zelkova
14529233,85,40.715245672859744,-73.996674128243,'Green Vase' Zelkova
14529234,85,40.71518980966453,-73.99671823972379,'Green Vase' Zelkova
14529235,85,40.71512190651075,-73.99675660187697,'Green Vase' Zelkova
2110056,86,40.72476154545285,-73.98242213142345,Thornless honeylocust
14051558,86,40.72472829460707,-73.98234105961687,goldenrain tree
11537347,86,40.72468593591223,-73.9822429209687,'Millstone' Japanese pagodatree
2110054,86,40.72466037686506,-73.98218234402229,Thornless honeylocust
11537809,86,40.72471252396851,-73.98203972618984,'Millstone' Japanese pagodatree
2114786,86,40.72475292971786,-73.98213568631573,pin oak
2114785,86,40.724798916723664,-73.98224490596803,Thornless honeylocust
11537808,86,40.7248441050679,-73.98235222888287,'Millstone' Japanese pagodatree
2114783,86,40.7248900918676,-73.98246144808245,Japanese pagoda tree
4600138,86,40.72483023258553,-73.98258493463413,Thornless honeylocust
2110058,86,40.72486058216159,-73.982656870694,maidenhair tree
14051523,86,40.72497090029398,-73.9826533702255,'New Horizon' Elm
2114781,86,40.7250158239794,-73.98276006465149,Japanese pagoda tree
2114780,86,40.7250432035022,-73.98282509055062,maidenhair tree
2110060,86,40.72496893783403,-73.98291369779712,Callery pear
2110059,86,40.72494018494504,-73.9828455477809,Thornless honeylocust
15936570,86,40.72433878533365,-73.98301655450882,'Redmond' American linden
4606812,86,40.72437551959663,-73.9831077105187,swamp white oak
6544542,86,40.724266519803116,-73.98313670699922,Amur maackia
2122345,86,40.72423138782203,-73.98306891624401,Kentucky yellowwood
11331381,86,40.72420352972812,-73.98300329061692,Kentucky yellowwood
2146870,86,40.724243986340326,-73.9828108910189,mulberry
13734225,87,40.72418414991623,-73.9826612467623,maidenhair tree
4614134,87,40.72404754664867,-73.98263016317446,Japanese zelkova
4612819,87,40.72402073662379,-73.98256185437198,swamp white oak
2122340,87,40.723983829159295,-73.98248146757581,Japanese zelkova
2122339,87,40.72394644975975,-73.98239279219236,Japanese zelkova
6544543,87,40.72390444761494,-73.98229636975032,swamp white oak
10089495,87,40.723983441124716,-73.98217377320613,Japanese zelkova
2146875,87,40.72403695955328,-73.98231988866543,Callery pear
10164125,87,40.72407195313232,-73.98238839365105,'City Sprite' Zelkova
14022436,87,40.72414826812387,-73.98196273234501,Japanese flowering cherry
4607110,87,40.723744706045224,-73.98208868094109,swamp white oak
6544544,87,40.723766751108975,-73.98224799123335,swamp white oak
2123394,87,40.723699596586194,-73.98229241883107,pin oak
2123393,87,40.72363235982134,-73.98234134625382,maidenhair tree
14051555,87,40.72356646177109,-73.98240211333437,pin oak
5277799,87,40.723583850050446,-73.98220277198165,maidenhair tree
4607103,87,40.723479399326436,-73.98228364969191,swamp white oak
5279398,87,40.72342601875145,-73.98230850904595,maidenhair tree
2122308,87,40.72324923200231,-73.98229897750542,Kentucky coffeetree
16159702,87,40.72321348147632,-73.98222069446996,pin oak
2122306,87,40.7231598553744,-73.9821110999224,Kentucky coffeetree
2122305,88,40.72313125554145,-73.98204847335113,Kentucky coffeetree
6582164,88,40.723102653550754,-73.9819795844643,Kentucky coffeetree
6582163,88,40.723074050534535,-73.981904432518,Kentucky coffeetree
4600465,88,40.72299419397276,-73.98197662165812,Kentucky coffeetree
6582154,88,40.723027563092664,-73.98206273365143,Kentucky coffeetree
2110179,88,40.72307858547528,-73.98220398546354,Thornless honeylocust
2110178,88,40.72311981881449,-73.98230181461254,Thornless honeylocust
6582165,88,40.72317246416335,-73.98242334575231,Thornless honeylocust
5503084,88,40.72306725708037,-73.98259692643504,Thornless honeylocust
13878233,88,40.723172228026655,-73.98268011151514,'Princeton Sentry' Ginkgo
16502141,88,40.72340190130631,-73.98268731386287,goldenrain tree
2143987,88,40.723434107103486,-73.98278309046836,Thornless honeylocust
2110066,88,40.723353918030476,-73.9828493849252,Thornless honeylocust
2110067,88,40.72340904820801,-73.98298040158352,Callery pear
10665974,88,40.72348994607598,-73.98291565385917,'Skyline' Thornless honeylocust
2143985,88,40.7235451196312,-73.9830466400127,Callery pear
2143984,88,40.72357170960111,-73.98310976472469,Caucasian linden
2110068,88,40.72348012168042,-73.98314930001645,northern red oak
2110069,88,40.72351386474699,-73.98322948819462,Japanese pagoda tree
282188,88,40.72362508822889,-73.98323462151542,Caucasian linden
14177509,88,40.723682244243385,-73.98335586531965,European hornbeam
5470976,89,40.72373425177084,-73.98349150322196,Chinese elm
2143981,89,40.72376049601744,-73.98355795501081,Japanese pagoda tree
2143980,89,40.723787083990864,-73.98362108088278,Japanese pagoda tree
164924,89,40.72382878293623,-73.98370419525536,Japanese pagoda tree
2110072,89,40.72376122124069,-73.98381732563364,pin oak
2110071,89,40.723713132404214,-73.98370304049779,Japanese zelkova
2110070,89,40.72368523454661,-73.98363674318539,Hawthorn
16501136,89,40.723183773789984,-73.9840664096355,silver maple
2144756,89,40.723226175836885,-73.98416669530998,maidenhair tree
2146566,89,40.7231397393461,-73.98422458642848,pin oak
2146567,89,40.72310463559684,-73.98414126508067,Japanese zelkova
2146568,89,40.72306341525562,-73.98404342504237,Japanese zelkova
4600755,89,40.72303397089503,-73.98396955168708,Kentucky coffeetree
2144758,89,40.723124091000514,-73.983924283396,maidenhair tree
2144759,89,40.723095588875694,-73.98385817387286,maidenhair tree
2144760,89,40.72306341150732,-73.98377519328908,maidenhair tree
2144761,89,40.72302408732159,-73.98368751475599,maidenhair tree
2144762,89,40.72297969267521,-73.98357960140805,Japanese zelkova
6544548,89,40.72296183419646,-73.98352878466464,Kentucky coffeetree
11142875,89,40.72288761944254,-73.98360944090521,red horse-chestnut
2146569,89,40.722914357339995,-73.98368962881459,Thornless honeylocust
2117734,90,40.73028682800547,-73.98816607434853,Callery pear
201518,90,40.730323831389974,-73.9882506204344,willow oak
2117747,90,40.73038989486389,-73.98815088850832,maidenhair tree
12777698,90,40.73041225290753,-73.9882039025258,silver linden
2117749,90,40.730437537086125,-73.98826385864764,Callery pear
2117750,90,40.73047213848428,-73.98834590528554,Japanese pagoda tree
2117732,90,40.730380893998976,-73.98838877866183,maidenhair tree
2117731,90,40.73043951930034,-73.98852757579105,maidenhair tree
2117751,90,40.730551455059135,-73.9885339812027,Callery pear
2117752,90,40.730590313919976,-73.98862612558499,pin oak
2117730,90,40.730496012749015,-73.988661325942,maidenhair tree
11537352,90,40.73053625048058,-73.98875659034798,'Millstone' Japanese pagodatree
2117754,90,40.73081593030775,-73.9888226544374,maidenhair tree
2117755,90,40.73087475932434,-73.988779089263,maidenhair tree
10202005,90,40.731096648696614,-73.98862118546754,'Continental Appeal' American linden
2118038,90,40.731155649098696,-73.98837678265981,American basswood
11186239,90,40.7312375861595,-73.98828487198074,'Redmond' American linden
13827543,90,40.731205425844735,-73.98820847374719,'Redmond' American linden
15396583,90,40.73117220105418,-73.98812954782456,Cherry
5785969,90,40.73113871138945,-73.98804999135577,'Greenspire' Littleleaf linden
5787933,90,40.73109193203782,-73.9879388669384,'Green Vase' Zelkova
11798532,90,40.73102415334985,-73.98777785959012,maidenhair tree
1856816,90,40.730922263000224,-73.98782742836649,Thornless honeylocust
15880067,91,40.730863955642,-73.98768587583702,maidenhair tree
2118041,91,40.73081680476334,-73.98757419519916,Thornless honeylocust
2118042,91,40.7307800419198,-73.98748712163227,maidenhair tree
2118043,91,40.730727829462616,-73.98736345502391,maidenhair tree
2118044,91,40.730676682459624,-73.9872423095738,Japanese pagoda tree
2118045,91,40.73063778932887,-73.98715018993958,maidenhair tree
2118046,91,40.73059143583683,-73.98704040416116,Japanese pagoda tree
2118067,91,40.73069988084358,-73.98700755976088,maidenhair tree
2118066,91,40.73065336416562,-73.98689706667132,maidenhair tree
2118065,91,40.73059754641336,-73.98676447441531,maidenhair tree
2118047,91,40.73047661981863,-73.986768461332,maidenhair tree
2118048,91,40.73042174344258,-73.98663848371466,pin oak
11856802,91,40.73029780404653,-73.9865552150152,Callery pear
13868757,91,40.73016159555208,-73.9866534289973,bur oak
2114677,91,40.73001528024762,-73.98675892839165,sawtooth oak
13868758,91,40.72993875307707,-73.98681410726563,bur oak
2117736,91,40.72989163129969,-73.98696943497447,pin oak
15389719,91,40.729972280543564,-73.98716066216834,Unknown
2117739,91,40.73001193955417,-73.98725469828439,sawtooth oak
4610115,91,40.72991159864964,-73.98727983415927,Japanese pagoda tree
10202525,91,40.729670793787506,-73.98704873365828,'Continental Appeal' American linden
2121487,91,40.72956898820095,-73.98682917564823,Callery pear
11142889,91,40.729527004203185,-73.98685330300923,'Millstone' Japanese pagodatree
2121486,92,40.729376804204456,-73.9869680435693,Japanese pagoda tree
13851736,92,40.72924242993363,-73.98750287454159,'Exclamation' London planetree
13852136,92,40.72928294419295,-73.98759760948099,'Exclamation' London planetree
13852137,92,40.72938773491577,-73.98785468255015,'Princeton' American elm
2117269,92,40.72948636980181,-73.9878257641099,Thornless honeylocust
2117270,92,40.72963828101024,-73.98844591459172,Thornless honeylocust
2117271,92,40.72968952632627,-73.98856781149142,Thornless honeylocust
2117272,92,40.72973360202207,-73.98867265569267,Thornless honeylocust
2128019,92,40.729196666142315,-73.9889858301946,Japanese pagoda tree
2128018,92,40.729124332710356,-73.98881412180425,Japanese pagoda tree
2128030,92,40.729016037632206,-73.98881828169162,Japanese pagoda tree
2128031,92,40.72898262452085,-73.98873908373001,Japanese zelkova
5895574,92,40.728924453009235,-73.98860119889265,bald cypress
2128033,92,40.72889902715763,-73.98854093208544,Chinese elm
5895174,92,40.7289898661216,-73.98849632508414,'Green Vase' Zelkova
13852134,92,40.72896686315587,-73.98843727028236,'Village Green' Zelkova
2128034,92,40.72884112079797,-73.98840367819848,Callery pear
12230451,92,40.72879732457893,-73.98829986907485,Hardy Rubber Tree
2128017,92,40.72889004559987,-73.98825796674129,Callery pear
2128016,92,40.728838588348715,-73.98813581375742,Japanese pagoda tree
5170772,92,40.72881055718631,-73.98805506018108,Japanese pagoda tree
2128036,92,40.728701611680016,-73.98807300548276,shingle oak
164930,93,40.728495194830316,-73.98786725296215,Thornless honeylocust
2117267,93,40.72839861420577,-73.98793710617915,Thornless honeylocust
2117266,93,40.72828505063101,-73.98802055382197,Thornless honeylocust
2130983,93,40.72762550482196,-73.98741690273233,Japanese pagoda tree
13852132,93,40.72759896044543,-73.98734116794513,'New Horizon' Elm
2130984,93,40.72755721573521,-73.9872546273259,maidenhair tree
2130976,93,40.72764850000513,-73.98720275462948,maidenhair tree
2130977,93,40.72769237212296,-73.98730650560563,maidenhair tree
2130978,93,40.72774997890899,-73.9874427384863,maidenhair tree
102423,93,40.727686715521195,-73.9875621938607,American basswood
14178302,93,40.72781051916805,-73.98758590960816,dawn redwood
2130980,93,40.7278558568958,-73.9876931289691,maidenhair tree
2130982,93,40.727754508865694,-73.98772345901007,maidenhair tree
2130981,93,40.727815623103915,-73.98786868757954,maidenhair tree
13868756,93,40.72792838005393,-73.98785857151998,bur oak
2121488,93,40.72810762652589,-73.98789277927936,pin oak
1591574,93,40.72822937599531,-73.98780156622192,Thornless honeylocust
2121489,93,40.72833604675204,-73.98772449741213,Thornless honeylocust
2121490,93,40.72843900358829,-73.9876486459894,Thornless honeylocust
15218049,93,40.72845231934649,-73.9874816167997,common hackberry
2128182,93,40.728418813783534,-73.9874020744298,common hackberry
2128180,93,40.728438371588915,-73.9871869119409,Thornless honeylocust
2128183,94,40.72834009931751,-73.98721521669322,London planetree
2128184,94,40.72828851111663,-73.98709274834593,maidenhair tree
2128179,94,40.728384900372305,-73.98705962713618,Thornless honeylocust
10666780,94,40.72834690101424,-73.98696901242603,'Skyline' Thornless honeylocust
15384792,94,40.72831060039894,-73.98688275487734,Unknown
2128185,94,40.72822881099424,-73.98695102643732,Thornless honeylocust
2128186,94,40.72818094438238,-73.9868373980592,London planetree
2128177,94,40.72821560013688,-73.98665661267185,London planetree
2128176,94,40.72817725385771,-73.98656533327089,Thornless honeylocust
11779254,94,40.728111603714005,-73.98666240174289,Thornless honeylocust
2128189,94,40.728071913949094,-73.98657857471578,Thornless honeylocust
2128190,94,40.72803282291406,-73.98648577735379,London planetree
2128191,94,40.72799240251179,-73.98638982565605,London planetree
2128173,94,40.7280451013193,-73.9862507554678,Callery pear
2128174,94,40.72807721205915,-73.98632718823008,London planetree
2128175,94,40.7281207321297,-73.98643078527854,Thornless honeylocust
2130975,94,40.72755515468854,-73.98698200776657,maidenhair tree
1101700,94,40.727588132374606,-73.98706328081053,dawn redwood
2130986,94,40.7274962345626,-73.98710971555158,goldenrain tree
2130987,94,40.72746873220295,-73.98704436381509,maidenhair tree
2130988,94,40.72742063801729,-73.98693007675898,goldenrain tree
2130989,94,40.72738184296486,-73.98683788962981,maidenhair tree
2130974,95,40.72748074661624,-73.98680604130605,maidenhair tree
2128192,95,40.72791727675971,-73.98621149112483,Thornless honeylocust
2128193,95,40.72788642891614,-73.9861382641628,Thornless honeylocust
14157394,95,40.72797504597297,-73.9860839916919,American basswood
2128171,95,40.72792701373237,-73.98596965784448,Thornless honeylocust
2128170,95,40.727894240960325,-73.98589164558022,Thornless honeylocust
2128195,95,40.7277993367435,-73.98593152306884,littleleaf linden
2128194,95,40.72783164786717,-73.9860082214404,Thornless honeylocust
2130970,95,40.72727911894207,-73.9863292303555,maidenhair tree
2130971,95,40.72732632536978,-73.98644086508676,maidenhair tree
12230448,95,40.72736473116822,-73.98653168548205,hophornbeam
13851732,95,40.72741440224526,-73.9866408365438,'New Horizon' Elm
249561,95,40.72729506151122,-73.98662718867088,Thornless honeylocust
2130990,95,40.7272410119438,-73.98650323868634,maidenhair tree
13851731,95,40.727201374350614,-73.98639736240875,'New Horizon' Elm
13852993,95,40.72715332381232,-73.98629487116582,'New Horizon' Elm
13851730,95,40.72721324276904,-73.98617344766396,'New Horizon' Elm
2130968,95,40.727134297586886,-73.9859867616734,dawn redwood
13852131,95,40.72704122512728,-73.98602867290172,'Shawnee Brave' Bald cypress
15384788,95,40.72708046123093,-73.98577029117328,Japanese zelkova
11812077,95,40.72714043638981,-73.98578834052059,Japanese zelkova
5228931,95,40.727225993876885,-73.98574205814684,Chinese pistache
5242933,96,40.72728897571783,-73.98568193432135,swamp white oak
2116861,96,40.727366867071254,-73.98562477920021,Thornless honeylocust
2116862,96,40.72742798089893,-73.98557993440048,Japanese pagoda tree
2116863,96,40.72749939974703,-73.9855275293984,Japanese pagoda tree
15218052,96,40.72753467145972,-73.98543585896026,'Princeton' American elm
1856414,96,40.72728215484266,-73.98537585190901,littleleaf linden
2114757,96,40.72753271707075,-73.9850353267028,Thornless honeylocust
2114756,96,40.72747900212828,-73.98490780863798,Callery pear
2114755,96,40.72735960432172,-73.98462436641766,London planetree
2114754,96,40.72731891866833,-73.98452778248509,Thornless honeylocust
11185841,96,40.72722770741657,-73.98431125596855,'Regent' Japanese pagodatree
13851734,96,40.72718159830059,-73.98419786604288,'Green Vase' Zelkova
11780201,96,40.72706825956373,-73.9841706546487,London planetree
5247733,96,40.727022940808695,-73.9840837951004,hophornbeam
2116809,96,40.726969190176256,-73.9839621694537,Thornless honeylocust
2114752,96,40.726988644458714,-73.98374374700182,Thornless honeylocust
13852135,96,40.72689984687888,-73.98377931933327,'Princeton' American elm
2116808,96,40.72684623779258,-73.983670181983,London planetree
2114751,96,40.72692110012597,-73.98358340470202,Thornless honeylocust
2114750,96,40.72688679618425,-73.98350197216557,Thornless honeylocust
2114749,96,40.72685249104098,-73.98342053896158,Thornless honeylocust
17042423,96,40.72681944050263,-73.98333175743102,'Princeton' American elm
2114748,97,40.726779096190086,-73.98324631062141,Thornless honeylocust
2110053,97,40.726797158972865,-73.98310150367388,Thornless honeylocust
2110052,97,40.72687300047533,-73.98304618726364,pin oak
2110051,97,40.726930120723864,-73.9830045246784,Thornless honeylocust
14529508,97,40.72687429800015,-73.98281512157082,Callery pear
15933567,97,40.72679027010408,-73.98287632573937,'Kwanzan' Flowering cherry
2116807,97,40.72673219102188,-73.98339934467477,Shumard's oak
2114662,97,40.726473787087144,-73.98333629887186,pin oak
2114663,97,40.72626987977523,-73.98348382996608,common hackberry
2110220,97,40.72628682130352,-73.98324302644171,Callery pear
14500060,97,40.726197750787,-73.9833079033053,'Sterling' Silver linden
14500058,97,40.72611132121154,-73.98337085514176,'Sterling' Silver linden
2110142,97,40.72601305653058,-73.98331485260525,Green ash
4613392,97,40.72596660750129,-73.98319477520073,Chinese elm
2110141,97,40.7259230339379,-73.9831011788886,Green ash
2110140,97,40.72587782342741,-73.98299386726364,Japanese pagoda tree
2110139,97,40.725831946978694,-73.9828849790242,Green ash
2110138,97,40.725783944771855,-73.98277104124922,Green ash
4625355,97,40.72573567474304,-73.98265647233526,Ash
2122331,97,40.72567024663554,-73.9827901147842,Thornless honeylocust
2122330,97,40.72572707236256,-73.98292526198485,Thornless honeylocust
2122329,97,40.72575535217067,-73.98299252001901,Thornless honeylocust
2122328,98,40.72580075891884,-73.98310051237746,Thornless honeylocust
2122327,98,40.725831695099714,-73.9831740858818,Thornless honeylocust
10165397,98,40.725870981286825,-73.98325740532096,'Streetkeeper' Thornless honeylocust
10164129,98,40.725907329206976,-73.98334743620151,'Streetkeeper' Thornless honeylocust
2118728,98,40.72589115948015,-73.9835285747684,London planetree
2114701,98,40.72588104241459,-73.98376771025453,London planetree
1166509,98,40.72581561927526,-73.98381545502752,London planetree
2114702,98,40.72565230049676,-73.9839337454148,Thornless honeylocust
5237331,98,40.725054139017175,-73.98438276105473,'Greenspire' Littleleaf linden
2118698,98,40.72472592850011,-73.9846088171652,maidenhair tree
2118697,98,40.7246154764572,-73.98468922109872,maidenhair tree
2118695,98,40.72445748286701,-73.98480422968905,maidenhair tree
12216776,98,40.7243781820421,-73.98528246988414,'Green Vase' Zelkova
12216777,98,40.724354102770526,-73.98522643525936,'Green Vase' Zelkova
12230452,98,40.72432273876773,-73.98515085570801,'Green Vase' Zelkova
12216778,98,40.72428428373923,-73.98505933299239,'Green Vase' Zelkova
2118672,98,40.72411244884367,-73.98505556082249,maidenhair tree
5238930,98,40.72404657144507,-73.98511019096807,Caucasian linden
2118671,98,40.723926375687206,-73.98519030829965,Thornless honeylocust
2118670,98,40.723841273235415,-73.98525193692619,Thornless honeylocust
2144748,98,40.723606862431886,-73.98507070339684,Thornless honeylocust
2144749,98,40.72357283637117,-73.98498989942163,Thornless honeylocust
2144750,99,40.72354638356703,-73.98492708509409,Thornless honeylocust
2144751,99,40.723518869662136,-73.98486174640155,Thornless honeylocust
2146560,99,40.72343545867658,-73.98492650513722,pin oak
2146561,99,40.7234080677555,-73.98486148821404,littleleaf linden
2146562,99,40.72337323102222,-73.98477879823649,pin oak
2146563,99,40.72332802205987,-73.98467149108242,littleleaf linden
2146564,99,40.72329052478852,-73.98458248842196,pin oak
2146565,99,40.72324185842816,-73.98446697555144,littleleaf linden
10183656,99,40.72320009279316,-73.98436033994778,'Harvest Gold' Mongolian linden
2144755,99,40.72327987676521,-73.98429421516603,Thornless honeylocust
2144754,99,40.72332347473833,-73.98439774779274,maidenhair tree
2144753,99,40.723394190326694,-73.98456567126404,pin oak
2144752,99,40.723438584858414,-73.98467109510943,maidenhair tree
2110073,99,40.723842256240566,-73.9840099037762,maidenhair tree
2110074,99,40.72388131270009,-73.98410272016592,scarlet oak
2110075,99,40.72394242010175,-73.98424794449336,maidenhair tree
2143976,99,40.72405164790327,-73.98424918439619,silver linden
2143977,99,40.72401043452018,-73.98415133763785,littleleaf linden
12689361,99,40.72397520373275,-73.98406769508264,'Green Vase' Zelkova
4609662,99,40.723936384362744,-73.98395709007616,Japanese pagoda tree
2143979,99,40.72388214167297,-73.9838467542564,Japanese pagoda tree
6544541,99,40.72434457753431,-73.98332694071759,Japanese pagoda tree
11537346,100,40.724424136879804,-73.9832381545449,'Millstone' Japanese pagodatree
2146868,100,40.72445739935926,-73.98331704372178,Japanese pagoda tree
2146867,100,40.72450476436391,-73.98342938183526,Japanese pagoda tree
2122347,100,40.72441135950232,-73.98349572945921,Japanese pagoda tree
12689360,100,40.72447825858119,-73.98364130321858,'Skyline' Thornless honeylocust
10164126,100,40.72451390692332,-73.98371959604272,Hardy Rubber Tree
6161889,100,40.72454895477927,-73.98380996313554,Japanese pagoda tree
6161890,100,40.72460968876438,-73.98365570885667,Thornless honeylocust
4599927,100,40.72475448154618,-73.98400564793057,Thornless honeylocust
14051521,100,40.72463456003578,-73.98402068509827,pin oak
6544539,100,40.7246694679448,-73.98409728733537,pin oak
6544538,100,40.72470069623539,-73.9841706254777,pin oak
4608200,100,40.724742009413085,-73.98427498304576,pin oak
5233731,100,40.72465754119196,-73.98443047151399,'Greenspire' Littleleaf linden
2118795,100,40.72458420853812,-73.98448429195737,Thornless honeylocust
2118796,100,40.72452621353764,-73.98452685470714,Thornless honeylocust
2118797,100,40.724455277118516,-73.98457891784824,common hackberry
4603983,100,40.72433862143203,-73.98466409044941,London planetree
5364163,100,40.724232517066184,-73.98465088865507,Thornless honeylocust
6544547,100,40.72420015800351,-73.98456896158537,Thornless honeylocust
14529197,100,40.724154543164545,-73.98447666462155,northern red oak
6544546,100,40.72413478046827,-73.98442258893037,Thornless honeylocust
2123433,101,40.72225494166863,-73.98212148784947,Japanese pagoda tree
2123432,101,40.72230560557954,-73.98224131843989,Callery pear
2123431,101,40.722332270324046,-73.9823043860187,'Green leaf' Japanese flowering cherry
2123430,101,40.722359602595056,-73.9823690325751,Callery pear
2123429,101,40.72238560199701,-73.98243052508508,Callery pear
4612470,101,40.72246953338802,-73.98234529059167,silver linden
4600088,101,40.72243891367994,-73.98228433214811,Thornless honeylocust
6669866,101,40.72256440189255,-73.98204904016997,Callery pear
284985,101,40.722922620246806,-73.98183010180479,Callery pear
6582162,101,40.723025189621815,-73.98178700694439,Kentucky coffeetree
6582161,101,40.72299658697701,-73.98171498709955,Thornless honeylocust
6582160,101,40.722964409312134,-73.98163983561962,Kentucky coffeetree
2122304,101,40.72285216797844,-73.98140362155458,Callery pear
2110182,101,40.72281176287821,-73.98157093778929,Callery pear
2110183,101,40.72277983948611,-73.98149519951629,Callery pear
2110184,101,40.72274977918989,-73.98142388020834,Thornless honeylocust
2110185,101,40.72271200254097,-73.98133425639676,Thornless honeylocust
2122301,101,40.722741643156404,-73.98114178423323,Thornless honeylocust
4599653,101,40.72253780440661,-73.98091018955368,Thornless honeylocust
2122297,101,40.722567998250774,-73.9807304173062,Callery pear
2122298,101,40.722609811164276,-73.98082947424368,pin oak
2122299,101,40.72264696350759,-73.98091748938764,pin oak
2122300,101,40.72268092032167,-73.98099793241997,Thornless honeylocust
6663881,102,40.72271202268508,-73.98092337082103,Chinese crabapple
6663879,102,40.722765423619215,-73.9809265115073,English yew
6663878,102,40.72276728968863,-73.98090705202686,English yew
6663877,102,40.72287582595501,-73.98084479579575,English yew
6663876,102,40.72292592508583,-73.98078905156267,alternateleaf dogwood
2122296,102,40.72247531483915,-73.98051085510355,maidenhair tree
2122295,102,40.72241832044458,-73.98037583686013,maidenhair tree
6582159,102,40.72234206846276,-73.98045133383862,pin oak
2142335,102,40.72201932443499,-73.98025088861519,Thornless honeylocust
2142334,102,40.72207779299833,-73.98020796058499,Siberian elm
2110046,102,40.72216589714273,-73.98034633520912,Thornless honeylocust
2110047,102,40.72210056658115,-73.98039231891762,Thornless honeylocust
2110048,102,40.722031848344216,-73.98044068532712,Thornless honeylocust
2110049,102,40.721950063735406,-73.98049825043438,swamp white oak
2110050,102,40.721882797142925,-73.98054559554132,swamp white oak
2142343,102,40.72147236697914,-73.98000744580389,Japanese pagoda tree
2142344,102,40.72143561551995,-73.97992037734087,Japanese pagoda tree
2142370,102,40.72133117913057,-73.97993656487019,swamp white oak
2142371,102,40.721361549815306,-73.98000848241283,Callery pear
1591180,102,40.72139032906023,-73.98007044950684,Thornless honeylocust
16504147,102,40.72142215890371,-73.98015200206812,'Chicagoland' Hackberry
10164537,102,40.72145683301353,-73.98023062117483,Japanese zelkova
2142342,102,40.72154520325209,-73.98018000563482,Japanese zelkova
2142341,103,40.72159247292381,-73.98029199541828,silver linden
4600011,103,40.721640667601584,-73.98039333884232,Thornless honeylocust
2142373,103,40.721502881883154,-73.98034315159649,Japanese zelkova
2142374,103,40.721497240370184,-73.98065099183346,Thornless honeylocust
2122808,103,40.72154687762271,-73.98077735002903,Callery pear
4600098,103,40.72170353147106,-73.9808161612382,Thornless honeylocust
4599976,103,40.72172975363106,-73.98089522688268,Thornless honeylocust
2123441,103,40.7217809579301,-73.98100044754486,Japanese pagoda tree
6534140,103,40.72184654074324,-73.9811410266243,Japanese pagoda tree
4608581,103,40.721987765807114,-73.9814815518182,pin oak
2123439,103,40.722013617668026,-73.98155071743787,Thornless honeylocust
2123438,103,40.72204028279202,-73.98161378521566,Thornless honeylocust
14108790,103,40.72207294857958,-73.98169104372529,'Greenspire' Littleleaf linden
2123436,103,40.72209961477035,-73.98175411311823,Callery pear
2110097,103,40.72214246592087,-73.98159806750436,silver linden
2110098,103,40.722182812017735,-73.98169406727088,silver linden
2110099,103,40.72221200954499,-73.98176354041368,Japanese pagoda tree
2110100,103,40.72223881762173,-73.98182732995639,Japanese pagoda tree
2110101,103,40.72226536195242,-73.98189048753058,Japanese pagoda tree
2110102,103,40.72230622972503,-73.98196722862289,Japanese pagoda tree
2123434,103,40.722200944377725,-73.98199377411541,pin oak
2123435,103,40.72217427774668,-73.98193070377926,scarlet oak
2116823,104,40.72634514483208,-73.98410003158038,Japanese zelkova
2116822,104,40.726376920637904,-73.98417546851799,Japanese zelkova
2116821,104,40.726418133987075,-73.98427331801425,London planetree
11142888,104,40.72630893132267,-73.98430098011397,pin oak
2116866,104,40.72626877412505,-73.98421124371653,Shumard's oak
10196390,104,40.72623325844567,-73.98411387041106,'Green Vase' Zelkova
2116865,104,40.72618223794749,-73.98400616588673,Japanese pagoda tree
2116824,104,40.726273352068624,-73.98392958643815,London planetree
2116825,104,40.726233201230805,-73.98383426337108,London planetree
11775860,104,40.72612712216644,-73.98387554655457,red maple
2116819,104,40.72647769499369,-73.9844147232782,Thornless honeylocust
2116867,104,40.72658043209206,-73.9849498463799,Japanese zelkova
2116868,104,40.7266468852985,-73.98509327447807,London planetree
5792471,104,40.72675815905068,-73.98537105113469,shingle oak
2116810,104,40.72678420753734,-73.98573706703021,maidenhair tree
939094,104,40.72679797377211,-73.9860414785861,pin oak
4608553,104,40.72666485945415,-73.98614163307353,pin oak
2116854,104,40.72660414725502,-73.98618055455724,northern red oak
10089079,104,40.72650290944899,-73.98619223954694,Japanese zelkova
10089080,104,40.72636297148278,-73.98628816144893,Japanese zelkova
2116853,104,40.72629689932465,-73.98640267622389,Callery pear
2118646,104,40.726463627608084,-73.9864636304808,London planetree
2130992,104,40.726584994003375,-73.98647920770104,Callery pear
11177415,105,40.72663218837906,-73.98659167645515,swamp white oak
2118647,105,40.726530257855266,-73.98662133726548,swamp white oak
13518639,105,40.72665151461841,-73.98690224387245,maidenhair tree
13519399,105,40.72669150284309,-73.98700298727545,'Fastigiata' European hornbeam
2118650,105,40.72673867660175,-73.98711464480687,pin oak
11776400,105,40.72682440522663,-73.98704975962495,hedge maple
2130995,105,40.72689917171263,-73.98722793966077,Japanese zelkova
2118651,105,40.72681969681435,-73.98730641702174,Japanese pagoda tree
4684342,105,40.72699845955035,-73.9874645651586,London planetree
2118652,105,40.726970011482,-73.98766220739799,pin oak
13826741,105,40.727014008179076,-73.98775293828938,'Patriot' Elm
2130997,105,40.72715143013198,-73.98780141928285,Thornless honeylocust
15218048,105,40.72718126290824,-73.98790022581436,bur oak
2130999,105,40.72723097368697,-73.98801869655975,Japanese pagoda tree
2140471,105,40.72771117468189,-73.98818060800792,English oak
2140470,105,40.72759244044344,-73.9882636441301,English oak
2140469,105,40.727516352631795,-73.98831685436815,Thornless honeylocust
15218046,105,40.7273296409155,-73.98824151441507,'Shawnee Brave' Bald cypress
15218047,105,40.72730759645719,-73.98819062619883,'Shawnee Brave' Bald cypress
671004,105,40.72722109881528,-73.9882570002914,London planetree
5240936,105,40.72725757792139,-73.98834288207293,Hardy Rubber Tree
2131000,105,40.72731884858882,-73.9887245866428,Japanese zelkova
2131001,105,40.72702967414944,-73.98893034083471,maidenhair tree
2118545,106,40.72308954591282,-73.9878850752667,pin oak
2118546,106,40.72304620551666,-73.98778135728405,Green ash
2118547,106,40.72295899308186,-73.98757265837786,Callery pear
4929384,106,40.722868283502855,-73.98770675958463,Green ash
6528500,106,40.72282677031032,-73.9877939763184,Green ash
6528501,106,40.722766144943,-73.98807271258025,sweetgum
6528502,106,40.722799790004586,-73.98818964293112,Caucasian linden
15188104,106,40.72282018224464,-73.98826067918297,'Magyar' Ginkgo
15218034,106,40.72299190678633,-73.98832151753408,'Green Vase' Zelkova
2118637,106,40.72304336095075,-73.98838611789748,Japanese zelkova
2118638,106,40.72309080304725,-73.98836443410778,American elm
2146540,106,40.72342774326748,-73.98869182846833,Callery pear
6533726,106,40.72346233352982,-73.98877387346481,Thornless honeylocust
15218037,106,40.7233648861626,-73.9888044156704,'Frontier' Elm
2118718,106,40.723407927687866,-73.98892567739638,Callery pear
2146542,106,40.72362038746664,-73.98914875766009,Thornless honeylocust
2146543,106,40.72367785945056,-73.98928507928514,common hackberry
2146544,106,40.723804780082425,-73.98958612329905,Norway maple
2118717,106,40.723761229117706,-73.9897555840496,swamp white oak
15641986,106,40.723160084286064,-73.98991782402119,maidenhair tree
2125469,106,40.72312762054951,-73.98981908007248,Thornless honeylocust
2125468,106,40.72308603257741,-73.98968066568992,Japanese pagoda tree
2118835,106,40.72281641026176,-73.98964069593782,Thornless honeylocust
2118834,107,40.722742186726954,-73.98967108190884,Green ash
15216673,107,40.7227486086353,-73.98956048438268,chinkapin oak
15216665,107,40.72268547252565,-73.98959415918497,pin oak
15208686,107,40.722624719919146,-73.98962313605719,chinkapin oak
15216672,107,40.72255562722443,-73.9896646425663,swamp white oak
2118832,107,40.72254085998385,-73.98977497572827,American elm
2118831,107,40.72246268026575,-73.98981532069502,American elm
15208685,107,40.722453179691946,-73.98970928379241,chinkapin oak
15216679,107,40.722361453838005,-73.9897601877879,swamp white oak
15216670,107,40.722281640106836,-73.98979699590568,chinkapin oak
2116284,107,40.722189913245025,-73.98983693914928,London planetree
15216675,107,40.72213757095461,-73.98987223520926,swamp white oak
15216678,107,40.7220732433405,-73.98990904147601,northern red oak
15216667,107,40.72202082801449,-73.98993331983515,chinkapin oak
2118828,107,40.722037543835576,-73.99003470640302,mulberry
2118874,107,40.72203678347148,-73.99020989974797,Thornless honeylocust
2125484,107,40.72197678923539,-73.9904056110752,Thornless honeylocust
2125483,107,40.72200465405226,-73.99049975226036,Thornless honeylocust
2125482,107,40.722030529436175,-73.99058716780338,littleleaf linden
2125481,107,40.72205441368724,-73.99066785994356,goldenrain tree
2125478,107,40.72237077304088,-73.99071308429446,'Green leaf' Japanese flowering cherry
2125477,107,40.72247046480526,-73.99066183851043,Japanese pagoda tree
2125475,107,40.72262895079957,-73.99058036924673,Japanese pagoda tree
2125474,108,40.72269796940986,-73.99054489148443,maidenhair tree
5095900,108,40.722730277508695,-73.99074201891672,London planetree
5108807,108,40.72279164310059,-73.99072361570616,maidenhair tree
1956059,108,40.72288397664058,-73.99044935825619,Japanese pagoda tree
2125473,108,40.72295614696325,-73.99041217513356,Japanese pagoda tree
2125472,108,40.723040501766434,-73.99036881123475,Japanese pagoda tree
2125471,108,40.72311463334237,-73.99033070468234,maidenhair tree
2125470,108,40.72317853769358,-73.9902978540088,maidenhair tree
2147623,108,40.72335748691023,-73.99008481111603,Green ash
2147622,108,40.72333622277736,-73.99000898537419,Callery pear
2147621,108,40.72331913650236,-73.98994805289546,Japanese pagoda tree
2147620,108,40.72329920218817,-73.98987696592003,Callery pear
2147619,108,40.72327736877302,-73.98979911030852,Callery pear
2147618,108,40.723234176550825,-73.98964508802376,Japanese pagoda tree
2147617,108,40.72320417982859,-73.9895381196407,Green ash
2147616,108,40.72317836040787,-73.9894460452574,Japanese pagoda tree
6528503,108,40.72316462105399,-73.98935771727147,Caucasian linden
6528504,108,40.72312708276076,-73.98922540998625,Caucasian linden
6528505,108,40.72308179901141,-73.98906961648028,swamp white oak
2123469,108,40.722631756740746,-73.98872845668322,London planetree
2123468,108,40.7226190572994,-73.98880682507105,London planetree
2123470,108,40.72254901726143,-73.98875885178688,London planetree
2123467,108,40.722534567555705,-73.9888383710617,London planetree
2123466,109,40.72245219004631,-73.988869128194,London planetree
2123465,109,40.72236902115115,-73.98890018226265,London planetree
2123464,109,40.722284794980695,-73.98893162951377,London planetree
2123463,109,40.72220664250475,-73.98896080887052,London planetree
2123471,109,40.72221171279819,-73.98888276320054,London planetree
2123472,109,40.72212897327354,-73.98891315867264,London planetree
2123462,109,40.722118720173256,-73.98899363650462,London planetree
2123461,109,40.72204611189444,-73.98902074641958,hedge maple
2123473,109,40.722021120658084,-73.98895277952315,London planetree
2123474,109,40.72191934688177,-73.98899016476048,London planetree
2123475,109,40.72181889510447,-73.98902706639348,London planetree
2123476,109,40.72171818028381,-73.98906406416182,London planetree
2116285,109,40.72154694395393,-73.98869120810954,Japanese zelkova
10183267,109,40.72149038048753,-73.9887583960076,'Green Vase' Zelkova
15216697,109,40.72134511505492,-73.98863377993986,Caucasian linden
15216688,109,40.72131184907471,-73.98854644849526,'Frontier' Elm
10408117,109,40.721389130975304,-73.9884185928076,maple
2111105,109,40.72145410673212,-73.98838341104764,Shumard's oak
6515298,109,40.72153612764421,-73.98841837786337,Thornless honeylocust
2116138,109,40.72159158999047,-73.98850893903959,littleleaf linden
2116139,109,40.721672462468675,-73.98846773804553,Japanese zelkova
2116140,109,40.72181680250051,-73.98839419928679,Callery pear
2116141,110,40.72185160768005,-73.9883764677148,Callery pear
2116142,110,40.722012326719806,-73.98829458601742,scarlet oak
17042427,110,40.72202442327216,-73.98817874921238,pin oak
2146537,110,40.72206997041489,-73.98814697881382,Thornless honeylocust
2146536,110,40.7221526610762,-73.98810495902613,Japanese zelkova
2116143,110,40.72214131222708,-73.9882288703074,maidenhair tree
2116144,110,40.722221160514714,-73.98818819117345,maidenhair tree
15216707,110,40.7222723722896,-73.98816886534698,Shumard's oak
2116145,110,40.722406447707975,-73.98809379084864,Japanese zelkova
2116146,110,40.72248578361692,-73.98805336928092,Japanese zelkova
2118549,110,40.722845353297686,-73.98730071849432,Green ash
2118550,110,40.722797782033346,-73.98718688327749,Green ash
2118551,110,40.72275443986284,-73.98708316620319,Green ash
2118688,110,40.72265861465882,-73.9872217181157,Green ash
2118687,110,40.72270223355409,-73.98737827106346,Green ash
2118686,110,40.72273024156315,-73.98748865556968,Green ash
2124436,110,40.72255000931294,-73.98736306198685,London planetree
2124435,110,40.722568913755254,-73.98742500666334,Callery pear
2124433,110,40.722609481998845,-73.98755793433659,Green ash
2124432,110,40.72263605091165,-73.98764499088962,Callery pear
12230454,110,40.72249382210429,-73.98771434613808,'Skyline' Thornless honeylocust
12230455,110,40.722470396296615,-73.98764077808005,'Skyline' Thornless honeylocust
13765568,111,40.7222442503225,-73.98731304570109,Japanese zelkova
13765177,111,40.722313938427156,-73.9872856307574,Japanese zelkova
15372186,111,40.72227681365198,-73.98700721085642,Japanese zelkova
6525732,111,40.72240634037235,-73.98696046334217,Caucasian linden
6525731,111,40.722366907267016,-73.98680418712146,swamp white oak
6525730,111,40.722346528159555,-73.9866764010283,sweetgum
6525729,111,40.72231892521395,-73.9865745202204,swamp white oak
6525728,111,40.7222893535604,-73.98648386422316,Caucasian linden
15218035,111,40.72253643965748,-73.98654818925384,'Redmond' American linden
15218036,111,40.72252691988909,-73.98676999004196,'Redmond' American linden
16487830,111,40.72256793413196,-73.98688099451714,Japanese zelkova
6525727,111,40.72262837212522,-73.9868922077553,'Crimson Point' Cherry plum
6523314,111,40.72213450093816,-73.98605999376532,sweetgum
6523313,111,40.72210620835444,-73.98597183251637,Caucasian linden
6523312,111,40.72207782544473,-73.98588906930284,Caucasian linden
6523311,111,40.722058187859375,-73.98581011412155,Caucasian linden
6523310,111,40.72202367584583,-73.98569832735114,sweetgum
13883688,111,40.7218990707127,-73.98576785146135,'State Street' Miyabe maple
14051120,111,40.72192473479243,-73.98585149734673,'State Street' Miyabe maple
14500027,111,40.72195532646974,-73.98595120301958,'Mushashino' Zelkova
2118566,111,40.721999261704276,-73.98609440438926,Thornless honeylocust
2142496,111,40.722194992027255,-73.98563242160613,Thornless honeylocust
2118562,112,40.72166970447725,-73.98573615184186,swamp white oak
2118561,112,40.721589399073444,-73.9857772786145,Green ash
2118559,112,40.721345928588065,-73.98590196813895,Green ash
5240534,112,40.7212692048077,-73.9859412606433,dawn redwood
2118557,112,40.721190689598004,-73.98598147111693,Green ash
2118556,112,40.72113953905928,-73.98600766625869,Green ash
2118555,112,40.721088389658036,-73.98603386211151,Green ash
2118554,112,40.72101089848876,-73.98607354754944,Green ash
2118614,112,40.720865257169855,-73.98603236738069,Callery pear
2118740,112,40.720725536931376,-73.98597119117076,Japanese zelkova
6082649,112,40.72068316947586,-73.9858326084738,'Princeton' American elm
2118756,112,40.72062287520746,-73.98593118380701,goldenrain tree
2118757,112,40.72058655323007,-73.98581273403671,goldenrain tree
2118758,112,40.7205496155979,-73.98569227857162,goldenrain tree
10576007,112,40.72062483515129,-73.98564180457065,London planetree
10183268,112,40.72060068225837,-73.98556280556387,European hornbeam
2118759,112,40.7205081625804,-73.98555709935282,goldenrain tree
2118809,112,40.720330057897066,-73.98545612498532,Japanese pagoda tree
2118775,112,40.720291225549694,-73.9853545410915,Callery pear
2118774,112,40.72021300616811,-73.98539475235307,Callery pear
12230458,112,40.72013120852495,-73.98543680489996,red maple
2118811,112,40.72012663926464,-73.98556090832064,white oak
2118810,113,40.72022630302273,-73.98550956937879,Japanese pagoda tree
2116310,113,40.72043763739838,-73.98625042039241,bur oak
2116262,113,40.720478276611836,-73.98634818665998,Thornless honeylocust
2116263,113,40.72060609165683,-73.98628249975091,goldenrain tree
2116264,113,40.720667953586975,-73.98625070808046,goldenrain tree
6675465,113,40.72067377198839,-73.98637648633824,mulberry
2116268,113,40.720743270185146,-73.98632620884807,goldenrain tree
2116269,113,40.72077514402519,-73.98643532848412,goldenrain tree
6675466,113,40.7207100433795,-73.9865024967006,Norway maple
6201510,113,40.72070803212732,-73.9865305595135,mulberry
15971231,113,40.72088363618367,-73.98649239112878,'Halka' Thornless honeylocust
2118523,113,40.72094558442636,-73.9866952834611,Thornless honeylocust
15657306,113,40.721129955065656,-73.98699598633483,'Autumn Blaze' Freeman maple
14051140,113,40.72115367869468,-73.98697366872001,'Autumn Blaze' Freeman maple
2118593,113,40.7211904856518,-73.98672113713,pin oak
2118592,113,40.72137969178732,-73.9866240577565,pin oak
2118591,113,40.721499863863784,-73.98656240053351,pin oak
2118590,113,40.72160725124556,-73.98650730102632,pin oak
2118589,113,40.721710037404016,-73.98645456376931,pin oak
14051520,113,40.72182765233926,-73.98639421647903,'State Street' Miyabe maple
2116244,113,40.7218162401875,-73.98663130265356,maidenhair tree
12230453,113,40.721657157122266,-73.9867127466128,'Green Vase' Zelkova
2123415,114,40.730167207786394,-73.98403674786026,Thornless honeylocust
5780558,114,40.73014332264509,-73.98396641098857,'Espresso' Kentucky coffee tree
5787295,114,40.73011710615233,-73.98390847525758,'Espresso' Kentucky coffee tree
2123418,114,40.730086193600414,-73.98384495946095,Thornless honeylocust
2123384,114,40.73016269268842,-73.9837669672024,Thornless honeylocust
5244538,114,40.730206318805195,-73.98383975799582,Kentucky coffeetree
2123385,114,40.73030915377599,-73.98411403227034,littleleaf linden
2123414,114,40.73021504278617,-73.98414999050398,Thornless honeylocust
2123413,114,40.73024995255307,-73.9842326367593,Thornless honeylocust
2123386,114,40.73036986865191,-73.98425790639806,Japanese zelkova
2123412,114,40.730333097390336,-73.98442947242421,Thornless honeylocust
2123410,114,40.73041717483006,-73.98462851757354,littleleaf linden
2123409,114,40.7304582138441,-73.98472567350142,Thornless honeylocust
13584048,114,40.73054082358743,-73.98492124918414,sweetgum
2123387,114,40.73063136561944,-73.98487757883531,Thornless honeylocust
15936569,114,40.730664252276654,-73.9849555118454,'Skyline' Thornless honeylocust
2123389,115,40.73069807181299,-73.98503565394074,Japanese zelkova
2123390,115,40.73073135761829,-73.98511453264456,Thornless honeylocust
2123406,115,40.73062769896517,-73.98512691883751,Thornless honeylocust
2123405,115,40.73067433226743,-73.98523732493067,Japanese pagoda tree
2123404,115,40.730707643092856,-73.98531618716441,Thornless honeylocust
2123391,115,40.730909103313735,-73.98553575129326,Thornless honeylocust
15208739,115,40.73087069622082,-73.98567786103702,'Sterling' Silver linden
2123392,115,40.73096555563537,-73.98566953067927,London planetree
2121493,115,40.730805727374786,-73.98592896402275,Thornless honeylocust
2122139,115,40.73117361411,-73.98616786843338,Japanese pagoda tree
16159636,115,40.73124483487455,-73.98633626898936,Unknown
2118098,115,40.7311945395451,-73.98647202806603,Japanese pagoda tree
2118097,115,40.7312539245646,-73.98661357250248,maidenhair tree
5250132,115,40.73132042310429,-73.98677182300197,'Regent' Japanese pagodatree
2122142,115,40.731385937801285,-73.98666991506869,Japanese pagoda tree
4680804,115,40.7321392942761,-73.98645606696626,Callery pear
2128028,116,40.729195212859146,-73.98924298540449,Chinese elm
2128020,116,40.729257830236804,-73.98913102472099,littleleaf linden
2128021,116,40.72928668406397,-73.98919951934951,pin oak
2128022,116,40.72930622877979,-73.98924591855828,willow oak
2128023,116,40.72933747614934,-73.98932009481346,littleleaf linden
2128027,116,40.729341906834414,-73.98959070011152,Japanese pagoda tree
16309831,116,40.72940847847373,-73.98948864747385,Chinese elm
16309819,116,40.72944136476451,-73.98955275123984,Chinese elm
16309834,116,40.729468180037486,-73.98963037115723,Chinese elm
16309820,116,40.72959278992791,-73.98972272470377,sawtooth oak
589710,116,40.73003313557672,-73.98970299652706,Thornless honeylocust
4918330,116,40.72991201559008,-73.98986811831148,maidenhair tree
4918331,116,40.72989892218966,-73.98999496576772,maidenhair tree
4918332,116,40.72987748407838,-73.99005604307139,maidenhair tree
4918333,116,40.72986676709767,-73.99011085423686,maidenhair tree
4918334,116,40.72986319869356,-73.99017506109244,maidenhair tree
4918335,116,40.72985248232029,-73.99023770248543,maidenhair tree
4918336,116,40.729836999582965,-73.99028468479035,maidenhair tree
5249732,116,40.729781612273456,-73.99028635031974,common hackberry
5250534,117,40.72975345047192,-73.99019817413395,common hackberry
4918337,117,40.72972486567762,-73.99009265534015,Thornless honeylocust
580274,117,40.729606360158854,-73.99029258021599,pin oak
580273,117,40.72964021247234,-73.99050222815319,London planetree
11797662,117,40.72969089754577,-73.99061051456228,shingle oak
11797670,117,40.72954261795591,-73.99077459202552,sawtooth oak
11797660,117,40.72949791535089,-73.99079280683208,sawtooth oak
11797661,117,40.7294211201711,-73.99081708154063,sawtooth oak
11797659,117,40.729368723916075,-73.99083844611143,Japanese zelkova
11797667,117,40.72929807920465,-73.9908547536305,Japanese zelkova
11797665,117,40.729235856673505,-73.9908755767691,sawtooth oak
11797668,117,40.729163398559905,-73.99089009698577,sawtooth oak
11797672,117,40.72909473886342,-73.99091647127494,sawtooth oak
11797663,117,40.729033079168694,-73.99093224598995,sawtooth oak
11797664,117,40.72896522973875,-73.99095865389933,sawtooth oak
11797671,117,40.72887467027354,-73.99098463712714,sawtooth oak
11797669,117,40.72881468408072,-73.99099764686213,sawtooth oak
11797673,117,40.72867717461088,-73.99104087203838,sawtooth oak
11797666,117,40.72861307341127,-73.99105928371412,sawtooth oak
2116207,118,40.71410597728519,-73.99560382289235,'Green leaf' Japanese flowering cherry
2116206,118,40.71409357481095,-73.99576750182365,'Green leaf' Japanese flowering cherry
2116205,118,40.714084110481096,-73.99589241498744,'Green leaf' Japanese flowering cherry
2124236,118,40.71424807919041,-73.99589529592154,'Green leaf' Japanese flowering cherry
2124237,118,40.71424409551429,-73.9959502394296,'Green leaf' Japanese flowering cherry
2124238,118,40.71424146753188,-73.99598650645486,apple
2124239,118,40.7142384205885,-73.99602852101003,'Green leaf' Japanese flowering cherry
2124240,118,40.71423024675017,-73.9961412779956,'Green leaf' Japanese flowering cherry
2124241,118,40.71422563937963,-73.99620483750927,'Green leaf' Japanese flowering cherry
2124242,118,40.714217907194055,-73.99631148845363,'Green leaf' Japanese flowering cherry
14145059,118,40.714227452932235,-73.99637364186052,littleleaf linden
2124243,118,40.71422032421987,-73.99641761653227,'Green leaf' Japanese flowering cherry
2124244,118,40.714216072050284,-73.99648936514224,'Green leaf' Japanese flowering cherry
2124245,118,40.71421663965999,-73.99655806614393,'Green leaf' Japanese flowering cherry
2124246,118,40.71421439157906,-73.99662737826237,'Green leaf' Japanese flowering cherry
2124247,118,40.71420623131742,-73.9966953792941,'Green leaf' Japanese flowering cherry
2124248,118,40.71420891483382,-73.99673336545085,'Green leaf' Japanese flowering cherry
2124249,118,40.71419406855994,-73.99679530139473,'Green leaf' Japanese flowering cherry
2124250,118,40.714188588548474,-73.99682901789006,'Green leaf' Japanese flowering cherry
2124251,118,40.71417881282296,-73.99689930652418,'Green leaf' Japanese flowering cherry
2124253,118,40.714155512963025,-73.99695352935422,'Green leaf' Japanese flowering cherry
2124254,118,40.71413329255605,-73.99702489389234,maidenhair tree
2124255,119,40.71413139668212,-73.99708123794917,maidenhair tree
2124256,119,40.714124846789815,-73.99714140510048,maidenhair tree
2124274,119,40.71417490931286,-73.99722645215903,maidenhair tree
2124273,119,40.714183268494175,-73.99726034163777,American basswood
2124275,119,40.714208122356055,-73.99723845230112,American basswood
2124276,119,40.71420181426162,-73.99720275535867,maidenhair tree
2124278,119,40.71422940252188,-73.99717845655513,maidenhair tree
2124277,119,40.714235939349045,-73.99721395209724,American basswood
2124279,119,40.71426425150087,-73.99718795786019,American basswood
2124280,119,40.7142916794787,-73.9971568473908,American basswood
2124281,119,40.71429739368382,-73.99710913407326,'Green leaf' Japanese flowering cherry
14148185,119,40.71425326771149,-73.9970891001166,Callery pear
5349729,119,40.71427494811436,-73.99705280297727,'Green leaf' Japanese flowering cherry
14148183,119,40.71424247232646,-73.9970260508453,'Green leaf' Japanese flowering cherry
2124252,119,40.714208048408864,-73.99698068782243,'Green leaf' Japanese flowering cherry
14148182,119,40.71419002170713,-73.99705031549627,Callery pear
2124282,119,40.71434487316029,-73.99709651047287,'Green leaf' Japanese flowering cherry
2124283,119,40.71441167512648,-73.99703692811771,'Green leaf' Japanese flowering cherry
2124284,119,40.71445551849358,-73.99700748963481,'Green leaf' Japanese flowering cherry
2124285,119,40.71451470924158,-73.99696282712415,'Green leaf' Japanese flowering cherry
2124286,119,40.714570225609535,-73.99692514471413,'Green leaf' Japanese flowering cherry
2124287,119,40.71464275626853,-73.9968743303261,'Green leaf' Japanese flowering cherry
2124288,120,40.71472076152492,-73.99682227858086,'Green leaf' Japanese flowering cherry
15373573,120,40.71475841899261,-73.99679867710024,Unknown
2124290,120,40.71479904875047,-73.99677321095034,'Green leaf' Japanese flowering cherry
2124291,120,40.71478782466589,-73.99674228005797,'Green leaf' Japanese flowering cherry
2124292,120,40.71485689469239,-73.99673631193419,'Green leaf' Japanese flowering cherry
2124293,120,40.714847170929104,-73.996700556243,'Green leaf' Japanese flowering cherry
2124295,120,40.714902673951215,-73.99665923310238,'Green leaf' Japanese flowering cherry
2124294,120,40.71491717557185,-73.99670353477855,'Green leaf' Japanese flowering cherry
14582166,120,40.71492864022317,-73.9968720668913,'Green Vase' Zelkova
5790423,120,40.71487899231975,-73.99690239648368,'Autumnalis' Higan cherry
14529237,120,40.71452806073323,-73.99716233984886,'Green Vase' Zelkova
14529238,120,40.71449388747274,-73.99719215360825,'Green Vase' Zelkova
2122837,120,40.71445570111593,-73.99722118668853,London planetree
14529227,120,40.7144141936111,-73.9972510780931,'Green Vase' Zelkova
2122835,120,40.714372598542724,-73.9972781625884,'Green leaf' Japanese flowering cherry
2122834,120,40.71431463191325,-73.99732128108231,'Green leaf' Japanese flowering cherry
13868744,120,40.714266589582515,-73.99735203459723,'Millstone' Japanese pagodatree
13869140,120,40.71422377158681,-73.99738930716423,'Millstone' Japanese pagodatree
2122831,120,40.71417668689672,-73.99741346910976,'Green leaf' Japanese flowering cherry
13869943,120,40.71412943613896,-73.99745290082593,'Millstone' Japanese pagodatree
14495881,120,40.71401324051043,-73.99688795076281,'Skyline' Thornless honeylocust
14495060,120,40.71345429672954,-73.99641622535202,swamp white oak
14495061,121,40.71345516233707,-73.99633920975724,swamp white oak
14495062,121,40.71347699698333,-73.99620014646172,swamp white oak
14495444,121,40.71350570572772,-73.9958276603688,swamp white oak
14495064,121,40.713701617034005,-73.99547815089693,'Green Vase' Zelkova
14495065,121,40.713711270128854,-73.99536592968848,'Green Vase' Zelkova
14495063,121,40.71355640036349,-73.9951840488776,swamp white oak
15197088,121,40.71331441190885,-73.99457985070325,'Redmond' American linden
15197089,121,40.71322923325039,-73.99456498407446,'Redmond' American linden
15197087,121,40.713172902627555,-73.99455058255343,'Redmond' American linden
3904848,121,40.71308556727654,-73.99466267542829,Norway maple
3904849,121,40.713079969890494,-73.99472933844284,Norway maple
15197091,121,40.71304782514614,-73.99475098994455,'Redmond' American linden
15197090,121,40.71303642861611,-73.99486396099908,'Redmond' American linden
2112801,121,40.713012970324485,-73.99506628668969,Shumard's oak
2112802,121,40.71300494022606,-73.99516165521958,maidenhair tree
2112803,121,40.712991235723806,-73.99532442682609,maidenhair tree
2112804,121,40.71297837747076,-73.99547715989871,maidenhair tree
15197086,121,40.712936918676746,-73.9961442611343,'Harvest Gold' Mongolian linden
13807460,121,40.712881482330175,-73.99675036081017,Hardy Rubber Tree
13807459,121,40.712865383138706,-73.99695890360293,Hardy Rubber Tree
2143609,121,40.71239709765313,-73.99709338197243,London planetree
15325090,121,40.71239124263222,-73.99706686762327,'Green Mountain' Silver linden
14155381,122,40.712319595351524,-73.99707293599569,shingle oak
14514584,122,40.712241015719066,-73.99705220304791,shingle oak
2143612,122,40.712177794511796,-73.99700057380862,northern red oak
2143614,122,40.71213284209442,-73.99713214887036,northern red oak
2143615,122,40.71212783184329,-73.99722893456229,London planetree
2143616,122,40.712120204429894,-73.99733279177893,London planetree
14204050,122,40.712179950676855,-73.99749496359674,littleleaf linden
14204036,122,40.71233489688531,-73.99776400454381,lagerstroemia
14155384,122,40.71231570253802,-73.99779969912689,maidenhair tree
2143620,122,40.71225464331191,-73.99775550646812,London planetree
14204045,122,40.71217478457889,-73.99773226658887,Cherry
14155383,122,40.71214944296636,-73.99776016017573,maidenhair tree
2125449,122,40.712158447157556,-73.99789341327461,maidenhair tree
2125450,122,40.71221565346268,-73.9979109262545,maidenhair tree
13807457,122,40.71233008089942,-73.99794417955522,'Princeton' American elm
2125451,122,40.712506496306254,-73.99799996587419,maidenhair tree
2125452,122,40.7125701185071,-73.99801944323013,maidenhair tree
13804607,122,40.71223061911428,-73.99882795705697,'New Horizon' Elm
13804608,122,40.7121329327207,-73.99879742986181,'New Horizon' Elm
14177846,122,40.711969124301575,-73.99851406282905,European hornbeam
12246717,122,40.71189329146106,-73.99764458842536,'Sterling' Silver linden
12231919,122,40.71192564014641,-73.99740295535165,'Sterling' Silver linden
2128081,123,40.73068693724572,-73.98123646240602,sweetgum
2128080,123,40.7307149033543,-73.98130271755257,sweetgum
2128079,123,40.73076151230651,-73.98141314141738,sweetgum
2128077,123,40.73114037614276,-73.98231074184164,Thornless honeylocust
2123033,123,40.73100148602083,-73.98266931331996,Thornless honeylocust
2128071,123,40.73122324916185,-73.98281105111164,Thornless honeylocust
2128072,123,40.731109534436946,-73.98289488165288,Green ash
2128073,123,40.73100515537338,-73.98297182851857,Thornless honeylocust
2128074,123,40.73094099570268,-73.98301912715839,Callery pear
2128075,123,40.73088545475201,-73.98306007096427,Callery pear
2128076,123,40.73083948965822,-73.98309395538988,Callery pear
5042233,123,40.73077634332321,-73.98307576995985,Japanese zelkova
2114776,123,40.730791826128964,-73.98326031302362,willow oak
2122364,123,40.73057793374078,-73.98328457038765,Thornless honeylocust
2122365,123,40.730424968624995,-73.98339588853531,willow oak
10197193,123,40.73028669292635,-73.98349880771066,Hardy Rubber Tree
12733003,123,40.730131251917946,-73.98353619887915,Japanese zelkova
156568,123,40.730105944397046,-73.98331952781521,Kentucky coffeetree
2114587,123,40.73027815998394,-73.98320877495196,Callery pear
2114588,123,40.73036630607753,-73.98313828287684,Japanese zelkova
10202004,123,40.73045207048725,-73.9830756200461,pin oak
4608326,124,40.73049364153327,-73.98302907924878,Japanese zelkova
2114635,124,40.730494364867305,-73.98284753588585,'Not Green leaf' Japanese flowering cherry
2114636,124,40.730456579523505,-73.9827570860243,littleleaf linden
2114637,124,40.73042592732312,-73.98268371274393,littleleaf linden
2122362,124,40.73053054626524,-73.98265156816649,Japanese zelkova
2122363,124,40.7305689790495,-73.9827423726981,Japanese zelkova
2114554,124,40.729926508567544,-73.98320729029096,'Green leaf' Japanese flowering cherry
15208846,124,40.729954968360275,-73.98327483527058,'Bloodgood' London planetree
2114619,124,40.72989157909937,-73.98338351421651,Japanese pagoda tree
2114618,124,40.72985010931587,-73.9832850235608,London planetree
2114617,124,40.729815285203266,-73.98320231588657,Kentucky coffeetree
5243736,124,40.729857221136264,-73.98304284900702,'Valley Forge' American Elm
2114638,124,40.73035511046508,-73.9825141987929,Thornless honeylocust
2114639,124,40.730327100901015,-73.98244715198179,Japanese pagoda tree
2114640,124,40.73026156872208,-73.98229028799302,Thornless honeylocust
164941,124,40.729731204192134,-73.98272308433353,pin oak
14041170,124,40.72975242607273,-73.98279413510812,pin oak
2114552,124,40.729797376471005,-73.98290081698254,littleleaf linden
2114616,124,40.72974218120079,-73.98302869333665,pin oak
2114615,124,40.72971905252938,-73.98297376500284,northern red oak
2114614,124,40.72969884917011,-73.98292578222336,pin oak
2114613,125,40.72966508819584,-73.98284559953944,pin oak
2114612,125,40.729637972407296,-73.98278120121515,pin oak
2114611,125,40.72960660469776,-73.98270670224548,pin oak
5354540,125,40.72965943452901,-73.98257492754621,pin oak
2114610,125,40.7295513100975,-73.98257538051729,pin oak
2114550,125,40.72956132013325,-73.98234058166446,London planetree
2114549,125,40.729529402422614,-73.9822648315917,pin oak
13868743,125,40.729462715972566,-73.98235577361766,'Exclamation' London planetree
243046,125,40.72930850189975,-73.98200124501348,Cherry
15763356,125,40.72936475916708,-73.98187409146296,bur oak
14040364,125,40.72940385848541,-73.98196688346302,'New Horizon' Elm
2114547,125,40.729449873638366,-73.98207609031893,Japanese pagoda tree
2114548,125,40.72948072748912,-73.98214931411086,littleleaf linden
2114644,125,40.73007633333171,-73.98184689669321,Thornless honeylocust
10202002,125,40.730110685442504,-73.98192912228214,'Espresso' Kentucky coffee tree
2114642,125,40.73016511887725,-73.98205942101444,Japanese pagoda tree
2122361,125,40.73026605100245,-73.9820266549331,Thornless honeylocust
2122360,125,40.730246568625255,-73.98198062172324,Thornless honeylocust
2122359,125,40.73020626639526,-73.98188540468527,Thornless honeylocust
2122358,125,40.73017984286151,-73.98182297545306,Thornless honeylocust
2122357,125,40.730153153868066,-73.98175991868669,Thornless honeylocust
2122356,126,40.730126063269005,-73.98169591495952,Thornless honeylocust
15208702,126,40.730080166637066,-73.98157202083596,Shumard's oak
2114645,126,40.729985431980374,-73.98162931319634,Thornless honeylocust
2114646,126,40.72994579568806,-73.98153443707118,Thornless honeylocust
15192624,126,40.73000789435202,-73.98140474711047,bur oak
2114647,126,40.72988633910104,-73.9813921219682,Kentucky coffeetree
2122355,126,40.72993069161548,-73.98123432859661,American elm
2122354,126,40.72987784437841,-73.98110947422089,American elm
2122353,126,40.72983740871072,-73.98101394181694,American elm
2114649,126,40.729761085380424,-73.98109231414907,Japanese zelkova
2114648,126,40.72980865061821,-73.98120616518193,Japanese zelkova
2114543,126,40.729272728945446,-73.98165568146645,London planetree
242646,126,40.72919171058247,-73.9817201808034,Thornless honeylocust
2114609,126,40.72915095346807,-73.98162457017565,pin oak
11142892,126,40.72920929185601,-73.98150513045519,pin oak
3735102,126,40.72894090490557,-73.98153623916295,black oak
3754790,126,40.72887175655767,-73.98158659388437,Thornless honeylocust
2114727,126,40.72877304111847,-73.98143164739115,London planetree
3736105,126,40.7287190543515,-73.98169778898252,Thornless honeylocust
3741386,126,40.72862253643755,-73.98176807304446,Thornless honeylocust
2122507,127,40.71326472987337,-74.00022262850267,Thornless honeylocust
157367,127,40.71335164867118,-73.9996337695914,Thornless honeylocust
2122506,127,40.713416286685785,-73.99919054025446,Thornless honeylocust
1440900,127,40.71357702113669,-73.99898354215243,swamp white oak
15197077,127,40.71372800140315,-73.999302772832,swamp white oak
15197078,127,40.71377071148391,-73.99938146038413,swamp white oak
1440898,127,40.71393856133794,-73.99975749879944,pin oak
14161747,127,40.71399285345383,-73.99985573793656,pin oak
14495059,127,40.71414721941177,-73.99986495930368,shingle oak
3904861,127,40.714217119375604,-73.99990998404701,London planetree
1440897,127,40.71411283615077,-74.00011647699164,pin oak
14495058,127,40.71427321081458,-74.00013501013825,shingle oak
14520754,127,40.71432913016262,-74.00014733419341,European hornbeam
14495057,127,40.71430987499286,-74.00021047413794,shingle oak
3904863,127,40.714457893322155,-74.00035366677677,Japanese zelkova
3904884,127,40.71496833624839,-73.99975594919083,red maple
3904883,127,40.71501919153899,-73.99976391204136,red maple
3904882,128,40.71505868522082,-73.99976532474764,red maple
3904881,128,40.71511113761019,-73.99976937898374,red maple
14198151,128,40.715235545818686,-74.00051877594323,tuliptree
14198149,128,40.71527927690626,-74.00059845581056,Japanese zelkova
3904870,128,40.71534019454591,-74.00060606922567,'Green leaf' Japanese flowering cherry
14198148,128,40.71534398621511,-74.0005094106292,cherry plum
14198153,128,40.71539151573692,-74.00051267408215,eastern redbud
11137681,128,40.715540486999664,-74.00052528346818,white oak
11137682,128,40.71562864381785,-74.00046735472013,white oak
16434527,128,40.71573526604867,-74.00039063714208,swamp white oak
2125935,128,40.71606742103246,-73.99992186767209,maidenhair tree
2125934,128,40.716045239874894,-73.99985784978887,maidenhair tree
2125933,128,40.71602203510938,-73.99979087620439,maidenhair tree
2125932,128,40.715999057320964,-73.99972456024963,maidenhair tree
11137692,128,40.715975738683554,-73.99965725984555,maidenhair tree
2125930,128,40.71595105561794,-73.99958601850518,maidenhair tree
15197060,128,40.71609167566959,-73.99966228169473,'Frontier' Elm
2123380,129,40.71364964877373,-73.97863612890265,Callery pear
2123382,129,40.713739591686746,-73.9789211767368,Callery pear
15197131,129,40.713762966430735,-73.9790132603273,'Shawnee Brave' Bald cypress
15192614,129,40.71360977721006,-73.97909454319719,'Autumn Blaze' Red maple
262465,129,40.71357439252082,-73.9789713373105,Callery pear
2123396,129,40.71353400285556,-73.97884377521315,London planetree
2123397,129,40.71350948806103,-73.97876264391988,littleleaf linden
15197130,129,40.71349570603735,-73.97868588897416,swamp white oak
15197129,129,40.71346411898492,-73.9785903967133,swamp white oak
15197128,129,40.71343057108522,-73.97848277678833,swamp white oak
6423226,129,40.713385980240844,-73.97835213098759,Callery pear
15197127,129,40.71353900193614,-73.97821923243505,swamp white oak
15197125,129,40.713566417020175,-73.97829828698525,swamp white oak
15197133,129,40.713815726165784,-73.97736379831628,Shumard's oak
2123375,129,40.71371300357194,-73.97741674096976,pin oak
2123376,129,40.713583705190686,-73.97748337796075,shingle oak
15197132,129,40.71346846139445,-73.97754277154979,Shumard's oak
2123378,129,40.713395121222575,-73.97779556016285,river birch
12163045,130,40.7133231533985,-73.97783323099962,'Magyar' Ginkgo
12163044,130,40.713298122421065,-73.9777596567799,'Magyar' Ginkgo
2123399,130,40.71308369090641,-73.97773963945288,maidenhair tree
15197134,130,40.71299870247729,-73.97779724254596,swamp white oak
5028321,130,40.71286772780195,-73.97785177064671,maidenhair tree
5028322,130,40.71257365126841,-73.97800445983441,maidenhair tree
2137200,130,40.71220195262113,-73.97806977052534,Thornless honeylocust
2137201,130,40.71211936230952,-73.97811864395042,red maple
2137202,130,40.71198749938837,-73.9782454956149,London planetree
2137203,130,40.71192167967429,-73.97832262405858,London planetree
2137204,130,40.711862189582426,-73.9783974432616,Chinese fringetree
2137205,130,40.71171985771293,-73.97858138691234,American beech
2137207,130,40.71154745991303,-73.97881704079113,American beech
2137208,130,40.7115126431714,-73.97887926262754,Thornless honeylocust
2137212,130,40.71141870293934,-73.97914492604073,shingle oak
2137209,130,40.71139428778851,-73.97918329034545,shingle oak
2137210,130,40.71136273102567,-73.97925296769183,Shumard's oak
2137211,130,40.7113247028985,-73.97934827968425,London planetree
2116413,131,40.73290306265243,-73.98761263826276,Japanese pagoda tree
2116412,131,40.733444032530656,-73.9877729647893,Thornless honeylocust
2116411,131,40.73347758436943,-73.98784934407735,Thornless honeylocust
2116410,131,40.73352070387689,-73.9879526807199,Thornless honeylocust
13485476,131,40.733777483414045,-73.98856187361307,Callery pear
2116408,131,40.73386269004893,-73.98877434712072,sawtooth oak
15192625,131,40.73402734829432,-73.98975452590264,'New Horizon' Elm
15208728,131,40.73377004437518,-73.98974368800512,'New Horizon' Elm
15208731,131,40.73372079703642,-73.98974828862139,'New Horizon' Elm
15208714,131,40.7333845489976,-73.98937981533938,'New Horizon' Elm
2116425,131,40.73331838485303,-73.9892367555538,red maple
5250533,131,40.73327775702162,-73.98912982176229,London planetree
15208709,131,40.73321698618099,-73.98900653176501,'New Horizon' Elm
15208712,131,40.73316813079825,-73.98887655572675,'New Horizon' Elm
5242934,131,40.73306906672653,-73.98894006003063,pin oak
2111184,131,40.73300476024333,-73.98878889829629,pin oak
2111185,131,40.732953849921344,-73.98866922770077,maidenhair tree
2111186,131,40.73290160109385,-73.98854640933506,Thornless honeylocust
156929,131,40.73280677665748,-73.98832399042774,maidenhair tree
2116420,131,40.73289304733578,-73.98824156554028,maidenhair tree
2116419,131,40.73286198458611,-73.98816766243098,maidenhair tree
2030868,131,40.73264412488008,-73.98794189878194,Thornless honeylocust
589787,132,40.732517614909895,-73.98789605077664,Thornless honeylocust
2122152,132,40.73241825204916,-73.98765470085173,Callery pear
2122151,132,40.73232745118864,-73.98772068838001,London planetree
2122150,132,40.732173715621215,-73.98783241284553,maidenhair tree
4608542,132,40.73204256844011,-73.98793618492682,pin oak
15208843,132,40.73191900312604,-73.98791541967283,'Sterling' Silver linden
2122147,132,40.7318577871236,-73.9877856574537,Japanese zelkova
2118089,132,40.73171786563174,-73.98771939803594,Callery pear
13587730,132,40.731681811514214,-73.98763345814915,Japanese flowering cherry
2122146,132,40.73163373255957,-73.98725585240048,London planetree
2122145,132,40.73157265140775,-73.98711141737755,London planetree
2118093,132,40.731507105283264,-73.987217034805,Thornless honeylocust
2118094,132,40.73147184583714,-73.98713299259664,London planetree
2118095,132,40.73144082754042,-73.98705906000018,London planetree
13584049,132,40.73140212554893,-73.98697963556249,Callery pear
2118096,132,40.73137932217255,-73.98691246001717,Callery pear
436306,132,40.73144224983033,-73.98680353929527,London planetree
2122143,132,40.731482495318836,-73.986898234143,London planetree
2122144,132,40.73151930548982,-73.98698527371553,London planetree
2118070,132,40.73090507666247,-73.98749499393296,maidenhair tree
2118069,132,40.73086281478678,-73.9873946036035,Japanese pagoda tree
2118068,132,40.73076287432147,-73.98715720014367,maidenhair tree
2118101,133,40.7305722352854,-73.98635373258142,maidenhair tree
2118100,133,40.73063373594369,-73.98630905910228,maidenhair tree
2118099,133,40.73070052149519,-73.98626054556878,maidenhair tree
2121494,133,40.730594617269205,-73.98608323867487,Japanese zelkova
2121495,133,40.730536562238846,-73.9861256648221,Japanese zelkova
2119525,133,40.730023583492915,-73.98567740267025,Thornless honeylocust
2119524,133,40.7299136886117,-73.98541755347304,London planetree
2119523,133,40.729852738986814,-73.98527343878797,Thornless honeylocust
13826743,133,40.72992489264025,-73.9851823453431,'Imperial' Thornless honeylocust
15971272,133,40.72996308583507,-73.98527535449317,Horsechestnut
10196366,133,40.73001882424311,-73.98539097201473,Kentucky yellowwood
10196367,133,40.73004637050787,-73.98547062407354,horse chestnut
2119538,133,40.73009197759898,-73.98558076582519,Thornless honeylocust
164956,133,40.73012919102371,-73.98566988042148,Thornless honeylocust
2119537,133,40.73017453157572,-73.98577638059228,Thornless honeylocust
2119527,133,40.730090667209005,-73.98583602503133,Thornless honeylocust
2119528,133,40.73012974441193,-73.98592842272996,Thornless honeylocust
2119536,133,40.730246433634726,-73.98594675724861,Japanese pagoda tree
2119535,133,40.73028025477005,-73.98602689633731,Thornless honeylocust
2119529,133,40.730225768037755,-73.98615547746458,Thornless honeylocust
2121512,133,40.73020654304406,-73.98636407172489,Thornless honeylocust
2121514,133,40.73006590719513,-73.98646815224647,Callery pear
2121515,134,40.729938187639725,-73.9865626743478,Callery pear
2121516,134,40.729843473715306,-73.98663276887665,Thornless honeylocust
13518640,134,40.729733202446276,-73.9865676421895,sawtooth oak
13519400,134,40.729704007803484,-73.9865026594034,sawtooth oak
2114569,134,40.729564444568304,-73.9864503889566,maidenhair tree
2114568,134,40.72952654321806,-73.98636084786804,maidenhair tree
13519401,134,40.72948671207054,-73.9862584250446,Amur maackia
2114567,134,40.729440331299394,-73.98615717331232,Chinese elm
2114634,134,40.72956108959357,-73.98618024351751,black locust
2114633,134,40.72952080112425,-73.98608501589695,scarlet oak
2114632,134,40.729491718973264,-73.98601627662563,American basswood
16153939,134,40.72945569912428,-73.98593113880396,pin oak
2114565,134,40.729332232995034,-73.98590179392552,Callery pear
2114630,134,40.729389529010945,-73.98577473961647,Callery pear
2114562,134,40.72927591482732,-73.98576874521386,Thornless honeylocust
2114561,134,40.7292476218396,-73.98570190489217,Thornless honeylocust
2114560,134,40.729213589437826,-73.98562150792844,Thornless honeylocust
2114627,134,40.7292918755961,-73.98554392650243,Callery pear
2114626,134,40.72925772353201,-73.98546320486885,Callery pear
2114625,134,40.72921156464532,-73.98535410501403,Thornless honeylocust
11796974,134,40.72911501382159,-73.9853853116207,cherry plum
11795713,134,40.729120785789284,-73.98540765908203,cherry plum
2123494,135,40.72124669861071,-73.99154736730992,maidenhair tree
2123495,135,40.72127481608376,-73.991489066378,London planetree
2123496,135,40.72139679676522,-73.99146827547722,maidenhair tree
2123498,135,40.72145923853198,-73.99134106228848,London planetree
2123499,135,40.72153181994884,-73.99138289069559,maidenhair tree
15740091,135,40.721579937906434,-73.991277279672,'Exclamation' London planetree
15971179,135,40.72161854975242,-73.99132968058743,'Exclamation' London planetree
2123502,135,40.72169474129748,-73.99129057603474,London planetree
2123503,135,40.72171977201662,-73.9912409363206,London planetree
2123504,135,40.72176760779759,-73.99125317793737,Japanese tree lilac
2123505,135,40.72178030167447,-73.99122234455798,red maple
2123507,135,40.72184946678318,-73.99119310759727,London planetree
2123510,135,40.72198292018041,-73.9911162253995,London planetree
2123512,135,40.72206045129341,-73.99108268124527,London planetree
2116279,135,40.72202789014587,-73.9908888551549,Japanese pagoda tree
2116278,135,40.72195378182515,-73.99092703637264,Japanese pagoda tree
2116277,135,40.72187456387234,-73.99096785102066,Japanese pagoda tree
2116276,135,40.72181323243191,-73.99099944866401,Japanese pagoda tree
2116275,135,40.72172890254412,-73.9910428958923,Japanese pagoda tree
2116274,135,40.721644572067106,-73.99108634301065,Japanese pagoda tree
2116273,135,40.72158324173591,-73.99111794043583,Japanese pagoda tree
2116272,135,40.72150657737947,-73.99115743751143,Japanese pagoda tree
2116271,136,40.72142735876839,-73.99119825161179,Japanese pagoda tree
2116270,136,40.72136347187666,-73.99123116519277,Japanese pagoda tree
13824643,136,40.72123092912209,-73.99129801118383,'New Harmony' Elm
2116229,136,40.72100230357148,-73.99130916293008,Japanese pagoda tree
2116209,136,40.72089421165935,-73.99122779897915,Japanese pagoda tree
5243734,136,40.72086884412507,-73.99114244694441,'Regent' Japanese pagodatree
13883309,136,40.72094807257298,-73.99112553863405,'New Harmony' Elm
2116232,136,40.72089302299087,-73.99093453348377,Callery pear
11139392,136,40.720855720434194,-73.99081013940824,'Redmond' American linden
2145220,136,40.720898600054994,-73.99061411998714,Japanese pagoda tree
2145221,136,40.72099177673985,-73.99056672946452,Thornless honeylocust
2118662,136,40.72107766370003,-73.99040788627887,Thornless honeylocust
2145222,136,40.72111720696976,-73.99050293319351,Thornless honeylocust
2145223,136,40.72120782193927,-73.99045684446907,Thornless honeylocust
2118661,136,40.721168415825346,-73.99036126531205,Thornless honeylocust
2118660,136,40.72124715498426,-73.99032081796942,Thornless honeylocust
2145224,136,40.721314309499,-73.99040268357305,goldenrain tree
2118659,136,40.72133663024319,-73.99027485383685,Thornless honeylocust
2118658,136,40.72141332404204,-73.99023545655479,Thornless honeylocust
2145226,136,40.72145100181117,-73.99033315796667,European hornbeam
2118657,136,40.72150433283164,-73.99018870505608,Thornless honeylocust
2118656,136,40.721582048976806,-73.9901487813134,Thornless honeylocust
2118655,137,40.72165976396384,-73.99010885898096,Thornless honeylocust
2118654,137,40.721749240276715,-73.9900628935275,Thornless honeylocust
2145229,137,40.72177762944812,-73.99016702730701,Thornless honeylocust
2145228,137,40.72170134791114,-73.99020582655787,Thornless honeylocust
2145227,137,40.72162250698312,-73.99024592559009,Thornless honeylocust
1498738,137,40.72123818550803,-73.9895634123972,Japanese pagoda tree
2116248,137,40.72089180251933,-73.98973984059893,London planetree
2118645,137,40.72063361222764,-73.9900727679859,pin oak
15216659,137,40.72057905570936,-73.9901409410647,Kentucky coffeetree
15216662,137,40.72073741983021,-73.99040622766323,pin oak
2116199,137,40.72053102899156,-73.99080058355234,Japanese pagoda tree
2118734,137,40.72033669754003,-73.99175623224447,Japanese pagoda tree
2118733,137,40.72045005593495,-73.99169842062403,Japanese pagoda tree
15725577,137,40.720554915836615,-73.99188839166978,'Royal Raindrops' Crabapple
15725580,137,40.720503394737214,-73.9919090940699,'Royal Raindrops' Crabapple
15728929,137,40.72051059370539,-73.99182382170598,swamp white oak
15728938,137,40.7205686186252,-73.99180172576735,swamp white oak
15728937,137,40.72061281056823,-73.9917802026946,swamp white oak
15728936,137,40.72069447751556,-73.99181339430874,'Royal Raindrops' Crabapple
15728934,137,40.72072787508578,-73.99171946702573,chinkapin oak
15728933,137,40.72078380781954,-73.99177103940426,'Royal Raindrops' Crabapple
15728932,137,40.720807788755984,-73.99167212642512,chinkapin oak
15728931,138,40.720873373162966,-73.99164208586515,chinkapin oak
15763351,138,40.720851542031895,-73.99149365996972,chinkapin oak
15763350,138,40.720790808364576,-73.99152250203272,chinkapin oak
15725573,138,40.72040439988605,-73.99196664510546,'Royal Raindrops' Crabapple
15725579,138,40.720381364861204,-73.99189028496329,swamp white oak
15725576,138,40.720304687671266,-73.99193012315703,bur oak
15725581,138,40.72024233280153,-73.99195946081907,bur oak
15725575,138,40.72019536495542,-73.99198589550929,bur oak
15725578,138,40.72014088639618,-73.99201538845415,overcup oak
15725574,138,40.72008666165468,-73.99204394636665,overcup oak
15725582,138,40.72003424513836,-73.99207428523856,overcup oak
2147362,138,40.71985977930233,-73.9925306430799,American elm
2147360,138,40.71990718512547,-73.99268833264084,American elm
3929221,138,40.719773578587244,-73.99299724437704,swamp white oak
2116156,138,40.719581210140355,-73.99323159952415,Japanese pagoda tree
2116155,138,40.719390580902854,-73.99332983836673,Japanese pagoda tree
2116154,138,40.7192249927661,-73.99341517062896,Japanese pagoda tree
5930395,138,40.71919401541196,-73.9932688380863,'Mushashino' Zelkova
5096371,138,40.719242306762446,-73.99312650332047,London planetree
12251647,138,40.71930585272069,-73.99309169118783,Japanese pagoda tree
5101310,138,40.7193160452113,-73.99250214541524,London planetree
5100980,138,40.719190754820445,-73.99257957775885,London planetree
5101441,139,40.7191463287592,-73.9925997929054,lagerstroemia
5095590,139,40.71912173776292,-73.9926138813684,London planetree
5096531,139,40.71906947145284,-73.9926170016218,holly
5109356,139,40.719039849310285,-73.99263645599682,lagerstroemia
5107268,139,40.71901526004902,-73.99265092621528,London planetree
2110858,139,40.71896123717409,-73.99246072714068,Japanese pagoda tree
2110859,139,40.71901700710243,-73.99243223601123,Thornless honeylocust
2110860,139,40.719079685006726,-73.99240021397287,maidenhair tree
2110861,139,40.71915847981169,-73.99235995819043,maidenhair tree
13842560,139,40.719305663754405,-73.9922690579549,'Village Green' Zelkova
2110862,139,40.71940049241526,-73.99223631338552,Japanese zelkova
2147370,139,40.71962883804952,-73.99176655461888,American elm
2147371,139,40.71959207578262,-73.99164445389138,Chinese elm
2147372,139,40.71957268508444,-73.99158004947179,American elm
2147373,139,40.719556524807324,-73.9915263777731,littleleaf linden
2147374,139,40.71952966016415,-73.99143715096122,American elm
1959660,139,40.7196835534881,-73.99141934312334,Thornless honeylocust
2112709,139,40.71971825905526,-73.99153252005515,Japanese zelkova
2112710,139,40.71975980924179,-73.99166919999949,Japanese zelkova
2112711,139,40.71978323273386,-73.9917462514984,Japanese zelkova
2112712,139,40.7198072675976,-73.99182531041318,Japanese zelkova
2112713,139,40.71983069098506,-73.99190236127025,Japanese zelkova
2147368,140,40.71968680782153,-73.99195909944608,Japanese zelkova
15208618,140,40.719542365700455,-73.99201217582174,shingle oak
2110889,140,40.71951258658,-73.99195186336199,Thornless honeylocust
2110890,140,40.71947264371676,-73.9918174525219,Thornless honeylocust
2110891,140,40.71943929086228,-73.99170521815088,Japanese pagoda tree
516754,140,40.71941441342499,-73.9916156657471,Japanese pagoda tree
2145846,140,40.7192528050029,-73.99109967166281,Kentucky coffeetree
2145845,140,40.71922033289761,-73.99099085900701,Thornless honeylocust
2145844,140,40.71919277225174,-73.99089850270636,Kentucky coffeetree
2145843,140,40.7191585960329,-73.99078398163108,Thornless honeylocust
1445837,140,40.719282327533385,-73.9906285491091,littleleaf linden
2112671,140,40.71944633983355,-73.99063282273512,Thornless honeylocust
2112672,140,40.719471105903075,-73.9907146059168,Thornless honeylocust
2112673,140,40.71950744183589,-73.99083459933443,Japanese pagoda tree
2112674,140,40.719546011198695,-73.99096196843398,black cherry
1445836,140,40.719444966737356,-73.9911588782144,littleleaf linden
2116187,140,40.71973945376476,-73.99120483052224,Kentucky coffeetree
2116188,140,40.71982081153643,-73.9911632821466,Japanese pagoda tree
4610196,140,40.71976093678248,-73.99108016903584,Japanese pagoda tree
2116238,140,40.719900767390115,-73.99100658904929,Japanese pagoda tree
2116189,140,40.71996408289802,-73.99109011592296,Japanese pagoda tree
2116190,140,40.72009200418462,-73.99102478808122,Thornless honeylocust
2116191,141,40.720158011292455,-73.99099107948119,Thornless honeylocust
2116192,141,40.72022401896164,-73.99095737081431,Callery pear
2116193,141,40.72024363607274,-73.99101695055694,Japanese pagoda tree
2116194,141,40.720306772189886,-73.99097779711379,Thornless honeylocust
2116196,141,40.72035449726563,-73.99089073663008,Thornless honeylocust
2116195,141,40.72037467441742,-73.99095273570997,Thornless honeylocust
2116197,141,40.72042232395043,-73.99092297967196,Thornless honeylocust
2116198,141,40.72040617727078,-73.99086434405032,Thornless honeylocust
2116242,141,40.720406966138825,-73.99074664591453,Thornless honeylocust
2116241,141,40.72036606119522,-73.99076765206809,Thornless honeylocust
2116240,141,40.72028936319981,-73.99080703759716,Thornless honeylocust
2116239,141,40.720238232719915,-73.9908332955681,Thornless honeylocust
2116201,141,40.72004482758381,-73.99017159396578,Thornless honeylocust
2116351,141,40.719837098598454,-73.98982396286083,Thornless honeylocust
2116350,141,40.71990824812554,-73.98978772864523,Thornless honeylocust
2116349,141,40.720165718270785,-73.98965660610313,Thornless honeylocust
2116348,141,40.720225095553374,-73.98962636715171,Thornless honeylocust
2123477,141,40.72032160198342,-73.98976841000034,London planetree
2123444,141,40.72030235375003,-73.98985196232523,Japanese pagoda tree
2123478,141,40.72024183653935,-73.98980836155312,London planetree
2123479,141,40.72016155817652,-73.98984857162894,London planetree
2123446,141,40.720143189525835,-73.9899341220251,Thornless honeylocust
2123480,142,40.720081021917,-73.98988890941406,London planetree
2123447,142,40.72007063337207,-73.98997157547105,London planetree
2123448,142,40.71999833394322,-73.99000889576915,London planetree
2123482,142,40.71992744083472,-73.99000251054596,London planetree
2123449,142,40.71991019222955,-73.99005439241273,London planetree
2123483,142,40.719837876050434,-73.99001069577798,London planetree
2123450,142,40.71982971661218,-73.99009593379944,pin oak
2123451,142,40.71975971577481,-73.9901320667632,London planetree
2123484,142,40.71975708413596,-73.99005116097578,London planetree
2123485,142,40.719658080941585,-73.99010074828217,London planetree
2116352,142,40.7195990785806,-73.98994517705323,Thornless honeylocust
2116353,142,40.71952767283492,-73.9899815424949,Thornless honeylocust
2112662,142,40.71924812288149,-73.98997906904118,Thornless honeylocust
2147379,142,40.71911657663689,-73.99007557856092,American elm
2147380,142,40.719100494633025,-73.99002264260764,American elm
2110938,142,40.71894407902939,-73.99007165706574,Kentucky coffeetree
4817597,142,40.71882271769208,-73.99034641784733,Japanese pagoda tree
4663664,142,40.71857259146628,-73.99070427322837,London planetree
13842551,142,40.718528308841314,-73.99049502373845,'Village Green' Zelkova
4817596,142,40.71838433650892,-73.99057194752153,Japanese pagoda tree
2110809,142,40.71813488248841,-73.99047518109305,goldenrain tree
2110810,142,40.71811009991089,-73.99038953743546,goldenrain tree
2110845,143,40.718011502609734,-73.99034398008389,Green ash
2110846,143,40.71790857791356,-73.99039624097419,Green ash
2110847,143,40.7178169182416,-73.9904427808311,sweetgum
10183263,143,40.71775905370342,-73.99047216173723,European hornbeam
2110849,143,40.71768070838715,-73.99051194236372,Shumard's oak
987910,143,40.71759918676139,-73.99055407417218,Thornless honeylocust
2110850,143,40.7175465461089,-73.99058006243874,sweetgum
327008,143,40.71750804234557,-73.99048361503918,Thornless honeylocust
16154668,143,40.71743864118254,-73.99051248110733,Thornless honeylocust
2110841,143,40.71737254906265,-73.9905540544359,Callery pear
16293530,143,40.717311641923224,-73.9908759804292,sawtooth oak
16293531,143,40.71733610013685,-73.99095714486111,sawtooth oak
2116114,143,40.71699894019966,-73.99074271656721,Thornless honeylocust
10183638,143,40.71704581301936,-73.9904387895169,'Millstone' Japanese pagodatree
2116116,143,40.71698820131277,-73.9902507244745,Callery pear
2116117,143,40.71696769798515,-73.99018379948424,Japanese pagoda tree
2111110,143,40.71685291253148,-73.99006206635354,Japanese zelkova
2111109,143,40.716783662444776,-73.99009775196829,Japanese zelkova
2111108,143,40.71671057842847,-73.99013541160092,Japanese zelkova
2111107,143,40.716551124011424,-73.99021758202106,maidenhair tree
2111106,143,40.71646833135889,-73.99026024499284,maidenhair tree
15208589,143,40.71638512568402,-73.99019315238645,'Sterling' Silver linden
10183251,144,40.71606543699411,-73.99036756982164,European hornbeam
4614207,144,40.71562817621073,-73.99070357162616,Japanese zelkova
923093,144,40.71540728268721,-73.99069957805757,Japanese pagoda tree
2110957,144,40.71535692174842,-73.9908313358347,Japanese zelkova
2110956,144,40.71519176297777,-73.9909151247175,Japanese pagoda tree
10183645,144,40.71517210895847,-73.99081654738976,European hornbeam
10183644,144,40.715096897563065,-73.99085497892384,European hornbeam
13851728,144,40.715056792192975,-73.99100949042408,common hackberry
2110935,144,40.714986894854725,-73.99091118916128,Chinese elm
2110936,144,40.714939823528546,-73.99093524247961,Japanese tree lilac
2110937,144,40.71483033368546,-73.99099119085682,Japanese zelkova
2116393,144,40.71468587707244,-73.99097135098575,Japanese zelkova
2125023,144,40.71453160449639,-73.99103183445763,maidenhair tree
3892013,144,40.71456215296065,-73.99106661015264,maidenhair tree
2125022,144,40.71453533268778,-73.99108934085292,maidenhair tree
2111067,144,40.714446993107366,-73.99113358862085,Japanese zelkova
15192619,144,40.71467786973347,-73.99141136020678,goldenrain tree
2111100,144,40.714743491815305,-73.99165222660594,Japanese zelkova
14179392,144,40.71475560188037,-73.9920060249624,American basswood
15319665,144,40.71446921461918,-73.99189923330219,European hornbeam
15208592,144,40.71454631805837,-73.99214193926852,swamp white oak
15208594,145,40.71445865902842,-73.99223558063122,swamp white oak
15216543,145,40.71436485145212,-73.99219010890671,swamp white oak
13807975,145,40.71420880586955,-73.99294910073199,'Moraine' Sweetgum
13807977,145,40.71411131687152,-73.9929361145478,'Moraine' Sweetgum
13804630,145,40.71402120161804,-73.99292410983203,'Moraine' Sweetgum
12158987,145,40.71402155856656,-73.9930577261388,'Moraine' Sweetgum
12158988,145,40.71409694235398,-73.99306824308785,'Moraine' Sweetgum
12158986,145,40.71415961945687,-73.99308571955365,'Moraine' Sweetgum
12158989,145,40.71421117674702,-73.99309206366577,'Moraine' Sweetgum
14496830,145,40.71450193623024,-73.99303624611295,'Imperial' Thornless honeylocust
14495882,145,40.7145892616883,-73.99299424794778,'Imperial' Thornless honeylocust
1448004,145,40.7145317098227,-73.99274587760347,London planetree
2124934,145,40.71452887416508,-73.99267401120701,London planetree
2124933,145,40.7146002028734,-73.99267986513537,London planetree
1448005,145,40.71463373401804,-73.9927412657609,London planetree
1448006,145,40.71473254365667,-73.9927043753864,London planetree
2124932,145,40.714805326754785,-73.99259752208562,London planetree
1448007,145,40.71483535689907,-73.99265375885783,London planetree
2124931,145,40.71493811308919,-73.9925258423488,London planetree
13436528,145,40.71479295842164,-73.99241680462083,littleleaf linden
15208596,145,40.71455642327995,-73.99249213190777,'Greenspire' Littleleaf linden
2125507,146,40.72755728694253,-73.99120012162565,Chinese elm
2125508,146,40.72746745600565,-73.99124991176473,Chinese elm
2125509,146,40.72737488365069,-73.99128365358823,Chinese elm
2125510,146,40.72730875914455,-73.99130775569253,Chinese elm
2125511,146,40.72721354044031,-73.99134245981247,Chinese elm
15218043,146,40.7270035362811,-73.99123688121462,Kentucky coffeetree
2125563,146,40.726958267032124,-73.99112961269998,Callery pear
2125564,146,40.72691033191774,-73.99101603385716,Japanese pagoda tree
2137804,146,40.726808785432816,-73.99106474596742,maidenhair tree
2125565,146,40.7268371007228,-73.9908425110445,Japanese pagoda tree
2137803,146,40.72669221334467,-73.9907891483666,maidenhair tree
2137802,146,40.72665726709775,-73.99070653316059,maidenhair tree
2125567,146,40.72674256413696,-73.99061851032066,Japanese pagoda tree
2125568,146,40.726717265161284,-73.99055856565177,Japanese pagoda tree
2125569,146,40.72668664142803,-73.99048600166718,Japanese pagoda tree
2137801,146,40.72659484618743,-73.99055895956931,Japanese zelkova
2125570,146,40.726628055623536,-73.9903471843185,Japanese zelkova
2137800,147,40.726453997516636,-73.99022597486817,maidenhair tree
2137799,147,40.726426520400395,-73.99016101822801,littleleaf linden
2125571,147,40.72651208001236,-73.9900723906344,Japanese pagoda tree
2137798,147,40.72633715517486,-73.98994975262197,littleleaf linden
2137797,147,40.726288605219096,-73.98983497465834,littleleaf linden
6605402,147,40.726088476873905,-73.98962211039887,Thornless honeylocust
2137805,147,40.72599230172699,-73.98969203440235,Thornless honeylocust
2137808,147,40.72589516748096,-73.98950670723251,Thornless honeylocust
2137807,147,40.72574824291075,-73.98961373906317,maidenhair tree
2137806,147,40.725674541294474,-73.98966742996932,maidenhair tree
2140455,147,40.72576449854251,-73.9901784839908,Thornless honeylocust
2140441,147,40.72576350454295,-73.99046215931882,Japanese zelkova
12216775,147,40.72580717690079,-73.99057832804954,'Espresso' Kentucky coffee tree
2140454,147,40.7259042202297,-73.99051063550044,Thornless honeylocust
2140453,147,40.72593237778368,-73.99057757149008,maidenhair tree
2140442,147,40.72590464143036,-73.99079658116408,Japanese zelkova
2117735,148,40.73015678604294,-73.98785820007818,Kentucky coffeetree
4634305,148,40.730207948982915,-73.98797933001916,maidenhair tree
1166511,148,40.730238036835786,-73.98804705442713,maidenhair tree
2117745,148,40.730311642089966,-73.98796533822394,Callery pear
2117744,148,40.73028050139015,-73.98789149750358,maidenhair tree
2117743,148,40.73025867627552,-73.98783974567817,maidenhair tree
2117742,148,40.73020916959031,-73.98772235583041,maidenhair tree
16456361,148,40.73006477164302,-73.98769745511811,apple
2117741,148,40.730120802533214,-73.98751282522095,sawtooth oak
2117740,148,40.73008140912926,-73.98741941940985,sawtooth oak
2561960,148,40.72993167469949,-73.98751910788774,Japanese zelkova
2117295,148,40.72992478410137,-73.98762929216785,Thornless honeylocust
2117294,148,40.72991989391183,-73.98770985754993,Callery pear
2117293,148,40.729915680666394,-73.98777927235307,maidenhair tree
2117292,148,40.729911400589586,-73.9878497665742,Callery pear
2123277,148,40.7300052236655,-73.9880344934789,littleleaf linden
2123278,148,40.72999851924693,-73.98815829978277,littleleaf linden
2123279,148,40.729990957425706,-73.988297939649,Norway maple
2123280,148,40.72998567506445,-73.98839547059909,London planetree
5242135,148,40.72998116893278,-73.9884736012333,'Armstrong' Red maple
2123281,148,40.72997639834521,-73.98856678208267,Callery pear
2123283,148,40.72996528911959,-73.9887719232783,Japanese pagoda tree
1623180,148,40.72984614661933,-73.9889422546544,Thornless honeylocust
15389717,149,40.730031370940125,-73.98910048546637,Chinese elm
580235,149,40.73061484590751,-73.98927748503701,Japanese zelkova
14051594,149,40.7305206591863,-73.98934660139462,'Princeton' American elm
13851737,149,40.7304142487927,-73.98942468562217,'Princeton' American elm
13852138,149,40.73030879722939,-73.98950206662292,'Princeton' American elm
580231,149,40.730298528178594,-73.98974054206242,Japanese maple
589711,149,40.73019648048974,-73.98979231351642,Thornless honeylocust
589712,149,40.73023755803233,-73.98988944222857,Thornless honeylocust
589713,149,40.73027116536211,-73.98996891133253,Thornless honeylocust
589714,149,40.73037118973799,-73.99020542724729,Thornless honeylocust
589715,149,40.730404263230895,-73.99028363541699,Thornless honeylocust
589716,149,40.730437604908865,-73.99036247504287,Thornless honeylocust
589733,149,40.730081186660904,-73.99055163057552,Thornless honeylocust
15976905,149,40.730000053847114,-73.9905639704226,Thornless honeylocust
4918338,149,40.72986004443609,-73.99054295746646,Thornless honeylocust
5251332,149,40.7298273985724,-73.99046840967789,common hackberry
5227352,149,40.72980218581793,-73.99038721002444,common hackberry
580288,149,40.72925706544499,-73.99026580610727,maidenhair tree
2117239,149,40.729217477595334,-73.9899869417362,London planetree
10196385,149,40.72911911500626,-73.99006972091904,'Exclamation' London planetree
2117241,149,40.72904778582441,-73.99011142752843,sawtooth oak
465909,149,40.72873006531213,-73.98976282319774,Thornless honeylocust
463910,150,40.72870146802897,-73.98969470769839,Thornless honeylocust
2140479,150,40.72858590192933,-73.98970898017303,Japanese pagoda tree
2124682,150,40.72855049392374,-73.98984330010063,pin oak
2124683,150,40.728501141258604,-73.98987956947072,pin oak
2124684,150,40.72843957120099,-73.9899248200238,pin oak
10196373,150,40.72823136282299,-73.9900723870621,'Harvest Gold' Mongolian linden
2131027,150,40.72805790767769,-73.99025651410717,Callery pear
13852133,150,40.72813380629767,-73.99042482028678,'Patriot' Elm
11776828,150,40.728205591716566,-73.99058829574588,Thornless honeylocust
2131013,150,40.72809020285362,-73.9908091259572,Japanese pagoda tree
2131012,150,40.727852868391196,-73.99098306609115,Japanese pagoda tree
2131011,150,40.7276769716717,-73.99096644296114,northern red oak
2131010,150,40.727620760484605,-73.99083249428027,pin oak
11142887,150,40.72755378473963,-73.99094483154389,American hornbeam
2125502,150,40.727505779688606,-73.99083130519605,Callery pear
2131009,150,40.72756083728709,-73.9906897001168,Japanese pagoda tree
5248132,150,40.727439104898856,-73.99067362722836,eastern redbud
2131008,150,40.72747413298526,-73.99048309083169,Japanese pagoda tree
5240934,150,40.72734976006702,-73.99046234268896,eastern redbud
2131007,150,40.72741354647638,-73.99033871741754,Japanese pagoda tree
2131006,150,40.72735362266482,-73.9901959241421,Japanese zelkova
2125499,150,40.72726708307915,-73.9902668251362,maidenhair tree
2131005,151,40.72729237177048,-73.99004997212865,Japanese pagoda tree
2125498,151,40.72717907126508,-73.99005869391115,Japanese pagoda tree
2131004,151,40.7272268797268,-73.98989390981473,Japanese pagoda tree
14177510,151,40.72717446370994,-73.98976729546271,hophornbeam
2125497,151,40.72709239227406,-73.98985371620306,Japanese pagoda tree
2125496,151,40.727037717838975,-73.98972442436086,Japanese pagoda tree
2125495,151,40.7269950455519,-73.98962351310546,Japanese pagoda tree
5242134,151,40.72695621596485,-73.98953031253292,'Snowcone' Japanese snowbell
2131002,151,40.72704538110208,-73.98946142491737,Japanese pagoda tree
6582166,151,40.727004114707,-73.98932968698045,Japanese zelkova
5240535,151,40.726930357923024,-73.98917012997482,'Regent' Japanese pagodatree
2125493,151,40.72684168905439,-73.98926086364376,Japanese pagoda tree
2131003,151,40.72710000330264,-73.98959158021239,Japanese pagoda tree
2131031,151,40.7277617474755,-73.9895536294126,Thornless honeylocust
15218045,151,40.727498963992296,-73.98892997048684,'Sterling' Silver linden
10665973,151,40.72747242982755,-73.9888667585452,'Skyline' Thornless honeylocust
2140507,151,40.727567824139946,-73.98880503624302,Thornless honeylocust
2140506,151,40.72760326707106,-73.98888894133877,Thornless honeylocust
2140505,151,40.72766429113526,-73.98903340923447,Thornless honeylocust
2131034,151,40.72760482224457,-73.98918120123957,Callery pear
2131033,151,40.72763806920178,-73.9892601046664,Callery pear
5242133,151,40.72771838696814,-73.98916147436414,Kentucky coffeetree
2140503,152,40.727751697406504,-73.98924033205425,Thornless honeylocust
2140502,152,40.72778673908312,-73.98932329209215,Thornless honeylocust
2140501,152,40.72782697799747,-73.98941855302454,Thornless honeylocust
2140500,152,40.72787227971155,-73.98952579922052,Thornless honeylocust
2140499,152,40.72791398435613,-73.98962453132995,Thornless honeylocust
2140498,152,40.727953954778656,-73.98971916127365,Thornless honeylocust
2131030,152,40.7278423381316,-73.98974489346821,Thornless honeylocust
14786092,152,40.72788010591985,-73.98983453045064,'Skyline' Thornless honeylocust
2140477,152,40.72847016497612,-73.98943400359848,Japanese zelkova
2140478,152,40.7285278339255,-73.98957101787227,Japanese pagoda tree
2117259,152,40.72863854402752,-73.98954358424142,Callery pear
2117260,152,40.72861140968155,-73.98947920072412,American basswood
2117261,152,40.728570442710186,-73.9893819934374,American basswood
2117262,152,40.72852122927352,-73.98926522173673,Callery pear
2117263,152,40.72845099932879,-73.98909858216446,Callery pear
2117264,152,40.728413490067624,-73.98900958069665,Japanese zelkova
2117265,152,40.72836959600564,-73.98890543135354,Japanese zelkova
10666779,152,40.72831063478653,-73.9887653679488,'Green Vase' Zelkova
2140473,152,40.72819297665521,-73.98877545704936,Callery pear
2140474,152,40.72823417007503,-73.98887332333462,common hackberry
2140475,152,40.72828439914401,-73.98899265724613,Thornless honeylocust
4614200,152,40.728327144002904,-73.98908125628584,Japanese zelkova
2137759,153,40.72605498446726,-73.98925955253628,Japanese pagoda tree
2137758,153,40.72602690680817,-73.9891929724919,Japanese pagoda tree
2137757,153,40.72599776299134,-73.98912386717629,Japanese pagoda tree
2137756,153,40.725971946756715,-73.98906265130813,littleleaf linden
2143959,153,40.726050871837046,-73.98899240004945,goldenrain tree
5246936,153,40.726085218383666,-73.98906956056767,'Sterling' Silver linden
121624,153,40.72611056000471,-73.98913082622812,Kentucky coffeetree
2137528,153,40.72634743344777,-73.98917711274625,Japanese pagoda tree
2137810,153,40.72633939501059,-73.98943864683388,maidenhair tree
15971564,153,40.72639631059876,-73.98939724039121,'Exclamation' London planetree
2137812,153,40.726483003061915,-73.98933416903235,Kentucky coffeetree
13851733,153,40.72659835528619,-73.98925229878728,'Exclamation' London planetree
2137527,153,40.726522696829704,-73.9890479888103,Japanese pagoda tree
2137526,153,40.72662732931803,-73.9889709025092,common hackberry
2125512,153,40.726580254093506,-73.98864365734377,Japanese pagoda tree
2118857,153,40.72668676337297,-73.98860456267018,Japanese pagoda tree
2118856,153,40.72655075232908,-73.98828207824165,Japanese pagoda tree
2125513,153,40.72646883301991,-73.98838039547162,Japanese pagoda tree
2125514,153,40.72637932705665,-73.9882394181487,Japanese pagoda tree
2125515,153,40.72633629313574,-73.98813773997644,Japanese pagoda tree
2125516,153,40.72628558678805,-73.98801793299164,Japanese pagoda tree
2125517,153,40.726242218071064,-73.98791546669568,Japanese pagoda tree
2125518,153,40.72617726884066,-73.98769150724654,Japanese pagoda tree
2125519,153,40.72613223082422,-73.98758510004649,Japanese pagoda tree
2125520,154,40.72608552769985,-73.9874747524637,Japanese pagoda tree
2125521,154,40.72602514573927,-73.98733209021904,Japanese pagoda tree
5246933,154,40.726046655658806,-73.98708657640823,Kentucky coffeetree
2118853,154,40.72599951048183,-73.98697511622792,Japanese zelkova
2118852,154,40.7259665044787,-73.98689686374446,Japanese zelkova
2118851,154,40.72593083642891,-73.9868122996215,Japanese zelkova
2125524,154,40.725841662263235,-73.98689858247752,common hackberry
2125523,154,40.725888033050666,-73.9870081416031,common hackberry
5240933,154,40.72592172948391,-73.98708408939837,'Regent' Japanese pagodatree
2116852,154,40.726073799291825,-73.98656422773612,American basswood
2116851,154,40.726009850706326,-73.9866105339779,American basswood
10089970,154,40.725890954746546,-73.98663556555032,Japanese zelkova
4608247,154,40.72572634559055,-73.9868309482966,pin oak
4607983,154,40.72565963770513,-73.98688106987585,pin oak
2116850,154,40.725469515400356,-73.98700346461517,northern red oak
4610268,154,40.72539036820161,-73.9870709193397,Japanese pagoda tree
14051126,154,40.725347702049774,-73.98731210913388,'Green Vase' Zelkova
2143974,154,40.72537334395765,-73.98738640816299,Japanese zelkova
2143973,154,40.72541128174248,-73.98747632983411,Freeman maple
2137743,154,40.7253101661778,-73.9874934491596,Japanese zelkova
2137742,154,40.7252753004677,-73.98741077800082,Japanese zelkova
2116849,154,40.72506312890864,-73.98730042891634,Japanese pagoda tree
2116848,154,40.72494846387738,-73.98738423370467,Japanese pagoda tree
2116847,155,40.724876977239205,-73.98743648064058,Thornless honeylocust
16339142,155,40.72474359959858,-73.9875455452573,Japanese pagoda tree
10343286,155,40.72468471367458,-73.98750847346398,Japanese zelkova
2116827,155,40.72449073335115,-73.98771821413904,northern red oak
2130823,155,40.72463197298502,-73.9877624323317,bald cypress
2130824,155,40.7246653152716,-73.98784126161287,bald cypress
13842555,155,40.72474873620305,-73.98777408585369,pin oak
5246934,155,40.72477885121073,-73.98782685482412,'Fastigiata' European hornbeam
11142873,155,40.724725333995906,-73.98798315632109,'Espresso' Kentucky coffee tree
2130826,155,40.72475867613106,-73.98806198732636,Thornless honeylocust
2146558,155,40.72494314073583,-73.98824301257103,bald cypress
2146557,155,40.72497582040103,-73.98832067680519,bald cypress
2130827,155,40.72492672666724,-73.98845929411642,Thornless honeylocust
2146556,155,40.72504795444448,-73.98849210642659,goldenrain tree
13841745,155,40.72497677355207,-73.98857060272942,'Patriot' Elm
2130828,155,40.72501648529466,-73.98867150775143,Thornless honeylocust
2130829,155,40.72503649006984,-73.98871880570616,Thornless honeylocust
11410601,155,40.72515722307352,-73.98871584264566,'Espresso' Kentucky coffee tree
2146555,155,40.72518744020877,-73.98882360071124,Thornless honeylocust
2146554,155,40.725234732365514,-73.98893599358752,Thornless honeylocust
10196375,155,40.72514718803012,-73.98898052552659,beaked hazelnut
2130831,155,40.72522587728859,-73.98916656915024,Thornless honeylocust
13841744,155,40.72536359113763,-73.98924223441428,pin oak
15378278,156,40.725403442956896,-73.98933694846698,Japanese flowering cherry
2130833,156,40.72534190879188,-73.98944090421634,Thornless honeylocust
2130834,156,40.72536858216103,-73.98950396927916,Thornless honeylocust
2130835,156,40.725409926501,-73.98960172060195,Kentucky yellowwood
2130836,156,40.72544193431952,-73.98967739958952,Thornless honeylocust
1107296,156,40.725429134451225,-73.98983639855996,Caucasian linden
6532927,156,40.725380470156416,-73.98987167247645,Caucasian linden
2140430,156,40.72538403798544,-73.9901376528735,Amur maackia
2140428,156,40.72521264196223,-73.99026255979842,Thornless honeylocust
2140427,156,40.72514302776206,-73.99031329205829,Thornless honeylocust
2140403,156,40.725050682862545,-73.99052146696495,Japanese pagoda tree
2140402,156,40.725112651547484,-73.99066936487456,Thornless honeylocust
377062,156,40.7251514146513,-73.99075778995382,Japanese pagoda tree
2140401,156,40.725190245253025,-73.99085455368969,Japanese pagoda tree
2118701,156,40.725084499073056,-73.99086385755929,maidenhair tree
2140400,156,40.7252771085093,-73.99106186439064,Japanese pagoda tree
2118704,156,40.72520702368206,-73.99115408731635,Japanese pagoda tree
4609943,156,40.725545541862886,-73.99172108798112,Japanese pagoda tree
2140395,156,40.725582317414165,-73.99179030200987,Japanese pagoda tree
14157386,156,40.72549743826952,-73.9918330449798,Freeman maple
10203057,156,40.72545532741708,-73.99175298112746,'Autumn Blaze' Freeman maple
2118708,156,40.725415578633935,-73.99164810800615,Callery pear
2118707,156,40.7253689674551,-73.99153769411132,Callery pear
2140396,157,40.725469767482245,-73.99152168058389,Callery pear
2140397,157,40.72542368858365,-73.99141170406821,Callery pear
2140398,157,40.72538687880681,-73.99132384848048,London planetree
2140399,157,40.725352980649866,-73.99124294668779,Japanese pagoda tree
2118705,157,40.72527387858268,-73.99131245045548,Callery pear
2118706,157,40.72531862664513,-73.99141844769936,Callery pear
2140394,157,40.72571141043149,-73.99187418575457,Japanese pagoda tree
2140392,157,40.72600041363802,-73.9917739038955,Thornless honeylocust
2140391,157,40.72609197130707,-73.9917421328672,Thornless honeylocust
2140390,157,40.72615991035166,-73.99171855905912,Thornless honeylocust
6602588,157,40.726329236114864,-73.99149111850335,sweetgum
2140448,157,40.7261893086478,-73.99147110668169,Thornless honeylocust
2140447,157,40.72615588819941,-73.99139191676365,Thornless honeylocust
10196773,157,40.726122602099075,-73.99131304409907,'Streetkeeper' Thornless honeylocust
2140445,157,40.72608931537253,-73.99123416925838,Thornless honeylocust
10197186,157,40.726040717489525,-73.99111901422198,Kentucky coffeetree
10196365,157,40.72600623243675,-73.99103730080192,Kentucky coffeetree
10196391,157,40.725966852144914,-73.9909436761886,Kentucky coffeetree
10196389,157,40.726070106278215,-73.99090498887331,'Emerald Avenue' European hornbeam
2140451,157,40.7261046383437,-73.99098707961942,Thornless honeylocust
2140450,157,40.726150724473285,-73.99109664055632,Callery pear
2140449,157,40.72617914648873,-73.9911642076314,Callery pear
2140389,157,40.72675685837091,-73.99150697399087,Callery pear
2143765,158,40.712782235336874,-73.9808620972545,American hornbeam
2143766,158,40.71294463289666,-73.98088109338606,American hornbeam
15763345,158,40.713082423755594,-73.98089721318779,'Emerald Avenue' European hornbeam
13851727,158,40.713193427372055,-73.98090940590981,common hackberry
2143768,158,40.71327708088346,-73.98091998252275,American hornbeam
13852125,158,40.713371120184426,-73.98092891642897,common hackberry
2116184,158,40.71399244982617,-73.98097893221708,London planetree
2116183,158,40.71409072651959,-73.98099242295952,London planetree
2116180,158,40.714136805067504,-73.98116119976949,London planetree
2116179,158,40.71412431815354,-73.9812911510124,London planetree
2116178,158,40.71410871874299,-73.98141106449414,London planetree
13851726,158,40.71409593936436,-73.9815340102047,'Exclamation' London planetree
2116176,158,40.714082713370345,-73.98166124481821,London planetree
2116175,158,40.714069413583594,-73.98178919558353,Thornless honeylocust
13852124,158,40.71405603942953,-73.98191786099693,'Village Green' Zelkova
2145917,158,40.71418641750423,-73.98190455181029,London planetree
2145916,158,40.714176707554074,-73.98199710291438,London planetree
2145915,158,40.714164109514435,-73.98211716732342,London planetree
2145914,158,40.714151924744876,-73.982233303467,Thornless honeylocust
2145913,158,40.71414236412929,-73.9823244258273,Thornless honeylocust
13851725,158,40.714134519763256,-73.98242857802809,pin oak
2116172,159,40.71403201661405,-73.98240213112518,Japanese pagoda tree
2116171,159,40.714021094182456,-73.98250720679697,Thornless honeylocust
2145912,159,40.71411435677426,-73.98259135820396,pin oak
2145911,159,40.71410457032683,-73.98268462531016,pin oak
2145910,159,40.71409347219139,-73.9827903984902,London planetree
2145909,159,40.71408001280355,-73.98291868275871,white oak
2145908,159,40.71407195114798,-73.98299551020523,Japanese pagoda tree
2116167,159,40.71396521406764,-73.98304473749425,Thornless honeylocust
2116168,159,40.71398163696021,-73.9828867668889,Thornless honeylocust
2116169,159,40.7139889195854,-73.98281671677815,Thornless honeylocust
2116170,159,40.713996201596025,-73.98274666590066,Thornless honeylocust
2116173,159,40.71405735498664,-73.98215838432213,Thornless honeylocust
4987005,159,40.71364544647509,-73.98214073818511,London planetree
2143775,159,40.71337682991397,-73.98178372379483,'Green leaf' Japanese flowering cherry
2143774,159,40.713385574287464,-73.98170812175236,'Not Green leaf' Japanese flowering cherry
2116302,159,40.71350666534939,-73.98175975314984,silver linden
2116301,159,40.713516657094424,-73.98167126470284,silver linden
2116300,159,40.71352656711434,-73.98158348867072,silver linden
2116299,159,40.713537525447116,-73.98148643584511,silver linden
2116298,159,40.71355259266372,-73.98135298834582,silver linden
2116297,159,40.71356266517886,-73.98126378508034,silver linden
2116296,160,40.71357241329485,-73.98117743606583,silver linden
2116295,160,40.71358514307812,-73.9810646845762,silver linden
2143769,160,40.71346237851318,-73.98104409163956,'Green leaf' Japanese flowering cherry
2143770,160,40.713447612633615,-73.9811717621951,'Green leaf' Japanese flowering cherry
2143771,160,40.71343730058699,-73.98126091729208,'Green leaf' Japanese flowering cherry
2143772,160,40.71341024134312,-73.98149486089306,'Green leaf' Japanese flowering cherry
11139381,160,40.71329944463846,-73.98245274377878,'Columbia' London planetree
11139380,160,40.71329119375544,-73.9825240679925,'Columbia' London planetree
11139382,160,40.71341316132673,-73.98264180661272,'Columbia' London planetree
2116303,160,40.713366666999214,-73.98305781696497,London planetree
2116304,160,40.71335379281591,-73.98316231557688,London planetree
15197119,160,40.7132317434946,-73.98314624190587,Persian ironwood
15197118,160,40.71320986096283,-73.98333533437221,Persian ironwood
15197117,160,40.713202757431375,-73.98341629524138,Persian ironwood
2116305,160,40.71331360404848,-73.98350378743524,pin oak
2116306,160,40.71329223402015,-73.98368192536262,pin oak
2116165,160,40.71387045487392,-73.98357507373342,littleleaf linden
2116166,160,40.71388109527494,-73.98347431591552,littleleaf linden
2145905,160,40.71404217559165,-73.9835301261389,white ash
2145904,160,40.71403355047146,-73.98361231407276,pin oak
2145903,160,40.71402481508219,-73.98369557440611,pin oak
2145902,161,40.71401476448068,-73.98379134153663,pin oak
14090746,161,40.714006590887124,-73.98386924197429,pin oak
2145900,161,40.71399837897807,-73.98394749786249,pin oak
2116163,161,40.713838910045915,-73.98387377351948,littleleaf linden
3904827,161,40.71377560623329,-73.98416287790398,London planetree
3904828,161,40.71376191709002,-73.98424882036316,London planetree
3904829,161,40.713749696304006,-73.98436822594866,London planetree
3904830,161,40.713735856065576,-73.98446702576416,London planetree
3904831,161,40.71372617343376,-73.98455692231987,London planetree
3904832,161,40.713719251763926,-73.98462305807497,London planetree
3904833,161,40.7137197157086,-73.98474054955015,London planetree
10202012,161,40.713736281201044,-73.98483357908192,common hackberry
15197107,161,40.71360404361373,-73.98496777177068,Shumard's oak
2116320,161,40.71348876363325,-73.9849677977693,maidenhair tree
2116319,161,40.71338171850737,-73.98496782191067,American basswood
2116318,161,40.71325809392606,-73.9849550961926,American basswood
2116309,161,40.7131677977003,-73.98481680435877,American basswood
12217070,161,40.7131813643107,-73.98468339627294,chinkapin oak
12158997,161,40.71320130227951,-73.98452193943461,chinkapin oak
12382236,161,40.71305432057895,-73.98437169558947,chinkapin oak
2146320,161,40.71309160939217,-73.9840471228188,littleleaf linden
2143756,162,40.7130243196714,-73.98393076453121,littleleaf linden
2143757,162,40.7127656879321,-73.98372934691656,American hornbeam
2143758,162,40.71269580379329,-73.98371973366582,American hornbeam
15197115,162,40.71269772269939,-73.9838853677643,'Sterling' Silver linden
15197116,162,40.71262624332302,-73.98387677451288,'Sterling' Silver linden
12247144,162,40.71214273605956,-73.98364365955302,bur oak
15197114,162,40.71204725956602,-73.98380176656457,'Magyar' Ginkgo
2143755,162,40.711870225835575,-73.98377330377176,swamp white oak
2143754,162,40.711724443191194,-73.98378726336615,London planetree
2143753,162,40.711624555312234,-73.98377321403412,London planetree
2143752,162,40.71152471174111,-73.9837247096464,swamp white oak
2143751,162,40.71145207103032,-73.98374895713556,swamp white oak
4987006,162,40.71136046371205,-73.98378735114505,swamp white oak
4987007,162,40.711352139153476,-73.98389381197386,swamp white oak
4987008,162,40.71134312242545,-73.98401556990707,swamp white oak
11184429,162,40.71131885540214,-73.98441671736725,swamp white oak
4606793,162,40.711204756219054,-73.98447608766575,swamp white oak
1419362,162,40.710979197898126,-73.98462922849353,London planetree
1419361,162,40.71089693043818,-73.98461588562918,London planetree
15307906,162,40.71090002097108,-73.98485165244072,'Homestead' Elm
15216528,162,40.71073814775156,-73.98493231242824,'Exclamation' London planetree
1419384,163,40.7106722515632,-73.9854919564453,Japanese zelkova
1419385,163,40.71065982703535,-73.98559746849956,pin oak
1419386,163,40.71064664782603,-73.98570939742892,Japanese zelkova
1419387,163,40.71064672737771,-73.98593279118246,willow oak
1419388,163,40.710637241459246,-73.9860133516367,willow oak
2146085,163,40.71092213542184,-73.98649383490024,Japanese pagoda tree
2146084,163,40.71098765837152,-73.98650634558996,northern red oak
10239353,163,40.711112676830254,-73.98655734881399,willow oak
5785036,163,40.711176097591355,-73.98664722387784,'Regent' Japanese pagodatree
2112376,163,40.71118813536423,-73.98678338863432,maidenhair tree
2112377,163,40.71106731343493,-73.9867654269335,maidenhair tree
2112378,163,40.710904216288746,-73.98674117941451,Thornless honeylocust
2112379,163,40.7108360317898,-73.98673104292163,Thornless honeylocust
2112380,163,40.71076893949492,-73.98672106929993,Thornless honeylocust
2112381,163,40.71071111893662,-73.98671247278797,Thornless honeylocust
2146625,163,40.71050421182503,-73.98716565348288,Thornless honeylocust
2146623,163,40.71048402808658,-73.98734112608243,Thornless honeylocust
2146622,163,40.7104601547074,-73.98754869571509,Thornless honeylocust
2146621,163,40.7104235621082,-73.98786682858764,Thornless honeylocust
2146620,163,40.710408875575595,-73.98799450983053,Thornless honeylocust
2143634,164,40.712372713340194,-73.99276942734805,maidenhair tree
2143635,164,40.71238175843769,-73.99266041613551,maidenhair tree
2112500,164,40.71232276813772,-73.9926122818738,pin oak
2112499,164,40.71225237292235,-73.99260217848189,pin oak
2112498,164,40.71218579639074,-73.99259262251701,pin oak
2112496,164,40.712052097225154,-73.9925734325514,Callery pear
2112495,164,40.711982247530344,-73.99256340733456,Callery pear
2112494,164,40.71190366540669,-73.9925521281454,Callery pear
2125000,164,40.71187912232267,-73.99237233149236,Japanese pagoda tree
2124966,164,40.711895228321936,-73.99228597653149,alternateleaf dogwood
2124965,164,40.711941825728026,-73.99229336944738,London planetree
2124964,164,40.71202303037548,-73.99230625620169,London planetree
2125001,164,40.71198931702016,-73.9923886117054,pin oak
2125002,164,40.712022048055346,-73.99239344674554,eastern redbud
2125003,164,40.71205587071562,-73.99239844323417,Kentucky coffeetree
2125004,164,40.7121117849223,-73.99240670389673,London planetree
2124963,164,40.712107231417484,-73.99231961682636,London planetree
2124962,164,40.712142111421585,-73.99232515122262,eastern redbud
2124961,164,40.71217726304523,-73.9923307284278,Japanese pagoda tree
2124960,164,40.71224266226483,-73.99234110638666,Kentucky coffeetree
2125005,164,40.71220452275549,-73.99242040336506,London planetree
2125006,164,40.712300584761905,-73.99242776148212,Japanese pagoda tree
2124959,164,40.71232032440792,-73.99235343005135,Thornless honeylocust
2146016,164,40.71207271422444,-73.99214029582153,pin oak
2146014,164,40.71177942434229,-73.99209786444224,pin oak
2146013,164,40.711557628188686,-73.9920656577428,pin oak
2124969,164,40.71154234478155,-73.9922299806849,London planetree
2124970,164,40.71150038092037,-73.99222332300984,eastern redbud
2124971,165,40.71145896144207,-73.99221674944457,London planetree
2124995,165,40.71147735095325,-73.9923129794964,London planetree
2124996,165,40.711515536690676,-73.99231862016524,black oak
2124997,165,40.71156081484875,-73.99232530908209,eastern redbud
2124998,165,40.71159545408883,-73.99233042639506,London planetree
2124999,165,40.71164564198735,-73.99233784068886,flowering dogwood
5009441,165,40.71159405847186,-73.99256901230893,London planetree
2112754,165,40.71150947433413,-73.99255571463864,London planetree
10204515,165,40.71143263504882,-73.99254319917053,swamp white oak
2112752,165,40.71136115681446,-73.99254242338122,London planetree
11138957,165,40.71128124114585,-73.99246036338648,'Skyline' Thornless honeylocust
11139375,165,40.71118960171066,-73.99242815671728,'Skyline' Thornless honeylocust
11139374,165,40.711094798216045,-73.99239384788672,'Skyline' Thornless honeylocust
2124990,165,40.71112596618846,-73.99223192517911,Japanese pagoda tree
2124974,165,40.71116458967674,-73.99214921539067,London planetree
2124973,165,40.711248593165045,-73.99218336962124,London planetree
2124991,165,40.71122231361734,-73.99227411804655,London planetree
2124992,165,40.71126268955077,-73.99228126737184,eastern redbud
2124993,165,40.71130251129982,-73.9922871512918,London planetree
2124972,165,40.711371217312255,-73.99220282739287,Japanese pagoda tree
2146012,165,40.71123401881729,-73.99201337961746,pin oak
2146011,165,40.711181007041866,-73.99199516056238,pin oak
2146010,165,40.711113230300796,-73.99197080080219,pin oak
12158981,165,40.71067475434457,-73.99183850343758,swamp white oak
12158984,165,40.71060598860712,-73.9918264057767,swamp white oak
2149088,165,40.710399368859186,-73.99197643407842,Japanese pagoda tree
2149089,165,40.71032949167228,-73.99196673512151,Kentucky coffeetree
2146797,166,40.724858100359384,-73.9768429683171,Green ash
2146796,166,40.72481733784089,-73.97674644239254,Green ash
2146795,166,40.724771515022375,-73.97663792996465,Japanese pagoda tree
2114510,166,40.72469681386819,-73.97670987290836,Thornless honeylocust
2114509,166,40.724729773707764,-73.97679138918525,Thornless honeylocust
2114508,166,40.724763082923744,-73.97686461276078,Thornless honeylocust
2114507,166,40.72479328712956,-73.97694661945555,Thornless honeylocust
2114501,166,40.72509003124132,-73.97765633536591,Japanese pagoda tree
2114500,166,40.72513000351056,-73.97775096163953,littleleaf linden
2114499,166,40.72515824910032,-73.97781783055093,Thornless honeylocust
2146804,166,40.72523214306926,-73.97772873870952,Japanese pagoda tree
2146803,166,40.72520630076281,-73.97766754224709,goldenrain tree
2146802,166,40.7251732667043,-73.97758931034514,Japanese pagoda tree
2146801,166,40.72514236305285,-73.97751612798805,'Green leaf' Japanese flowering cherry
2114502,166,40.72503966690573,-73.9775371052048,Thornless honeylocust
2114503,166,40.724978909855515,-73.97739327277138,Thornless honeylocust
2114504,166,40.72494533441673,-73.97731378774529,Thornless honeylocust
4600569,166,40.72490185883987,-73.97721074198768,Kentucky coffeetree
2114505,166,40.72485313197139,-73.97709551584016,Thornless honeylocust
2146798,166,40.72494175391795,-73.97704106619973,Japanese zelkova
2146799,166,40.72497532268474,-73.97712055935439,London planetree
2146800,166,40.72502727329937,-73.97724358275373,Callery pear
10162576,166,40.7244352572109,-73.97769102868261,'Streetkeeper' Thornless honeylocust
2110081,166,40.72446233069765,-73.97775545299456,London planetree
2121593,167,40.72455103759905,-73.97822992847807,Japanese zelkova
2110076,167,40.72464547509934,-73.97819125899362,Japanese zelkova
2110077,167,40.72461840242908,-73.97812683507902,Japanese zelkova
2110078,167,40.72459053223838,-73.97806051664169,Japanese zelkova
2110079,167,40.72456213111478,-73.97799293496,London planetree
2110080,167,40.724535588084876,-73.97792977450564,London planetree
2121594,167,40.72446993454279,-73.97803698403487,hedge maple
2121595,167,40.72442533481728,-73.97793088057294,American elm
2121596,167,40.7243873706259,-73.9778405665632,American elm
2121597,167,40.72435697336298,-73.9777682521518,American elm
2121598,167,40.72432617730969,-73.9776949924038,Callery pear
2121599,167,40.72427600225615,-73.977575626722,Japanese zelkova
2110083,167,40.72435615899068,-73.97750281223543,London planetree
2110084,167,40.72433545502569,-73.97745354762185,London planetree
2110085,167,40.7243078516121,-73.97738786101631,London planetree
2110086,167,40.72426962954784,-73.97729691169411,Japanese zelkova
2110087,167,40.72423591894432,-73.97721669778822,American basswood
2110088,167,40.72420274033257,-73.97713774800083,Japanese zelkova
2110089,167,40.724169826547225,-73.97705943031049,swamp white oak
2110090,167,40.724103203028264,-73.97690090061398,Japanese zelkova
2110091,167,40.72407002419909,-73.97682194963781,Chinese elm
2110092,167,40.72403737508072,-73.97674426427537,Chinese elm
2121609,167,40.723836893591404,-73.97653102798718,Callery pear
2121610,168,40.723779548299845,-73.97639461251269,Japanese pagoda tree
13765983,168,40.72387936268732,-73.9763478598748,pin oak
13868741,168,40.72389289842106,-73.97639280682345,'Patriot' Elm
13869138,168,40.72391094883201,-73.9764300564208,'Patriot' Elm
2110095,168,40.72393385627602,-73.97649794311745,European hornbeam
2110094,168,40.72396146134232,-73.9765636289854,European hornbeam
2110093,168,40.723987739097005,-73.97662615633686,hophornbeam
2121608,168,40.72388932781082,-73.97665576008028,Callery pear
2121607,168,40.723915874972256,-73.97671891640701,Callery pear
2121606,168,40.72395662731038,-73.97681586041337,Kentucky coffeetree
2121605,168,40.723990211756664,-73.97689575213313,pin oak
2121604,168,40.72403720094119,-73.97700753785097,American elm
2121603,168,40.724072909444025,-73.97709248289684,sweetgum
2121602,168,40.724102112599056,-73.97716195373805,northern red oak
2121601,168,40.724133970226745,-73.97723774106804,northern red oak
2121600,168,40.72416715505941,-73.97731668631191,northern red oak
1775190,168,40.72364021339701,-73.97796340721388,mulberry
2146575,168,40.72361176331604,-73.97789430754888,Callery pear
2110277,168,40.72370441479185,-73.9778461188168,Thornless honeylocust
2110278,168,40.72375689667843,-73.97797040221641,Japanese flowering cherry
2110279,168,40.723808180489975,-73.97809184811634,maidenhair tree
2146574,168,40.723700679990095,-73.97810506671938,Callery pear
12163050,168,40.72374567193346,-73.97821171017641,'Fastigiata' European hornbeam
12163049,169,40.72378829838945,-73.97831360736322,'Fastigiata' European hornbeam
2110280,169,40.72386958657,-73.97823726660663,American sycamore
2146571,169,40.723863605550534,-73.97849125295139,Callery pear
2110281,169,40.72396589210836,-73.97846533133318,goldenrain tree
2110282,169,40.72399652857395,-73.9785378838229,Callery pear
6505693,169,40.72393761417351,-73.978655361284,Thornless honeylocust
2110284,169,40.724051007971866,-73.97866690134568,Callery pear
2116856,169,40.72425928646497,-73.97882173255778,pin oak
2116855,169,40.72433678584728,-73.97876588897665,Callery pear
13868740,169,40.72482549714276,-73.97887665794198,'Patriot' Elm
11139780,169,40.72479114698098,-73.97879525896447,'Redmond' American linden
2114530,169,40.72475706392065,-73.97871449360396,Callery pear
2114529,169,40.72472298080321,-73.97863372682284,Callery pear
11139408,169,40.724806385484456,-73.97856647183758,American hornbeam
259209,169,40.72484163303596,-73.97864497892981,sawtooth oak
2121912,169,40.72488361520705,-73.97874986372825,sawtooth oak
2121913,169,40.724923360662615,-73.97884424315167,sawtooth oak
2121914,169,40.72496775699366,-73.97894967011541,Japanese pagoda tree
2114533,169,40.72489020080363,-73.97902998843641,sawtooth oak
11139411,169,40.72503674485286,-73.97911349236999,'Canada Red' Chokecherry
11139414,169,40.72507263425952,-73.97919871861492,chokecherry
11139413,169,40.72511344167793,-73.97929562220827,chokecherry
11783528,169,40.72503691770001,-73.97937766421384,Japanese pagoda tree
2140416,170,40.72483320680926,-73.99000998684659,Thornless honeylocust
2140417,170,40.724640231489566,-73.98955246589837,Kentucky coffeetree
2118845,170,40.72460357617654,-73.989721548163,Kentucky coffeetree
2118844,170,40.72456839407493,-73.9896382814806,Thornless honeylocust
13842556,170,40.72453474978952,-73.98955766786639,'Patriot' Elm
2118843,170,40.724492700847854,-73.98945913477768,Thornless honeylocust
2140418,170,40.72447839773068,-73.98916878241874,common hackberry
2140419,170,40.72444086734748,-73.9890798027559,common hackberry
2118842,170,40.724324786977576,-73.98906172957001,Thornless honeylocust
2140420,170,40.72438443723445,-73.9889460185435,Kentucky coffeetree
2140421,170,40.724346772841244,-73.98885672422574,goldenrain tree
2140422,170,40.724309242216236,-73.98876774491438,Thornless honeylocust
2140423,170,40.72427091306918,-73.98867687326525,Thornless honeylocust
2140424,170,40.72422459701478,-73.98856707060074,Thornless honeylocust
2118839,170,40.724136750247396,-73.98861670286932,Thornless honeylocust
2140425,170,40.72416976379034,-73.98843707287253,Thornless honeylocust
2118838,170,40.72407171619435,-73.98846278912353,Thornless honeylocust
2118837,170,40.72405332537973,-73.98841926551046,Thornless honeylocust
2118836,170,40.72403173556945,-73.98836816995721,Thornless honeylocust
2140426,170,40.72410029046898,-73.98827236905694,Kentucky coffeetree
6533724,170,40.724049028901696,-73.98796959135458,Japanese zelkova
2145239,170,40.72383207799265,-73.98819498058917,Japanese pagoda tree
2145238,170,40.723748590415454,-73.98825597741084,Japanese pagoda tree
2145237,170,40.7235998504442,-73.98836464813054,Japanese pagoda tree
2116817,170,40.72357221441243,-73.98807643309597,American elm
2116816,171,40.72364738872123,-73.9880210266835,American elm
605404,171,40.72371635708001,-73.98797194457472,American elm
2116815,171,40.72376852785886,-73.98793174044458,American elm
14051560,171,40.723743953716706,-73.98768350102411,pin oak
10183257,171,40.723648450568824,-73.98745691253067,Hardy Rubber Tree
14051156,171,40.723610281916685,-73.98737379311191,pin oak
10209582,171,40.72351464062428,-73.9871394391646,Hardy Rubber Tree
14051158,171,40.72347447070135,-73.98704413540082,'Green Vase' Zelkova
2118580,171,40.723433237391085,-73.98694630505291,Japanese pagoda tree
2118579,171,40.723189821946214,-73.98636879792873,Thornless honeylocust
14051157,171,40.72315625535505,-73.98626844219494,'New Horizon' Elm
2118578,171,40.7230913910573,-73.98613527199235,Thornless honeylocust
2118644,171,40.722701493155284,-73.98585428021886,pin oak
11142876,171,40.72284764928132,-73.98576184727587,pin oak
4603822,171,40.72286522819806,-73.9856137155514,London planetree
6534144,171,40.722964096875465,-73.98553775073114,Kentucky coffeetree
14051972,171,40.723077481315315,-73.9855621322226,'Exclamation' London planetree
15840603,171,40.72310142611328,-73.98556384896139,'Skyline' Thornless honeylocust
5786190,171,40.72327161088211,-73.98566955712445,Chinese elm
14051147,171,40.723258341062234,-73.98545023521959,'Exclamation' London planetree
2118664,171,40.72332838868626,-73.9853980681592,Thornless honeylocust
2118665,171,40.72345122634558,-73.98530834127209,sawtooth oak
13878237,171,40.72346590584109,-73.98553108480033,'Princeton' American elm
13765180,171,40.723691703077336,-73.98555172989128,'Redmond' American linden
2145251,172,40.72378042416584,-73.98547171656162,Japanese zelkova
2145250,172,40.723851129606444,-73.98563964533213,Japanese zelkova
2145249,172,40.72388329337353,-73.9857160353981,Japanese zelkova
2118640,172,40.723780893437045,-73.98576311428775,Japanese pagoda tree
10187627,172,40.723889570922644,-73.98600051600854,dawn redwood
10188026,172,40.72390290042224,-73.9860309873844,dawn redwood
15218038,172,40.72392673298623,-73.98608343902829,'Shawnee Brave' Bald cypress
15218040,172,40.72394877904591,-73.98613980548804,'Shawnee Brave' Bald cypress
10187626,172,40.723978945041154,-73.98622050081677,dawn redwood
10187624,172,40.7240589940112,-73.9861333367122,'Emerald Sunshine' Elm
14596925,172,40.72400663071889,-73.98600896662722,Callery pear
2145256,172,40.72459782868079,-73.98580387983783,Japanese zelkova
2145257,172,40.72463904523027,-73.9859017239698,Japanese zelkova
14051124,172,40.72466951249871,-73.98597104040154,'Princeton' American elm
10184509,172,40.72471855350196,-73.98609046821183,'Homestead' Elm
2145259,172,40.724758839183664,-73.98618610236707,Japanese zelkova
10184508,172,40.72480271457104,-73.98629025931291,'Green Vase' Zelkova
2145261,172,40.72486919297857,-73.98644807326512,Kentucky yellowwood
2145262,172,40.7249425830036,-73.98662229863496,Kentucky yellowwood
2145240,172,40.724492927029296,-73.98716397267334,Kentucky coffeetree
16498118,172,40.72443232380154,-73.98702002964458,Kentucky coffeetree
2145242,172,40.72439271774431,-73.9869259624466,Kentucky coffeetree
2145243,172,40.72435258195602,-73.98683063199402,Kentucky coffeetree
10196369,172,40.72424251712428,-73.98684516822925,dawn redwood
2142423,173,40.72175510598015,-73.98297969131215,Callery pear
10164123,173,40.721727294639976,-73.98291355781971,Hardy Rubber Tree
2131224,173,40.7218301925366,-73.98286960624768,Green ash
2131225,173,40.72186343984272,-73.98294850419947,Green ash
11537807,173,40.72190774615323,-73.98303107319123,'Green Pillar' Pin oak
2131226,173,40.721928603764596,-73.98310314173794,pin oak
2131227,173,40.72196743728544,-73.98319529508991,Shumard's oak
2142421,173,40.721881132011156,-73.98327931614999,goldenrain tree
11537806,173,40.72183598110562,-73.98317196955993,'Millstone' Japanese pagodatree
2142487,173,40.72166861458854,-73.98398376043451,northern red oak
6523304,173,40.721535429563794,-73.9839782870668,Japanese zelkova
6523305,173,40.7215557708455,-73.98404657514712,maidenhair tree
6523306,173,40.72157791888881,-73.98411367533036,maidenhair tree
6523307,173,40.721600972414706,-73.98419562070352,maidenhair tree
6523308,173,40.72162177147368,-73.98430488388047,Japanese zelkova
15188105,173,40.72163000992902,-73.98439030893906,'Green Vase' Zelkova
6523309,173,40.721651729565906,-73.98445808208264,Japanese zelkova
12230462,173,40.7217835368148,-73.98434369621101,'Jefferson' Elm
10183659,173,40.721814124696685,-73.98443950022906,'Emerald Sunshine' Elm
10183658,173,40.72191247573132,-73.98474754398306,'Emerald Sunshine' Elm
2142491,173,40.72193733008364,-73.9848253851357,maidenhair tree
2142492,173,40.721957933980555,-73.98488992112925,Amur maackia
2142493,173,40.721978964024636,-73.98495578888743,Amur maackia
2142494,174,40.722022510202926,-73.98509217955969,Thornless honeylocust
2142495,174,40.722061381961055,-73.98521393191979,Thornless honeylocust
2124440,174,40.72193952000183,-73.98536742793188,Callery pear
2124441,174,40.72192164010997,-73.98530844170973,Green ash
2124442,174,40.7218979703013,-73.9852303528594,Amur maackia
2124443,174,40.72188049765104,-73.98517270820987,Amur maackia
2124444,174,40.72185611666854,-73.98509227465236,Callery pear
2124445,174,40.721833259053014,-73.98501686669557,Callery pear
2124446,174,40.72182055965739,-73.9849749729077,Thornless honeylocust
2124447,174,40.721802274537,-73.98491464915769,Callery pear
2124448,174,40.72178429315566,-73.98485532724088,Callery pear
12230456,174,40.72165702407078,-73.9849617171848,'Espresso' Kentucky coffee tree
5361344,174,40.721510052090444,-73.98472373336972,swamp white oak
5917607,174,40.721506198064574,-73.98485413002456,pin oak
12230457,174,40.721432195597224,-73.98488196754221,bur oak
4642913,174,40.72139570416789,-73.9847831701501,'Green leaf' Japanese flowering cherry
5240533,174,40.72134532529415,-73.98480936160672,Caucasian linden
5241332,174,40.72129886783959,-73.98483442550669,Caucasian linden
5239728,174,40.721244071871176,-73.98486262236361,Caucasian linden
2122513,174,40.72118181175825,-73.98489434654202,Caucasian linden
2118690,174,40.721160866472616,-73.98503070192675,swamp white oak
2118691,174,40.72109538144921,-73.9850641838301,swamp white oak
2118692,174,40.72103757036759,-73.98509374295183,swamp white oak
14051553,175,40.721028666351735,-73.98497394815342,common hackberry
1958059,175,40.72093256732531,-73.98502318629527,silver linden
2118693,175,40.72085339262254,-73.9851879149395,shingle oak
2122511,175,40.72072288654104,-73.98513288335451,swamp white oak
2122510,175,40.72066877553235,-73.98516100967316,sawtooth oak
14051136,175,40.72058607633155,-73.98520399419765,pin oak
2118694,175,40.72064261238603,-73.98529568680424,swamp white oak
14051138,175,40.72070926211759,-73.98526534293495,bur oak
1922846,175,40.720477686076286,-73.9851484024599,maidenhair tree
14051543,175,40.72038181962092,-73.98513488421789,'Patriot' Elm
2118847,175,40.72035851983674,-73.98505815674717,Thornless honeylocust
2118848,175,40.720310290283045,-73.98489934211612,Japanese pagoda tree
2122574,175,40.72039829644217,-73.98489089552679,black locust
2122573,175,40.720359756961564,-73.98476350801131,maidenhair tree
2122572,175,40.72032365209993,-73.9846441694319,maidenhair tree
2118849,175,40.72025147941471,-73.98470568197622,Callery pear
2121933,175,40.720038145931895,-73.98463312475306,maidenhair tree
14177847,175,40.719984025314986,-73.98466121887328,Persian ironwood
13765178,175,40.71993194710806,-73.98468825201492,'Kwanzan' Flowering cherry
2121930,175,40.71986812556488,-73.98472138001898,Thornless honeylocust
2121929,175,40.71980685589062,-73.98475318386558,Thornless honeylocust
16259636,175,40.719785563654455,-73.98464307812478,'Green Vase' Zelkova
14500411,175,40.719847970431374,-73.98461385631198,'Green Vase' Zelkova
12776279,176,40.71988109677287,-73.98459642881426,'Skyline' Thornless honeylocust
2118680,176,40.71993834163962,-73.98456694731674,maidenhair tree
6675469,176,40.71992267672533,-73.98443271625119,tree of heaven
14495899,176,40.720101619278985,-73.98421211773729,'Moraine' Sweetgum
14495900,176,40.72012956126621,-73.98428565385446,'Moraine' Sweetgum
2122618,176,40.72020246134572,-73.9842594368683,goldenrain tree
14500056,176,40.720181398450265,-73.98419047010839,'Skyline' Thornless honeylocust
6454062,176,40.72014639421432,-73.98407444106401,goldenrain tree
2122615,176,40.720115552177965,-73.98397486453102,Thornless honeylocust
14495903,176,40.72009650976528,-73.98390873389104,'Skyline' Thornless honeylocust
5917606,176,40.72000925549762,-73.98391218211562,'Redmond' American linden
14582140,176,40.720048183397296,-73.98403796753158,'Sterling' Silver linden
2122598,176,40.72032288297284,-73.98436780859466,Japanese zelkova
2122546,176,40.72037022999466,-73.98445597288193,Callery pear
14051129,176,40.720533502099464,-73.98438077648403,'Magyar' Ginkgo
15378277,176,40.72048047207264,-73.98428729447676,Japanese zelkova
14495896,176,40.72056745427271,-73.98424285432222,Kentucky coffeetree
2122544,176,40.72062762052456,-73.9843265830309,goldenrain tree
2122543,176,40.72069632685436,-73.98429204541533,Callery pear
2122542,176,40.72076657070422,-73.98425673399133,Thornless honeylocust
14495897,176,40.720828610565945,-73.9842255460944,'Skyline' Thornless honeylocust
15600909,176,40.72079760213673,-73.98411676693446,'Green Vase' Zelkova
2122540,176,40.72098532803024,-73.98416533894869,Callery pear
14495898,177,40.72106754131255,-73.9841054348897,common hackberry
14051546,177,40.7214308229452,-73.98420689575693,'Shawnee Brave' Bald cypress
15218024,177,40.721407302168295,-73.98412024051385,common hackberry
2122606,177,40.72124897774113,-73.98389464904275,Callery pear
1445450,177,40.721435927390985,-73.98371672454081,Callery pear
1445451,177,40.72139998617783,-73.98359768444352,Thornless honeylocust
1445452,177,40.7213483516476,-73.98342667025946,Green ash
1445453,177,40.721308158290235,-73.9832935483514,Green ash
2142465,177,40.72140021541813,-73.98311467274237,sawtooth oak
2142466,177,40.72142635806075,-73.98320039800068,swamp white oak
2142467,177,40.72145270487786,-73.98328679143499,bald cypress
2142468,177,40.721478848535696,-73.98337251607646,bald cypress
2142469,177,40.721504990986084,-73.98345824153705,swamp white oak
2142470,177,40.72153093027893,-73.9835432966995,sawtooth oak
2122731,177,40.72165326976443,-73.98362264323345,Thornless honeylocust
2122702,177,40.721788803112304,-73.98368327224559,Thornless honeylocust
2122701,177,40.721841195056584,-73.9836445412384,Thornless honeylocust
1957260,177,40.72185479846446,-73.98349018299368,Japanese pagoda tree
6533721,177,40.722064419398194,-73.98370907008591,Japanese pagoda tree
2131228,177,40.72212427052739,-73.98356793022757,maidenhair tree
2131229,177,40.72217109303463,-73.98367901030878,maidenhair tree
2131230,177,40.722205678298444,-73.98376105792283,maidenhair tree
2142388,177,40.7221175068915,-73.9838420109981,Thornless honeylocust
2142387,178,40.722151117288554,-73.98392146887323,Thornless honeylocust
2142386,178,40.722186726814954,-73.98400565688323,Thornless honeylocust
2142385,178,40.72222753986712,-73.98410214208616,Thornless honeylocust
2131232,178,40.72231528486025,-73.98402108710664,littleleaf linden
2131231,178,40.72227218649688,-73.98391884215137,maidenhair tree
2122733,178,40.72215782671362,-73.98340704777111,maidenhair tree
2122734,178,40.72220554158397,-73.98337210553593,maidenhair tree
2122736,178,40.72230408797704,-73.98329993829016,maidenhair tree
14051149,178,40.722199593364394,-73.98322163780989,'New Horizon' Elm
2123443,178,40.72234034315514,-73.98312196328776,Thornless honeylocust
2123442,178,40.722434861232465,-73.98305215581398,maidenhair tree
10202526,178,40.722672882694766,-73.98310295003014,'Espresso' Kentucky coffee tree
4603620,178,40.722813468313866,-73.9831866871243,London planetree
16499393,178,40.72275256621968,-73.98330122614114,Kentucky coffeetree
5820396,178,40.72288020379766,-73.98333699071442,Kentucky coffeetree
2110144,178,40.72290650671507,-73.98270960655864,maidenhair tree
2110143,178,40.722856202562674,-73.98274659165683,maidenhair tree
12689359,178,40.7228272047016,-73.98291874522788,'Skyline' Thornless honeylocust
4600082,178,40.72265203676098,-73.98278978407234,Thornless honeylocust
5240539,178,40.72256715533496,-73.98260859481735,Kentucky coffeetree
2110103,178,40.72251884789645,-73.98249364749412,Shumard's oak
2123428,178,40.7224315989667,-73.98253931866098,dawn redwood
6534141,178,40.72246730758109,-73.9826254724402,silver linden
2143636,179,40.71355567430312,-73.9977083731057,maidenhair tree
2143637,179,40.713620929954466,-73.99771295800413,apple
2143638,179,40.71365250922318,-73.99772387693896,apple
2143639,179,40.713722898336435,-73.99773799294432,maidenhair tree
15840300,179,40.71379122975625,-73.99762505751568,'Fairmont' Ginkgo
2143642,179,40.71375493233979,-73.9974278601532,maidenhair tree
2143645,179,40.713669712227684,-73.99730956934934,littleleaf linden
2143644,179,40.713614997900756,-73.99729392838294,American basswood
2143623,179,40.71324891976034,-73.99728768631019,littleleaf linden
2143622,179,40.713136037851505,-73.99725694134402,littleleaf linden
14495878,179,40.71282721897024,-73.99737854944324,Kentucky coffeetree
2125465,179,40.71272364754203,-73.99737282718115,willow oak
2125464,179,40.71271730476871,-73.99744521296363,willow oak
10183245,179,40.71271998681235,-73.9975861656234,'Millstone' Japanese pagodatree
2125462,179,40.712695582927985,-73.9976931895676,maidenhair tree
2125461,179,40.71268559936855,-73.99780714392364,maidenhair tree
3904852,179,40.712814920413834,-73.99765590784443,London planetree
3904853,179,40.71280717935745,-73.9977874186102,London planetree
14155380,179,40.712849524894146,-73.99791826121083,London planetree
2125453,179,40.71280108111395,-73.99809015218351,maidenhair tree
2125454,179,40.712906939673324,-73.99812256014786,maidenhair tree
2125455,179,40.7130063823102,-73.99815300474732,maidenhair tree
14155385,180,40.7130156228649,-73.99797451713984,London planetree
2143629,180,40.71317380604739,-73.99805720808918,maidenhair tree
2143628,180,40.71348676870406,-73.99822156621518,Unknown
2143627,180,40.713521883206184,-73.99813991817949,maidenhair tree
3514838,180,40.71362335041307,-73.99822743853174,Japanese zelkova
3514839,180,40.71356259590191,-73.99835738601152,maidenhair tree
1441175,180,40.713683667673614,-73.9984228776178,maidenhair tree
1441174,180,40.713736201966654,-73.9983111931011,maidenhair tree
2122580,180,40.71322844634463,-73.9985263284334,Callery pear
2122581,180,40.71317994431778,-73.99849741056225,Callery pear
13807458,180,40.71302461724162,-73.99834025700842,'Princeton' American elm
13803306,180,40.71297458271772,-73.99839427087686,'Princeton' American elm
2122582,180,40.713051590327424,-73.99851381851057,Thornless honeylocust
2122583,180,40.712994127203444,-73.99857300869775,Thornless honeylocust
2122584,180,40.712925430676414,-73.99864376970291,Thornless honeylocust
2122585,180,40.712860622472924,-73.99871052505006,Thornless honeylocust
2122586,180,40.71278328395734,-73.99879018956268,Thornless honeylocust
2122587,180,40.71259750146112,-73.99898155513053,pin oak
11137694,180,40.71254133441021,-73.99903940910275,shingle oak
11137693,180,40.71245621947127,-73.9991270822776,shingle oak
2122590,180,40.71238968236781,-73.99919561697105,pin oak
2122591,180,40.712320120858266,-73.9992672679612,pin oak
2122592,181,40.71220260229505,-73.99938831642525,Japanese zelkova
2122593,181,40.712111006619324,-73.99948266265991,Japanese zelkova
2134568,181,40.71166281378103,-74.00013977296386,American elm
2134569,181,40.71165659445755,-74.00023247647908,American elm
2134570,181,40.711650520309185,-74.00032302399458,American elm
2134571,181,40.71164430198175,-74.00041572747567,American elm
2134572,181,40.71163822768919,-74.00050627420624,American elm
2134573,181,40.71163210471648,-74.00059754008181,American elm
2134574,181,40.71162593363381,-74.00068952359888,Japanese zelkova
2134553,181,40.71155971170065,-74.00077483255008,Chinese elm
2134554,181,40.71149552036619,-74.00076341090593,American elm
2134555,181,40.71143080648432,-74.00073609787796,American elm
2134556,181,40.711369707160266,-74.00069962073643,American elm
2134557,181,40.711310672715115,-74.00065805922507,American elm
2134558,181,40.71124942986898,-74.00061566739141,American elm
2134559,181,40.71119702746988,-74.00056495167436,American elm
2134560,181,40.71119242028145,-74.00043049555812,American elm
2134561,181,40.71125950480023,-74.00036054229952,American elm
2134562,181,40.7113149777566,-74.00030269731313,American elm
2134563,181,40.711367871172996,-74.00024754249189,American elm
2134564,181,40.71142248347295,-74.0001905930707,American elm
2134565,181,40.711476665159296,-74.00013409218506,American elm
2134566,182,40.711532568585106,-74.00007579819217,American elm
2134567,182,40.711587396949,-74.00001862605312,American elm
15197076,182,40.711470167481345,-73.99984581643193,chinkapin oak
17666406,182,40.71139296823587,-73.99989119578579,chinkapin oak
17666405,182,40.71133995548299,-73.99995616663787,chinkapin oak
5607080,182,40.71110680847226,-73.9998975852454,London planetree
5607090,182,40.71104795333819,-74.00009662609908,London planetree
5607089,182,40.71102043884227,-74.00004553071744,London planetree
5607088,182,40.710987082554254,-73.99999543257661,London planetree
5607087,182,40.71095074817311,-73.99993750720171,London planetree
5607079,182,40.711004356764604,-73.99987645035944,apple
5607081,182,40.711060347556995,-73.99982087312318,London planetree
5607082,182,40.711024608325424,-73.99974729168427,London planetree
5607083,182,40.71096563858313,-73.99965570752454,London planetree
5607084,182,40.71095134313658,-73.99972693996473,Cherry
5607085,182,40.710898926286134,-73.99977625520266,Callery pear
5607086,182,40.71084531761143,-73.99975981705474,London planetree
6423238,182,40.710757719851344,-73.99961862302811,London planetree
6423239,182,40.710664798701075,-73.99959670559815,London planetree
6423240,182,40.710664798373855,-73.99951216660676,eastern redbud
6423241,182,40.71063978025556,-73.99947146223403,'Pendula' Higan cherry
6423242,182,40.71060880655214,-73.9994291926437,eastern redbud
6423243,183,40.7105504327594,-73.99940414462431,London planetree
6423246,183,40.71045274655686,-73.99950308749199,London planetree
6423247,183,40.71039199035784,-73.99956884080909,London planetree
6423245,183,40.71030979066265,-73.99963459412395,London planetree
6423244,183,40.71024903491739,-73.99968469126895,London planetree
6423249,183,40.710241886003615,-73.99953126879939,cherry plum
6423252,183,40.71015134741236,-73.9996017186791,London planetree
6423250,183,40.710138243094434,-73.99950778645179,cherry plum
6423251,183,40.710088208542444,-73.99955318765205,cherry plum
6423253,183,40.70978466385993,-73.99928297943805,London planetree
6423254,183,40.70972867270531,-73.99933151118287,pin oak
6423255,183,40.70958214274238,-73.99929394079507,pin oak
6423256,183,40.70953568185369,-73.99928454739008,Callery pear
6423257,183,40.70948802986102,-73.99927672078672,pin oak
6423258,183,40.70943561284461,-73.99926889349535,pin oak
6423267,183,40.70937247368315,-73.99928611516323,pin oak
6423266,183,40.709287890971424,-73.99928924735644,Japanese zelkova
6423265,183,40.70926287469677,-73.99938004665759,Japanese zelkova
5604282,183,40.70918613673606,-73.99936098088851,Atlas cedar
6423264,183,40.709181865435966,-73.99930333737919,littleleaf linden
6423263,183,40.709146126119954,-73.99926889667043,littleleaf linden
15197073,183,40.70898026870269,-73.99937249951414,Shumard's oak
2146001,184,40.71068996222086,-73.98981044346725,American basswood
2146000,184,40.7107627488422,-73.98981796728515,American basswood
2145999,184,40.710834165927544,-73.98982534779843,American basswood
2145998,184,40.710905857490694,-73.98983275834439,American basswood
2145997,184,40.71097809629446,-73.98984022367998,American basswood
2145996,184,40.711049787283464,-73.989847634258,American basswood
2120948,184,40.711371691321816,-73.98973187877606,Hawthorn
2120947,184,40.71139306674713,-73.98973848468474,Hawthorn
11139376,184,40.711371627448386,-73.98988885534898,'Morris Debonair' Bald cypress
11139776,184,40.71145382825248,-73.98989901933105,'Morris Debonair' Bald cypress
2112359,184,40.71180745223306,-73.98995422487249,American basswood
2112360,184,40.71189691376394,-73.98996748324748,American basswood
13845931,184,40.711988758468515,-73.98998510589168,'Redmond' American linden
13846309,184,40.71206782722232,-73.98999357596875,'Redmond' American linden
2112361,184,40.71215111402931,-73.99000515957113,American basswood
2112362,184,40.71233767332321,-73.99003281022779,American basswood
2120946,184,40.712466186370804,-73.98991960464052,Hawthorn
13852122,185,40.712546377334,-73.99027051524595,'Exclamation' London planetree
13851723,185,40.71253450317761,-73.99037695813183,'Exclamation' London planetree
13851722,185,40.712523525672815,-73.99048494740863,'Exclamation' London planetree
13846310,185,40.71251663896487,-73.99057967686652,'Exclamation' London planetree
2112411,185,40.71250563217349,-73.99064616982719,London planetree
14113602,185,40.712504930534564,-73.99075222101028,pin oak
11184820,185,40.712651700838386,-73.99092317441165,pin oak
15971243,185,40.71264217740981,-73.99101476314736,pin oak
2111126,185,40.71263860952393,-73.99109226068781,London planetree
15838129,185,40.712627896525035,-73.99120576739446,pin oak
14121311,185,40.71261837423136,-73.99131536091977,pin oak
15320121,185,40.71263862733787,-73.99132553416152,pin oak
15197096,185,40.7126112336376,-73.99141164603601,'Exclamation' London planetree
15197095,185,40.71260171338939,-73.99154393964852,'Exclamation' London planetree
15197094,185,40.71258504590053,-73.99169423896964,'Exclamation' London planetree
15196818,185,40.71257909654857,-73.99179678673438,pin oak
5783010,185,40.71256957607724,-73.99193221166966,shingle oak
4599448,186,40.72387363754104,-73.97378122406992,maidenhair tree
4599278,186,40.723915920330064,-73.97374519310672,maidenhair tree
4599343,186,40.723968925499136,-73.9737121470384,maidenhair tree
4599299,186,40.724027886849484,-73.97367689182322,maidenhair tree
12767045,186,40.724120193935164,-73.9736707507371,maidenhair tree
12767049,186,40.7241593989743,-73.97376672795936,maidenhair tree
2144743,186,40.724306737958244,-73.97355098559093,maidenhair tree
15325113,186,40.724311400013896,-73.97360318363114,'Princeton Sentry' Ginkgo
5780221,186,40.724336556697324,-73.97363241538753,'Princeton Sentry' Ginkgo
4599472,186,40.72438280004384,-73.97372452304403,maidenhair tree
2144739,186,40.72446475060363,-73.97392368507151,London planetree
4609988,186,40.724509812340514,-73.97386930347824,Japanese pagoda tree
4599302,186,40.72455209625886,-73.97383562029057,maidenhair tree
4599275,186,40.72459199880015,-73.97380820351276,maidenhair tree
2144738,186,40.72456356237182,-73.97392334951772,maidenhair tree
2144736,186,40.7246685587305,-73.97397493135789,London planetree
15325102,186,40.724672464085295,-73.97404241199189,'Regent' Japanese pagodatree
15325104,186,40.72471603411895,-73.97410022713859,'Regent' Japanese pagodatree
12767047,186,40.7246798321619,-73.9741344114677,Japanese pagoda tree
15325106,186,40.72466770195394,-73.97412380777837,'Princeton Sentry' Ginkgo
2123514,186,40.724588797231505,-73.9743958111232,Oak
12767044,186,40.72453315836771,-73.97436857722643,Cherry
12767043,186,40.724487024591,-73.97433723135914,Cherry
15325111,186,40.724282961394586,-73.97427744431945,'Princeton Sentry' Ginkgo
15325099,187,40.724288334130435,-73.97433068160575,'Bloodgood' London planetree
4603955,187,40.724297870786145,-73.97436043073643,London planetree
15325101,187,40.724310983251755,-73.97439878828905,'Bloodgood' London planetree
15325100,187,40.72432111995278,-73.97444497735864,'Bloodgood' London planetree
2121024,187,40.72434708721058,-73.97454367973909,Japanese zelkova
2121023,187,40.72441667965098,-73.97459661527108,Japanese zelkova
12767051,187,40.724444453481894,-73.97470453503126,London planetree
2121022,187,40.72450608117286,-73.97460785925786,London planetree
15325097,187,40.72456062522637,-73.97468837993797,'Bloodgood' London planetree
15326006,187,40.724558979529455,-73.9747092613483,'Bloodgood' London planetree
15325098,187,40.72463786763999,-73.97485706492978,'Bloodgood' London planetree
15325091,187,40.7246766070802,-73.97495961670808,'Bloodgood' London planetree
15325092,187,40.72472689438316,-73.97506726028814,'Bloodgood' London planetree
2121015,187,40.72468218851912,-73.97519143001347,willow oak
2121014,187,40.72458380269565,-73.97526323370118,willow oak
2144730,187,40.72481224555381,-73.97432603695731,Japanese pagoda tree
15325103,187,40.7247631363523,-73.97430142517814,'Bloodgood' London planetree
15325107,187,40.72472253201196,-73.97425688763514,'Bloodgood' London planetree
2144731,187,40.724722558312514,-73.97425175779848,London planetree
15325105,187,40.724747623971055,-73.97419181969217,'Bloodgood' London planetree
12767042,187,40.72479811886536,-73.97419407755751,London planetree
2144729,187,40.724731906553856,-73.97436219391722,London planetree
2144727,187,40.72470446872662,-73.97447555970216,London planetree
2144726,187,40.72470920229552,-73.97459452023267,Japanese pagoda tree
15325112,188,40.724713678768104,-73.97462408962303,'Regent' Japanese pagodatree
15325109,188,40.72475360866606,-73.97472272497393,'Regent' Japanese pagodatree
15325110,188,40.72478757750251,-73.97480178966343,'Regent' Japanese pagodatree
15325108,188,40.724854324425124,-73.97495443888631,'Sterling' Silver linden
2122226,188,40.72495044776059,-73.97499489433012,maidenhair tree
2122227,188,40.72501433447064,-73.9749484386494,Thornless honeylocust
2122228,188,40.725095992934804,-73.97488905947426,Thornless honeylocust
2122229,188,40.7251983063843,-73.97481465932886,Thornless honeylocust
2122230,188,40.725296537037714,-73.97474322943864,Callery pear
2122231,188,40.72556120647938,-73.97455076761248,northern red oak
2122232,188,40.72575022288095,-73.9744133191897,pin oak
2122233,188,40.72603266573664,-73.97420793022191,pin oak
2121992,188,40.726430569828274,-73.97484688254426,Kentucky coffeetree
2121991,188,40.72646418400289,-73.97492840202972,Kentucky coffeetree
2121990,188,40.72650826000361,-73.97503529539918,Kentucky coffeetree
2121989,188,40.726536510951746,-73.97510380913681,Kentucky coffeetree
5779230,188,40.72627437721642,-73.97558573413653,eastern redbud
2121987,188,40.72620228295684,-73.97563802806408,Norway maple
5779105,188,40.726125382653414,-73.97569380898047,eastern redbud
5783411,188,40.72604728110259,-73.97575046060186,eastern redbud
12216780,188,40.725756019764525,-73.97596172854999,'Espresso' Kentucky coffee tree
2121983,188,40.725664906658274,-73.9760342467002,Thornless honeylocust
10155861,188,40.725580995456895,-73.97594662298503,'Streetkeeper' Thornless honeylocust
4613535,189,40.71435229624905,-73.98570706459718,Chinese elm
2111074,189,40.71436272271912,-73.98556346382762,Siberian elm
15197113,189,40.71423047680283,-73.98534709672384,'Sterling' Silver linden
2112743,189,40.71434748914429,-73.98522871257664,Thornless honeylocust
6692352,189,40.71433751158807,-73.98515043644079,Thornless honeylocust
6692351,189,40.71427794646986,-73.98515201434486,Japanese pagoda tree
2112744,189,40.71427893261076,-73.9852166608517,Thornless honeylocust
2112745,189,40.714212006957794,-73.98520489586421,Thornless honeylocust
6692350,189,40.714217189564955,-73.98513950330631,Siberian elm
2112747,189,40.714076524764025,-73.98518108000012,Thornless honeylocust
2112493,189,40.71406193032163,-73.98532591434659,littleleaf linden
11139377,189,40.71391421583508,-73.98531240256352,Amur maackia
2112686,189,40.713928582411185,-73.9851699643716,Thornless honeylocust
2112687,189,40.713990270772506,-73.9851466202703,Thornless honeylocust
2112748,189,40.71400851146941,-73.98516912444458,Thornless honeylocust
6692341,189,40.71403849360063,-73.98513954314681,Siberian elm
2112688,189,40.71405506108476,-73.9851217596527,Thornless honeylocust
6692342,189,40.71408376207806,-73.98513013926743,Japanese pagoda tree
6692343,189,40.71410996936655,-73.98512543652559,Japanese pagoda tree
2112689,189,40.714116433284744,-73.98509453026114,Thornless honeylocust
6692344,189,40.71414094366246,-73.98513169264413,Japanese pagoda tree
6692346,189,40.714176684323306,-73.98513951233703,Chinese elm
6692345,189,40.71417429667096,-73.9851019376714,Chinese elm
2112690,189,40.714178656060945,-73.9850650431108,Thornless honeylocust
6692348,190,40.71421717983964,-73.98506435286428,Siberian elm
2112692,190,40.71423513991888,-73.98503500333491,Thornless honeylocust
6692354,190,40.71427436081451,-73.98506120928099,Japanese pagoda tree
2112693,190,40.71429722368823,-73.98500084174451,Thornless honeylocust
6692353,190,40.71434940880994,-73.98502987946297,Thornless honeylocust
2112694,190,40.714356680432154,-73.9849619228984,Thornless honeylocust
15197109,190,40.71427974520834,-73.98471770634373,swamp white oak
12158994,190,40.7138927490939,-73.98470323249157,bur oak
2145898,190,40.71391401276479,-73.98450062218386,Callery pear
2145899,190,40.713923199897884,-73.98441307392356,Callery pear
2143727,190,40.71445414128324,-73.98406159012563,northern red oak
2143726,190,40.71446343206338,-73.98395696832934,littleleaf linden
2143725,190,40.714471513531535,-73.98386596260632,Thornless honeylocust
2143724,190,40.71447997687286,-73.98377065739434,London planetree
2143723,190,40.71448850350609,-73.98367463445297,littleleaf linden
2143722,190,40.71449658532292,-73.9835836286613,London planetree
5805977,190,40.71449340302539,-73.98350299493858,Cherry
5805975,190,40.714477915833996,-73.98349986724044,Cherry
5805974,190,40.71446183381034,-73.98350378507114,Cherry
5805976,190,40.71444396314999,-73.98349596179708,Cherry
5805973,190,40.71439750302316,-73.98350067021654,Cherry
5805978,190,40.71437784619402,-73.98349832587388,Cherry
5805979,190,40.71436533751699,-73.98349832897071,apple
10183642,190,40.7140472094883,-73.98327315762351,Kentucky coffeetree
6525293,191,40.723426110871124,-73.99127715829276,Callery pear
12266298,191,40.72332490348578,-73.99132048440391,Thornless honeylocust
5112289,191,40.723094886646834,-73.99114246976671,London planetree
1442392,191,40.72256474224456,-73.9914206023825,maidenhair tree
6529738,191,40.72224495938669,-73.9915256699251,maidenhair tree
15733136,191,40.72223738966456,-73.99159715056634,'Exclamation' London planetree
15763297,191,40.72223265779686,-73.9915968933659,'Exclamation' London planetree
5028482,191,40.722176849326985,-73.99155645110652,maidenhair tree
5028481,191,40.7221501317835,-73.99163230760144,London planetree
6529736,191,40.72211800427932,-73.99159158278209,maidenhair tree
6529737,191,40.72204782599609,-73.99167873430414,maidenhair tree
15728930,191,40.72200493618977,-73.99165368683484,'Exclamation' London planetree
5027434,191,40.721969202919134,-73.9917257186114,London planetree
1442395,191,40.72191916646505,-73.99169284270494,London planetree
1442393,191,40.721912022586956,-73.99175547669671,maidenhair tree
1442398,191,40.72183696902729,-73.99173356434542,London planetree
1442394,191,40.72180123592868,-73.99180872777289,London planetree
6529735,191,40.72173690542962,-73.99180560380726,London planetree
1442397,191,40.721692447211296,-73.9918217924821,maidenhair tree
1442396,191,40.72169044953748,-73.99188233394891,London planetree
1442399,191,40.72160923912529,-73.99190855847101,London planetree
1442400,191,40.721611167076055,-73.99187264661983,London planetree
1442401,191,40.7215680268108,-73.99187940865069,maidenhair tree
1442402,191,40.72153547508589,-73.99191144675629,maidenhair tree
1442404,191,40.721467965739166,-73.99198902691234,maidenhair tree
1442405,191,40.72140582964001,-73.99201500466636,London planetree
1442407,192,40.7213196509999,-73.9920220821408,maidenhair tree
1442406,192,40.72130020777938,-73.99207952955967,London planetree
1442410,192,40.72125311216155,-73.99205269234228,London planetree
1442411,192,40.7211721037082,-73.9920977173059,maidenhair tree
5423686,192,40.72112474269296,-73.99210308095194,London planetree
1442414,192,40.72102557875094,-73.99217282891557,maidenhair tree
1442415,192,40.721000276018884,-73.9922225850409,London planetree
1442416,192,40.72095202628243,-73.99219268378519,maidenhair tree
12272667,192,40.720923805739055,-73.99225418888722,London planetree
12272668,192,40.7208955340991,-73.99223642858588,maidenhair tree
1442419,192,40.72075818485212,-73.99235047402846,London planetree
1442420,192,40.72065632476411,-73.99236211186488,maidenhair tree
1442422,192,40.720583445310176,-73.99239946904565,maidenhair tree
1442424,192,40.72055779399813,-73.9924455773964,maidenhair tree
1442426,192,40.72051099475265,-73.99242874515737,maidenhair tree
5102505,192,40.72033917433032,-73.99256567054722,Cherry
6529733,192,40.72032665508163,-73.9925700596288,eastern redbud
5105890,192,40.72021034370097,-73.99263344740214,eastern redbud
5935192,192,40.72019586876836,-73.99275438067032,'Mushashino' Zelkova
243850,192,40.72029738817104,-73.9928721103071,Japanese pagoda tree
13841749,192,40.72021186744243,-73.99314930447866,'New Horizon' Elm
13841748,192,40.72023653343604,-73.9933006881467,common hackberry
2147353,192,40.720156237495615,-73.99350499136247,American elm
2147352,192,40.720180081266875,-73.99358337420615,American elm
13842558,192,40.720356418151844,-73.99363201335593,'Patriot' Elm
13841747,192,40.72112380962495,-73.99356643286984,'Patriot' Elm
6423268,193,40.70938081235465,-73.999162439194,London planetree
6423269,193,40.709452288281966,-73.99895422407835,pin oak
6423259,193,40.70921879146378,-73.99879611104242,pin oak
5805972,193,40.708727174278145,-73.99899564369531,spruce
15325114,193,40.708849629622236,-73.99913944943005,common hackberry
6423262,193,40.70891620258763,-73.99892135678449,Thornless honeylocust
6423261,193,40.708941219025675,-73.99882586050101,'Kwanzan' Flowering cherry
6423260,193,40.708959087400146,-73.99876793653962,'Kwanzan' Flowering cherry
5805970,193,40.70878435459874,-73.99876473110683,lagerstroemia
5805971,193,40.708807583970135,-73.99867080024589,lagerstroemia
4597413,193,40.70891623873536,-73.9985658580798,common hackberry
4597339,193,40.70893587088139,-73.99845102786081,common hackberry
4597404,193,40.70895496180456,-73.9983250829632,common hackberry
4597517,193,40.7089872866712,-73.99811205938337,common hackberry
15325084,193,40.70900803008131,-73.99796960347656,'Hetzii' Chinese juniper
15325089,193,40.70910974743451,-73.99734477683074,'Hetzii' Chinese juniper
15325088,193,40.70913479914375,-73.99717770734317,'Hetzii' Chinese juniper
15325085,193,40.70914773395629,-73.9970679782095,'Hetzii' Chinese juniper
15325086,193,40.70916755548455,-73.99697054240012,'Hetzii' Chinese juniper
4601315,193,40.70923010714907,-73.99659030676428,Chinese juniper
2143656,193,40.709402095147475,-73.99636616142864,London planetree
13807456,193,40.709474230763995,-73.9963784279389,'Exclamation' London planetree
14141699,194,40.709809737488584,-73.99620284207897,red maple
14142609,194,40.70989109734599,-73.99613236518115,Chinese juniper
14142610,194,40.7099309253624,-73.99610924507452,Chinese juniper
14142608,194,40.709984920626205,-73.9961280328495,Chinese juniper
14142606,194,40.709957461824445,-73.99622197927022,Chinese juniper
14144966,194,40.71016133110862,-73.9960943707785,common hackberry
5949616,194,40.71019662316349,-73.99623542960775,red maple
13765174,194,40.71028577403328,-73.99624786875223,'Redmond' American linden
2112822,194,40.710292517221816,-73.9961336020884,Callery pear
2112821,194,40.7103157910839,-73.9959830178338,Callery pear
2112818,194,40.71042319817624,-73.99528806938865,Callery pear
2143660,194,40.710282658229325,-73.99532784659034,London planetree
2143659,194,40.710265012661,-73.99546647263615,London planetree
2143658,194,40.71024415031185,-73.99560260998632,London planetree
2143657,194,40.71020821849146,-73.99575446122718,London planetree
2112820,194,40.710346604207984,-73.99578365342812,Callery pear
2112819,194,40.71036911326898,-73.99563801735023,Callery pear
2143677,194,40.71000402784056,-73.99524880082745,London planetree
2143678,194,40.70997828273682,-73.99539440339862,London planetree
2143679,194,40.70995743948283,-73.99550477575006,London planetree
2145978,194,40.70980262550004,-73.99551402382245,Callery pear
2145977,194,40.70981766064003,-73.99541571448373,littleleaf linden
2145976,195,40.70983264195881,-73.99531775979115,Callery pear
2145975,195,40.70985730269916,-73.99515650627647,Callery pear
534311,195,40.70934026702534,-73.99556527673862,Japanese zelkova
2112394,195,40.70936403756606,-73.9954129593052,Thornless honeylocust
2112395,195,40.70938603632899,-73.99527307913743,Thornless honeylocust
543109,195,40.70940041297576,-73.99518563412086,Japanese zelkova
542710,195,40.709420063905576,-73.99506743557319,Japanese zelkova
537512,195,40.709432569372865,-73.99497976592482,Japanese zelkova
542709,195,40.70945400741992,-73.9948443461252,Japanese zelkova
540311,195,40.70947723201446,-73.99471597170123,Japanese zelkova
534312,195,40.70948794904225,-73.99462673678318,Japanese zelkova
542309,195,40.709509385530176,-73.99449131675766,Japanese zelkova
2145972,195,40.709933338654615,-73.99465930430782,Thornless honeylocust
2145973,195,40.70992106239649,-73.99473957807544,American basswood
2145974,195,40.70990857056783,-73.99482126682167,Callery pear
5009449,195,40.710040809392694,-73.99499283905837,London planetree
2143674,195,40.710061652797044,-73.99488403244634,London planetree
2143673,195,40.71007534745829,-73.99476974744829,London planetree
10204513,195,40.71007869543903,-73.99465642885605,bur oak
2143671,195,40.71012119607323,-73.99451627247294,London planetree
2145971,195,40.709979576342114,-73.99435695276847,Thornless honeylocust
13845820,195,40.70991487501471,-73.99421057838836,'Princeton' American elm
10183244,196,40.7154674099865,-73.9816439185908,Kentucky yellowwood
11139389,196,40.715379541322406,-73.98135035794849,'Fort Mcnair' Ruby red horsechestnut
2121476,196,40.715514039069255,-73.98118801474153,Amur maackia
2121475,196,40.71556860309975,-73.98115943482959,Shumard's oak
2121474,196,40.71567976951917,-73.98110120412144,pin oak
2121473,196,40.715790937051324,-73.98104297397025,scarlet oak
2141260,196,40.71587834988023,-73.98111380947738,Thornless honeylocust
2141261,196,40.7159080194724,-73.9812108828777,London planetree
2141262,196,40.71593666658741,-73.98130460786096,Thornless honeylocust
2141263,196,40.715964801572305,-73.98139666092645,London planetree
2141264,196,40.71599293648324,-73.98148871256666,London planetree
2141265,196,40.7160251631553,-73.98159415382318,London planetree
2141266,196,40.71605381052988,-73.9816878806388,London planetree
13318004,196,40.716100725635464,-73.98166093081406,swamp white oak
2141267,196,40.71608654849569,-73.98179499634716,pin oak
2141268,196,40.716112637187514,-73.9818803535361,pin oak
13318005,196,40.71615686655199,-73.98185751916083,swamp white oak
2141269,196,40.716143841125096,-73.98198244815013,London planetree
2141271,196,40.71620676077062,-73.98218831117856,London planetree
2141272,196,40.71623540480167,-73.98228203850569,London planetree
2141273,197,40.716267632461545,-73.98238748052897,London planetree
2145207,197,40.71654080340449,-73.98266874384075,littleleaf linden
15216558,197,40.717044537856935,-73.98206408304564,'Bloodgood' London planetree
15216562,197,40.71701950661456,-73.98197875962767,'Bloodgood' London planetree
15192691,197,40.716989708029246,-73.98187543077326,'Bloodgood' London planetree
15216563,197,40.7169615722983,-73.98177260658831,'Bloodgood' London planetree
15216568,197,40.71693177315389,-73.98166693012051,'Bloodgood' London planetree
15216570,197,40.71690316652803,-73.98157064684993,'Bloodgood' London planetree
15193060,197,40.71687694563852,-73.98149315286284,'Bloodgood' London planetree
15216577,197,40.71680542938764,-73.98125753611434,'Bloodgood' London planetree
15216579,197,40.71677920541055,-73.98116594961178,'Bloodgood' London planetree
15216582,197,40.716751792164764,-73.98107906135193,'Bloodgood' London planetree
15216585,197,40.71672437687912,-73.98099060621836,'Bloodgood' London planetree
15216587,197,40.71669815481971,-73.98090841558994,'Bloodgood' London planetree
15216589,197,40.716670738931064,-73.98081369808077,'Bloodgood' London planetree
12158979,197,40.71663910745318,-73.98056584374592,'Espresso' Kentucky coffee tree
2141258,197,40.716718225652336,-73.98052469680991,London planetree
2141257,197,40.716784582968565,-73.98049018504351,London planetree
13885309,197,40.71702772842549,-73.98036744363253,'Exclamation' London planetree
2141255,197,40.717315440534186,-73.98021409670565,London planetree
2122388,198,40.71719089410901,-73.98001833774326,pin oak
2122387,198,40.71726591248113,-73.97997926003468,pin oak
2122386,198,40.717341441432886,-73.97993991754251,Shumard's oak
11642073,198,40.717634390939,-73.97970890351111,London planetree
11743225,198,40.717724463334825,-73.97953899783548,mulberry
14051170,198,40.718410807813335,-73.97943370892456,'Redmond' American linden
2144206,198,40.71850274790012,-73.97960607924483,London planetree
2144207,198,40.71856928172426,-73.97957215856137,London planetree
14051583,198,40.71869155035089,-73.9792612125929,'Redmond' American linden
14051582,198,40.71876398827015,-73.97922471028964,'Redmond' American linden
14051581,198,40.7188583867245,-73.9792018786315,'Redmond' American linden
13519385,198,40.71890862357755,-73.97940084828528,'Princeton' American elm
13518621,198,40.71901441710391,-73.97934769993901,'Princeton' American elm
13518622,198,40.719105994257966,-73.97930293873605,'Princeton' American elm
13519392,198,40.71921849764086,-73.97924406259739,'Princeton' American elm
13822471,198,40.71933235327581,-73.97918789597071,'Princeton' American elm
14052399,198,40.719209355137465,-73.97900033504736,'Redmond' American linden
14051580,198,40.71912097991188,-73.97903656327101,'Redmond' American linden
14051167,198,40.719040804884706,-73.9790772673629,'Redmond' American linden
10867898,199,40.71212341060747,-73.98860580571993,London planetree
10206290,199,40.71265552925569,-73.98878284095547,'Green Vase' Zelkova
15763349,199,40.712777371117,-73.98940636778815,swamp white oak
10183646,199,40.71275535389018,-73.98965530167256,'Exclamation' London planetree
2111148,199,40.712916340586055,-73.99011893159732,Chinese elm
5279798,199,40.71328979374702,-73.99017609724147,Japanese flowering cherry
3904835,199,40.71330698578381,-73.9903327346502,European hornbeam
3904836,199,40.71329865490044,-73.99042902103741,European hornbeam
3904837,199,40.71329416945732,-73.99050443185283,European hornbeam
12158579,199,40.71339129671405,-73.99050973860157,shingle oak
2111076,199,40.71339853684206,-73.99042296467377,northern red oak
2111075,199,40.71340607452462,-73.99033260529997,willow oak
2111043,199,40.71352888487168,-73.99021074958624,Thornless honeylocust
2111042,199,40.71360032449983,-73.9902215779423,Thornless honeylocust
2111041,199,40.71366903591272,-73.99023199339733,Japanese zelkova
2111040,199,40.713750836573226,-73.99024439241855,Japanese zelkova
2111039,199,40.71383372771628,-73.99025695664078,Japanese zelkova
2111016,199,40.713838043530735,-73.99012565239872,maidenhair tree
2111019,199,40.713677519299054,-73.99006908910498,London planetree
2111018,199,40.71367480091746,-73.99010317071036,Thornless honeylocust
2111020,200,40.71360928611627,-73.99009414818862,maidenhair tree
2111021,200,40.71361200277964,-73.99006006511362,London planetree
2111023,200,40.71354430414763,-73.99005074161845,London planetree
17042424,200,40.71354158577143,-73.99008482315647,'Princeton' American elm
2111025,200,40.71347061111469,-73.99007504848466,maidenhair tree
2111024,200,40.71347332891621,-73.99004096698268,maidenhair tree
12158993,200,40.713345554362114,-73.98994017983554,'Magyar' Ginkgo
2111034,200,40.713446126029915,-73.98986392992255,maidenhair tree
2111035,200,40.71345405021095,-73.98977144964043,maidenhair tree
13851724,200,40.71348442519596,-73.98958864954658,'New Horizon' Elm
352242,200,40.713486799180345,-73.98952303754538,Japanese pagoda tree
2111098,200,40.713388102195566,-73.98936163792577,Japanese pagoda tree
2111037,200,40.71349372997651,-73.98930832795682,Japanese pagoda tree
2111038,200,40.713508224778145,-73.98913913823142,Japanese pagoda tree
15197097,200,40.71352055906615,-73.98908489244681,'Greenspire' Littleleaf linden
14104538,200,40.71352938524222,-73.98895951354942,red maple
2111099,200,40.713417340646615,-73.98900732721695,Japanese pagoda tree
2111062,200,40.71337688651649,-73.98865018290138,Japanese pagoda tree
13516331,200,40.71314089166034,-73.98861287692476,common hackberry
2112695,201,40.713232409310734,-73.98848503603128,sawtooth oak
2112696,201,40.713126100756,-73.98846855989581,sawtooth oak
2112697,201,40.71305631810963,-73.98845774598404,sawtooth oak
2112698,201,40.71296472856219,-73.98844355041076,Thornless honeylocust
2112649,201,40.712876008433525,-73.9883556490577,Thornless honeylocust
2112648,201,40.71288139877491,-73.98829110795383,Thornless honeylocust
2112647,201,40.71285937150431,-73.98824075754267,Thornless honeylocust
2112646,201,40.71288678793652,-73.9882265675912,Thornless honeylocust
2112645,201,40.712891877793936,-73.98816561112466,Thornless honeylocust
2112644,201,40.712868953240736,-73.9881260169725,Thornless honeylocust
2112643,201,40.712883922723826,-73.9879467352356,Thornless honeylocust
4899254,201,40.712720767318224,-73.98769362464921,London planetree
10183252,201,40.71293777531722,-73.98749451036963,'Chicagoland' Hackberry
10183648,201,40.7129538442606,-73.98737473935644,'Chicagoland' Hackberry
10184065,201,40.712963365344706,-73.9872933271055,'Chicagoland' Hackberry
10183649,201,40.71296990910042,-73.98720878243918,'Chicagoland' Hackberry
15197104,201,40.7126746333637,-73.98699964013879,'Greenspire' Littleleaf linden
15197105,201,40.71256271848393,-73.9869787421053,'Greenspire' Littleleaf linden
15197106,201,40.712462352372455,-73.98696455339173,'Sterling' Silver linden
13377152,202,40.712243214769046,-73.97945736056177,swamp white oak
15197063,202,40.712250749719274,-73.97934235965751,swamp white oak
4599002,202,40.71234247671883,-73.9793833374198,maidenhair tree
4599001,202,40.712339268544525,-73.9794748307499,maidenhair tree
4598986,202,40.71232939457857,-73.97958916894846,maidenhair tree
11139384,202,40.71221378271787,-73.97990658820683,American hornbeam
16166994,202,40.71221264509304,-73.98000359208153,Oak
15197062,202,40.712200205879874,-73.98012406133732,swamp white oak
15763344,202,40.7121925891143,-73.98023003078387,overcup oak
4607954,202,40.71219048951715,-73.9803578208528,pin oak
15763347,202,40.71217963844983,-73.98042769003486,overcup oak
4607995,202,40.71217860818371,-73.98054334483797,pin oak
2146785,202,40.71210735663678,-73.98057493684185,pin oak
2146784,202,40.71209485437739,-73.98061642822194,London planetree
2146782,202,40.712063879827916,-73.98061017514513,Callery pear
2146783,202,40.71205732098905,-73.98056947163053,pin oak
2146781,202,40.71197671652112,-73.98055619620001,pin oak
2146780,202,40.71197851153072,-73.98060394541693,London planetree
2146778,202,40.71184031799833,-73.98058754705598,London planetree
2146779,203,40.71184209645124,-73.98054057918355,pin oak
2146777,203,40.711780245837204,-73.98054582225951,pin oak
2146776,203,40.7116204256125,-73.98052461718665,pin oak
2146774,203,40.711532939726865,-73.98051436483559,pin oak
2146772,203,40.711453655695095,-73.98050507425276,pin oak
11320666,203,40.71140119942071,-73.98047888348711,'Regal Prince' Oak
2146769,203,40.711315319786394,-73.9804888641355,pin oak
11320266,203,40.711203736536824,-73.98045467483183,'Regal Prince' Oak
2146765,203,40.71110152828172,-73.98046381110707,pin oak
2146763,203,40.71102607211758,-73.98045496965163,pin oak
11793093,203,40.71156117713699,-73.98121324966277,London planetree
525911,203,40.7120519727539,-73.98078437919641,London planetree
15197139,203,40.712355290184696,-73.98081564740224,northern red oak
15197138,203,40.712475257363806,-73.98082892166985,northern red oak
2143763,203,40.712573361184894,-73.9808376640457,American hornbeam
2143764,203,40.71263186863896,-73.9808445075466,American hornbeam
15378280,203,40.7126568660945,-73.98067749894139,Unknown
14085342,203,40.71251565405379,-73.98066190447463,'Espresso' Kentucky coffee tree
14085341,203,40.71242348766412,-73.98065084456726,'Espresso' Kentucky coffee tree
13436529,204,40.71710642304074,-73.98671568824565,Japanese zelkova
13436536,204,40.71706709566427,-73.98658652498396,Japanese zelkova
13436535,204,40.71699797282,-73.9863524678111,Japanese zelkova
14529211,204,40.71691305870157,-73.98640237358384,'Exclamation' London planetree
14529212,204,40.71693808499117,-73.98647830584117,'Skyline' Thornless honeylocust
14529213,204,40.716961921398465,-73.98656519728462,'Exclamation' London planetree
14529214,204,40.716988139055175,-73.98664425881451,'Skyline' Thornless honeylocust
14529215,204,40.71700959127851,-73.98672019196036,'Exclamation' London planetree
14529217,204,40.71703461882747,-73.9868039516963,'Skyline' Thornless honeylocust
14529218,204,40.71705726273345,-73.98689084361651,'Exclamation' London planetree
15534527,204,40.717033681127006,-73.98716900307396,Thornless honeylocust
15534525,204,40.71696245982581,-73.98720055196152,Thornless honeylocust
15534526,204,40.71689676062214,-73.98711398703477,maple
2146528,204,40.71684804693514,-73.98713524382508,Thornless honeylocust
14786093,204,40.716563892153,-73.98728936926972,Kentucky coffeetree
2146526,204,40.71652042834228,-73.98727939798614,goldenrain tree
14786094,204,40.71647547100933,-73.98733241422501,Kentucky coffeetree
2146525,204,40.71642394164946,-73.98731761964247,Japanese pagoda tree
14786095,204,40.71639654795984,-73.98737633805901,Kentucky coffeetree
2111064,204,40.7165030091642,-73.98742815694628,Chinese elm
1426707,204,40.71711921531729,-73.9881175918418,London planetree
15530780,204,40.71670630612122,-73.98817273399878,Japanese zelkova
2111087,205,40.71660128522377,-73.98823338167249,London planetree
1426704,205,40.7166591012095,-73.98835608611503,London planetree
1426705,205,40.71673723357181,-73.98831558814204,London planetree
1426706,205,40.716813834080455,-73.9882758832117,London planetree
15197176,205,40.71687333120877,-73.98825221068576,'Bloodgood' London planetree
2111088,205,40.71683011573852,-73.98811496416371,Japanese zelkova
10816122,205,40.71694398094182,-73.98804284984082,London planetree
13436532,205,40.717035451100266,-73.98800870391692,Kentucky coffeetree
13436531,205,40.717139907748695,-73.98796153592232,Kentucky coffeetree
2111090,205,40.717210112424965,-73.98791787540722,London planetree
13640800,205,40.717564128536885,-73.98773225847494,Japanese zelkova
13640804,205,40.71765672375654,-73.98769097795109,Japanese zelkova
15197178,205,40.717693074703966,-73.98781491506178,common hackberry
15197177,205,40.71759763882734,-73.98786364449175,common hackberry
15208588,205,40.71751307338565,-73.98802790104023,common hackberry
2110989,205,40.71743875978282,-73.98817372381842,bald cypress
12238093,205,40.7175659511848,-73.98821631444387,Japanese zelkova
2110988,205,40.717500055297165,-73.98837461800977,dawn redwood
2110987,205,40.71752334655126,-73.9884509570578,dawn redwood
2110976,205,40.71744196100056,-73.98865818899526,Thornless honeylocust
2110975,205,40.71735711046461,-73.98870186263817,Thornless honeylocust
2110974,205,40.71726663629476,-73.98874842979244,Thornless honeylocust
2110973,206,40.71718842999632,-73.98878868108763,Thornless honeylocust
2110972,206,40.717098466975514,-73.98883498638568,Thornless honeylocust
10183241,206,40.71717895016398,-73.98903084771172,dawn redwood
10183639,206,40.71732190043547,-73.98896819690033,dawn redwood
10183242,206,40.71741719853799,-73.98891494725726,dawn redwood
17659598,206,40.71776415339523,-73.98848992123844,'City Sprite' Zelkova
2110899,206,40.71781330725813,-73.98869553019702,swamp white oak
2110900,206,40.7179062566743,-73.98864738016303,swamp white oak
13622971,206,40.718019244036604,-73.98859423178376,dawn redwood
13622970,206,40.718060071185775,-73.98856530674198,dawn redwood
2111001,206,40.71797626833477,-73.98838069161768,Thornless honeylocust
13622972,206,40.71779231244192,-73.98898782604462,Japanese zelkova
2116153,206,40.71768474801032,-73.98898628436402,common hackberry
14051590,206,40.71773128463026,-73.98914054236546,'Shawnee Brave' Bald cypress
14051591,206,40.71777306328118,-73.98928673877677,'Shawnee Brave' Bald cypress
2116151,206,40.717792996226564,-73.98934510279314,bald cypress
15517073,206,40.71803167758464,-73.98933780093036,Japanese zelkova
15517074,206,40.718194677791566,-73.98924940468335,Japanese zelkova
13804610,206,40.71838061604746,-73.9892886131889,'Exclamation' London planetree
14051589,206,40.718506730239866,-73.98922033539192,'Green Vase' Zelkova
14495874,206,40.718448105578766,-73.98912884941277,'Mushashino' Zelkova
14078295,207,40.71475237187269,-73.98241406505356,pin oak
2143718,207,40.71460704674316,-73.98266834935893,swamp white oak
3904823,207,40.714683527422594,-73.98282610968559,Callery pear
3904822,207,40.71469783434593,-73.98289812544414,Callery pear
14078294,207,40.714677592239795,-73.98297484774763,flowering dogwood
2143719,207,40.71457101141237,-73.98305987658755,swamp white oak
2143720,207,40.71456225808453,-73.98317022052669,swamp white oak
2143721,207,40.71455458395666,-73.98324703186803,swamp white oak
3904818,207,40.71470351194727,-73.98343748792362,London planetree
2112727,207,40.714709845894475,-73.9835120556809,sycamore maple
2112728,207,40.71470099807276,-73.9836123866957,swamp white oak
2112729,207,40.714692783303654,-73.98370555113158,Japanese pagoda tree
2112730,207,40.71465708736037,-73.98381268827512,American basswood
2112731,207,40.71464305873127,-73.98397178543793,Callery pear
2112732,207,40.71462656573386,-73.9841588317423,'Not Green leaf' Japanese flowering cherry
3904819,207,40.71465597813764,-73.98427981475787,American basswood
3904820,207,40.71465599135169,-73.98437688421672,American basswood
2112739,208,40.71472169418724,-73.98441993861343,Callery pear
2112740,208,40.714821998895104,-73.98435449160282,American basswood
2112741,208,40.714919353208934,-73.98429096896224,Japanese pagoda tree
2112663,208,40.71505443755157,-73.98410610378822,Japanese zelkova
15197120,208,40.715014811389906,-73.98397541528107,'Autumn Blaze' Red maple
15197121,208,40.71500046350815,-73.98390009831252,'Autumn Blaze' Red maple
15197122,208,40.71497376286396,-73.98384003633004,'Autumn Blaze' Red maple
2112666,208,40.714933525977585,-73.98370733573789,swamp white oak
2112667,208,40.7149020276764,-73.98360345439556,swamp white oak
2112668,208,40.71486276775623,-73.9835665460401,Japanese pagoda tree
2112669,208,40.71483939709651,-73.9834894730293,Thornless honeylocust
2112670,208,40.71479855166469,-73.98335476427926,London planetree
15197123,208,40.71478906527921,-73.9832300233552,bur oak
6465674,208,40.71496603183214,-73.98313080618318,pin oak
2112780,208,40.7149413604224,-73.98304897946765,Japanese pagoda tree
15197124,208,40.71493030502038,-73.98299650190783,Freeman maple
14078296,208,40.71487867301545,-73.98284105807849,pin oak
14051575,209,40.72060772481016,-73.98048587694151,Thornless honeylocust
2147541,209,40.72067340503201,-73.98048839954467,London planetree
14051574,209,40.72066520013506,-73.98036522220852,'Green Vase' Zelkova
14051164,209,40.720640993593754,-73.98030798323187,'Green Vase' Zelkova
14051579,209,40.72060200793126,-73.98022245708407,'Green Vase' Zelkova
14051163,209,40.72052398658434,-73.98020664904925,'Green Vase' Zelkova
2147538,209,40.72053401721063,-73.98024138164344,Thornless honeylocust
2147537,209,40.720554131916685,-73.98030928807889,Thornless honeylocust
6488093,209,40.72057047705714,-73.98036680061627,Thornless honeylocust
2124472,209,40.72044981224382,-73.98042689224404,London planetree
2124471,209,40.72048513458341,-73.9805458629772,London planetree
2124470,209,40.72052554434303,-73.98068197354479,London planetree
2124469,209,40.72055058780874,-73.98076632842184,'Green leaf' Japanese flowering cherry
2124468,209,40.72057712851627,-73.98085572375338,London planetree
2147534,209,40.72069534073736,-73.98069152573068,London planetree
2147533,209,40.720733181437154,-73.98081927174104,London planetree
2147532,209,40.720771022567014,-73.9809470193994,London planetree
2147531,209,40.72080926119422,-73.98107611166441,London planetree
2124466,209,40.72066273710096,-73.98114407780339,'Green leaf' Japanese flowering cherry
2144190,209,40.72049217587658,-73.9811220019396,Thornless honeylocust
2144189,209,40.72045144733456,-73.98098799642536,Thornless honeylocust
2144188,209,40.72041071863623,-73.98085399032325,Thornless honeylocust
2144187,209,40.72036998920998,-73.98071998513674,cucumber tree
2144186,210,40.72032926019951,-73.98058598086538,Thornless honeylocust
2144184,210,40.72024881955852,-73.98032132001717,Thornless honeylocust
2124473,210,40.7203961310457,-73.98024608453626,London planetree
2124474,210,40.72035791671066,-73.98011736782395,Japanese pagoda tree
2124475,210,40.72033945717324,-73.9800551941534,Japanese pagoda tree
2124476,210,40.720279988545464,-73.97985489449617,Japanese pagoda tree
2124477,210,40.720245365246875,-73.97973827820752,Hardy Rubber Tree
6523297,210,40.72020168705761,-73.97963177194796,Hardy Rubber Tree
15188106,210,40.72019418489477,-73.97958112882026,Amur maackia
6523296,210,40.720173074147326,-73.97950965030589,Hardy Rubber Tree
6523295,210,40.72013135912071,-73.97940162477971,Thornless honeylocust
6523294,210,40.72010274596612,-73.97927950411687,Thornless honeylocust
2144183,210,40.71997490772817,-73.97942014144746,Green ash
2144182,210,40.719868804459466,-73.97907106252438,maidenhair tree
15188107,210,40.72003804053099,-73.97906442412302,Amur maackia
14235297,210,40.72028217409198,-73.97936111423786,pin oak
14051161,210,40.72031536349672,-73.97947053527466,pin oak
14051572,210,40.720343214983146,-73.97955191985389,pin oak
2131212,210,40.72046165581433,-73.97962233238474,Japanese pagoda tree
2131213,210,40.720491189790295,-73.97969238369124,Japanese pagoda tree
2131214,210,40.7205207254388,-73.97976243430774,Japanese pagoda tree
14051573,210,40.7204476373664,-73.97982923165893,pin oak
2131215,211,40.72056595786128,-73.97986972007757,Japanese zelkova
14051162,211,40.72054288377114,-73.97994942038468,'Green Vase' Zelkova
16873076,211,40.72084317379821,-73.98050694015346,American elm
13765569,211,40.721014395603774,-73.98090810585796,'Kwanzan' Flowering cherry
2142377,211,40.72117726656388,-73.9808864226316,Thornless honeylocust
12382675,211,40.72123714130013,-73.98084236792181,'Skyline' Thornless honeylocust
2142375,211,40.72130180675044,-73.98079478757361,Thornless honeylocust
2122807,211,40.72139271601778,-73.98089101766534,Callery pear
2122806,211,40.72131802768057,-73.9809460866335,Thornless honeylocust
2122805,211,40.72124094709303,-73.9810029216301,Green ash
2122804,211,40.72118301742205,-73.9810456333178,Green ash
11536470,211,40.721041325589,-73.9812941697242,red maple
11536475,211,40.721071478769225,-73.98135588566277,goldenrain tree
11536474,211,40.721094423330875,-73.98140950988062,red maple
2131220,211,40.72117401535236,-73.98131250793193,Shumard's oak
14051154,211,40.72121630602818,-73.98141286251702,'Heritage' Oak
4608442,211,40.72129400329884,-73.98157660053293,London planetree
14042109,211,40.721199203191254,-73.98165807054684,pin oak
2142431,211,40.721245417790996,-73.98176794312255,London planetree
2142430,211,40.7212893761635,-73.98187244564346,London planetree
2131222,211,40.7213639282803,-73.98176316068482,Thornless honeylocust
10162192,211,40.72136124482274,-73.98203303605284,Turkish hazelnut
2142429,212,40.721422840969815,-73.9821897476129,Callery pear
6533720,212,40.72149838861871,-73.98206742399925,Thornless honeylocust
2131223,212,40.72154293417278,-73.98218793876778,Thornless honeylocust
2142428,212,40.721569851168674,-73.98253925507055,Japanese pagoda tree
2142427,212,40.721601458141976,-73.98261439654188,sawtooth oak
2142426,212,40.72165484277776,-73.98274131836595,sawtooth oak
2142464,212,40.72133863498664,-73.98291275180286,Green ash
2124458,212,40.72117920108213,-73.9828664403044,London planetree
2124459,212,40.72113404517475,-73.98271688775908,Thornless honeylocust
2142463,212,40.72127572691335,-73.98270647765442,Green ash
2142462,212,40.72123569483025,-73.98257521269484,Green ash
2142461,212,40.72120689655853,-73.98248078228416,Thornless honeylocust
2142460,212,40.72118616555377,-73.98241280554558,Thornless honeylocust
2142459,212,40.72115756967757,-73.98231904563323,Thornless honeylocust
2124461,212,40.72103988702399,-73.98240504198041,London planetree
2124460,212,40.72107886738769,-73.98253413916578,Callery pear
15218027,212,40.7209734821328,-73.98268777257815,'Redmond' American linden
17666410,212,40.720920839189404,-73.98254264337092,'Redmond' American linden
15218029,212,40.72089407096476,-73.98244509984248,'Redmond' American linden
1172109,212,40.72076395884657,-73.98232756096806,Japanese pagoda tree
2124636,212,40.72068810223516,-73.98224174342636,Thornless honeylocust
2124635,212,40.72057707003056,-73.98229845838829,Thornless honeylocust
2124596,213,40.72055769034877,-73.98243307003509,Thornless honeylocust
2124634,213,40.72047678211473,-73.98234968457062,littleleaf linden
15216650,213,40.72042766220591,-73.9823747746131,swamp white oak
2124632,213,40.720372913687385,-73.98240273937186,littleleaf linden
2124595,213,40.7204149173648,-73.98250593296532,Thornless honeylocust
2124594,213,40.72035171903783,-73.98253818529818,Thornless honeylocust
2124631,213,40.720269556405775,-73.98245553307743,littleleaf linden
15216647,213,40.7201723377333,-73.98250519095458,bur oak
2124593,213,40.72021841352892,-73.98260621720866,Thornless honeylocust
2124629,213,40.720014487993986,-73.98258581796009,London planetree
2124628,213,40.71995334348207,-73.98261705036003,littleleaf linden
2124592,213,40.719945917612144,-73.98274528200045,littleleaf linden
2124627,213,40.71985510181983,-73.98266723037177,littleleaf linden
2124591,213,40.719805366169176,-73.98295806609156,maidenhair tree
2118873,213,40.719734416601,-73.98300564712932,pin oak
2118872,213,40.719768690611176,-73.98311817803884,willow oak
17666415,213,40.71984292922002,-73.98308130159383,Shumard's oak
2118871,213,40.719813063759574,-73.98326386493146,willow oak
5929596,213,40.71990121238759,-73.98327251740018,pin oak
2118870,213,40.71986539113752,-73.98343567680097,pin oak
5930797,213,40.7198869144767,-73.98350634292912,pin oak
15216596,213,40.71996030972563,-73.98343734799883,Shumard's oak
15208697,214,40.72820687053146,-73.97742422483581,Shumard's oak
11143469,214,40.728239510899165,-73.97749176719819,sawtooth oak
1441887,214,40.72834707569069,-73.97743086038048,London planetree
15307871,214,40.72838137356925,-73.97749736428025,'Shademaster' Thornless honeylocust
12751327,214,40.72840288820719,-73.97756349672022,Kentucky coffeetree
1441886,214,40.72844090290035,-73.97769207498709,Green ash
1441885,214,40.728488898442194,-73.97780478467703,Green ash
1441893,214,40.72844935728737,-73.97799502094527,Kentucky coffeetree
1441892,214,40.72842259300784,-73.97793201923868,Thornless honeylocust
1441891,214,40.728370134713664,-73.97780853519866,Thornless honeylocust
12751326,214,40.728316226427275,-73.97769243317369,Thornless honeylocust
2123523,214,40.72788167903905,-73.97835827150433,Thornless honeylocust
2114518,214,40.72782086411941,-73.9784696929632,Kentucky coffeetree
2114519,214,40.72778626767879,-73.97838764719764,American basswood
2114520,214,40.72774368608801,-73.97828666762219,American basswood
2114521,214,40.727709353819044,-73.97820525410341,Kentucky coffeetree
2123524,214,40.72779228417164,-73.9781470216273,Thornless honeylocust
2114522,214,40.72765080295946,-73.9780664093264,Thornless honeylocust
2114523,214,40.7276007685489,-73.97794775970426,Thornless honeylocust
133257,214,40.72756227294511,-73.97785631106895,Thornless honeylocust
2114524,214,40.727525450683,-73.97776915392829,Thornless honeylocust
2123525,214,40.727606556728574,-73.9777081262736,Norway maple
2123526,214,40.7275598572982,-73.97759777264469,Thornless honeylocust
2123527,214,40.72751022351886,-73.97748048314352,Japanese pagoda tree
2114525,214,40.727415268877365,-73.97750787390781,London planetree
2114526,214,40.72738253275995,-73.9774302474781,'Green leaf' Japanese flowering cherry
2123528,214,40.72745898833951,-73.97735940903257,Japanese zelkova
2123529,215,40.727407484722264,-73.9772377045624,Thornless honeylocust
2114527,215,40.72733249769221,-73.97731159956291,Thornless honeylocust
2114528,215,40.727276874296514,-73.97717969836013,Thornless honeylocust
2123530,215,40.72731248527522,-73.97701321476094,Thornless honeylocust
2122252,215,40.727348495312384,-73.97657332475009,American basswood
2122251,215,40.727452112153905,-73.97649755019354,pin oak
2122250,215,40.72751543337278,-73.97645124248538,Japanese pagoda tree
2122249,215,40.72759146717926,-73.9763956382256,Japanese pagoda tree
2114494,215,40.727484887535866,-73.97619477537776,sweetgum
13519403,215,40.72788408064304,-73.97619630747195,sawtooth oak
16293537,215,40.72801152945233,-73.97609995550698,'Imperial' Thornless honeylocust
2122236,215,40.72749015908124,-73.97542132965258,Thornless honeylocust
2122240,215,40.72714611432002,-73.97460524929762,English oak
2149051,215,40.72707231293564,-73.97472728365338,Callery pear
2149052,215,40.72701530607686,-73.97459226405155,Callery pear
2149053,215,40.72696176270287,-73.97446544684144,Thornless honeylocust
2122241,215,40.727041010370165,-73.97435594555293,Callery pear
2149054,215,40.726850413754164,-73.97420171856024,maidenhair tree
2122242,215,40.72695546354355,-73.97415303197847,maidenhair tree
2122243,215,40.72689200290331,-73.97400250312165,pin oak
3344617,215,40.726537921296604,-73.97328807190767,London planetree
3639139,215,40.72638931474324,-73.9729318690783,London planetree
3364932,215,40.72635328491372,-73.97284550659509,London planetree
15541160,215,40.72703931990226,-73.97262173773201,Thornless honeylocust
15541158,215,40.7270977404945,-73.97275985191659,Thornless honeylocust
15541156,215,40.72717843613823,-73.97295062544399,Thornless honeylocust
2110855,216,40.718725939920795,-73.98985617131547,Thornless honeylocust
2110926,216,40.71873435071287,-73.98997159916998,Callery pear
2110925,216,40.71867760877763,-73.99000078832323,Callery pear
2110854,216,40.71859691985048,-73.98992373910629,pin oak
2110853,216,40.71855816275945,-73.98994403465242,pin oak
2110852,216,40.71835366916749,-73.99005112921805,Thornless honeylocust
12776277,216,40.7182068008339,-73.99012804216261,'Skyline' Thornless honeylocust
4699251,216,40.7181542460137,-73.99091873568008,Japanese zelkova
4693766,216,40.71797395512044,-73.99097437545971,Callery pear
4817594,216,40.71792034106342,-73.9907755559147,littleleaf linden
4817595,216,40.71786137424268,-73.99080844419252,littleleaf linden
13842552,216,40.71777446577885,-73.99084881336844,'Redmond' American linden
4676824,216,40.71776505233986,-73.9911182516093,swamp white oak
4668603,216,40.717715698930135,-73.99114355139548,Japanese zelkova
14495904,216,40.71759955510787,-73.99043742494253,northern red oak
2110821,216,40.717168931347345,-73.98990094365737,swamp white oak
2110822,216,40.71721546951948,-73.98987708203042,swamp white oak
2116127,216,40.71717691490711,-73.98978133595705,swamp white oak
2116126,216,40.717111654977174,-73.98981557020925,swamp white oak
15347449,216,40.716851216448376,-73.98979996982817,'Regent' Japanese pagodatree
12217055,216,40.71684800173391,-73.98896389915542,'Espresso' Kentucky coffee tree
12776278,216,40.716692687776636,-73.98886908524759,'Skyline' Thornless honeylocust
14177513,216,40.716653624835395,-73.98874120508937,'Espresso' Kentucky coffee tree
2110942,216,40.716634196558665,-73.98867759872903,littleleaf linden
2110941,216,40.716608222159785,-73.98859256961845,goldenrain tree
2110940,216,40.716588178888756,-73.98852695535928,maidenhair tree
1417698,216,40.7164967284959,-73.98887529329653,Kentucky coffeetree
14075703,216,40.71652251856802,-73.98896042010446,dawn redwood
2112799,217,40.71713088140305,-73.99516080783522,Japanese zelkova
2112798,217,40.71710731437579,-73.99508383562167,Unknown
2112797,217,40.71707411582279,-73.9949754056117,Japanese zelkova
1803595,217,40.71687961843591,-73.99460357305185,Japanese pagoda tree
14216524,217,40.71707514729682,-73.99419519549876,Unknown
5109976,217,40.717106148997296,-73.99417662682853,'Kwanzan' Flowering cherry
10666768,217,40.71737417382292,-73.99435163407719,'Millstone' Japanese pagodatree
10666767,217,40.71746890227161,-73.99430352065522,'Millstone' Japanese pagodatree
10462423,217,40.717894825278854,-73.99381089476499,London planetree
2111026,217,40.71746454865899,-73.99322129064446,maidenhair tree
2111027,217,40.71740113803479,-73.99325382150471,maidenhair tree
2111029,217,40.71717434412155,-73.99337017649569,Kentucky coffeetree
4862061,217,40.71724082369798,-73.99354728571883,London planetree
2111030,217,40.71694371496433,-73.99348849558255,maidenhair tree
2123331,217,40.7166412661096,-73.99353415062394,maidenhair tree
14500069,217,40.71669511551768,-73.99342431796212,common hackberry
2123332,217,40.71660482705876,-73.99341188827438,Thornless honeylocust
1691589,218,40.718903933214854,-73.99152021981106,Japanese pagoda tree
13883294,218,40.718383734232106,-73.99179462931825,goldenrain tree
13883708,218,40.71840445693138,-73.99189624105918,'Green Vase' Zelkova
13883293,218,40.718348402106024,-73.99192923194578,'Green Vase' Zelkova
13885312,218,40.718267513061726,-73.991972547561,'Green Vase' Zelkova
13883292,218,40.717924455485345,-73.99203353852786,'Sterling' Silver linden
2110894,218,40.717616889040634,-73.99189311645635,sawtooth oak
2110895,218,40.71754142221835,-73.99164217376503,sawtooth oak
2110921,218,40.71743678249603,-73.99177269193562,Thornless honeylocust
2110922,218,40.71749126237091,-73.9919154232048,pin oak
2110923,218,40.71753085892091,-73.99204613331506,sawtooth oak
2110924,218,40.71755827213783,-73.99213662398016,sawtooth oak
2145215,218,40.717790078507875,-73.99246075665792,goldenrain tree
2145214,218,40.71784320374163,-73.99263486491029,goldenrain tree
13842561,218,40.717866701499936,-73.99271187318962,pin oak
2145211,218,40.717766134156705,-73.99282251152962,Japanese pagoda tree
2145212,218,40.71779182347902,-73.99290691625595,goldenrain tree
15326344,218,40.718111878495705,-73.99315254230615,'Fastigiata' European hornbeam
15325117,218,40.718279937278275,-73.99358951167412,katsura tree
2116147,218,40.718495214771195,-73.99378210865673,Japanese pagoda tree
13842559,218,40.71861678705546,-73.99371921779442,sawtooth oak
2116150,218,40.7188538017283,-73.99359660528546,Japanese zelkova
12248928,218,40.71889595888061,-73.99328430216688,mulberry
4595843,218,40.71897600400144,-73.99323423431993,European hornbeam
12243240,218,40.718504886676676,-73.99292159635587,littleleaf linden
10461511,218,40.71859243946119,-73.99284915155377,American basswood
2110844,218,40.718517764597124,-73.99268143174167,maidenhair tree
2110843,218,40.718594004634134,-73.99263288577178,maidenhair tree
2110842,218,40.71866684407583,-73.99261209122314,maidenhair tree
2112333,219,40.711230299248435,-73.9889931319054,Japanese zelkova
2112336,219,40.7112781710327,-73.98850444146116,pond cypress
4817637,219,40.711319429645314,-73.98808522131121,Thornless honeylocust
2112338,219,40.71134454578037,-73.98782685396723,maidenhair tree
2112339,219,40.71135863227065,-73.98768303689747,maidenhair tree
2112340,219,40.71137566194102,-73.9875091678353,maidenhair tree
13846308,219,40.711391260958266,-73.98743210665955,'Exclamation' London planetree
14108806,219,40.711400781679394,-73.98733660546112,maidenhair tree
15838126,219,40.71141204780794,-73.98723842940952,'Princeton Sentry' Ginkgo
2112342,219,40.71142310876055,-73.98702476775463,maidenhair tree
2112343,219,40.71143453206531,-73.98690813841395,maidenhair tree
2112374,219,40.711386687422745,-73.98681290768582,maidenhair tree
2112375,219,40.71129777505086,-73.98679968810507,maidenhair tree
4609673,219,40.71128083220818,-73.98666377960328,Japanese pagoda tree
10408119,219,40.711365517954206,-73.98667458386078,'Regent' Japanese pagodatree
2112383,219,40.71149218496794,-73.9863159041802,Thornless honeylocust
14500039,219,40.711502698851454,-73.98620821431804,common hackberry
14500041,219,40.71151324690047,-73.98610016596169,common hackberry
2111095,220,40.71646284333236,-73.98810920154143,dawn redwood
2111096,220,40.71642869940818,-73.98799660748985,London planetree
15197144,220,40.71624532475758,-73.98804547701315,'Bejing Gold' Peking lilac
15087858,220,40.7162118168488,-73.987934879302,Horsechestnut
1417702,220,40.71606072848155,-73.98743619000331,goldenrain tree
1417703,220,40.716015848536614,-73.98728805866206,littleleaf linden
1417704,220,40.71596731194611,-73.98712786175368,swamp white oak
1417705,220,40.71592385254791,-73.98698442156089,Japanese pagoda tree
1417706,220,40.71579964852158,-73.98693239688488,pin oak
16293528,220,40.71573277751147,-73.98696716110246,chinkapin oak
1417708,220,40.71564038342846,-73.98701519606723,pin oak
1417709,220,40.71554441676903,-73.98706508559057,Callery pear
1417710,220,40.71542205842792,-73.98711819281182,Callery pear
1417711,220,40.715300834844896,-73.9871687121478,silver linden
2112525,220,40.71532883422672,-73.98694458560827,Callery pear
2112526,220,40.71543799248562,-73.9868915536359,Callery pear
2112527,220,40.71554148596096,-73.98684127166635,silver linden
2112528,220,40.71564498112855,-73.98679099029177,silver linden
12158995,220,40.71574779915772,-73.98674006634471,'Sterling' Silver linden
2110878,221,40.71664502636918,-73.99104078941984,littleleaf linden
233812,221,40.71660917921768,-73.99094565186553,littleleaf linden
2116112,221,40.716514430473964,-73.99099430453182,Japanese pagoda tree
2116111,221,40.71646388547354,-73.99102054952012,Japanese pagoda tree
2116110,221,40.71641742599217,-73.99104467460728,Japanese pagoda tree
2116109,221,40.716346459640114,-73.99108152481817,American basswood
2110879,221,40.716325503747186,-73.9912050450407,Japanese pagoda tree
13807461,221,40.71621343755769,-73.99128146606957,sawtooth oak
2110892,221,40.716115645502434,-73.99150000754537,sawtooth oak
2110893,221,40.716154078170156,-73.9916289916076,English oak
15208598,221,40.71631129531499,-73.99163853580798,'Allee' Chinese elm
15208600,221,40.716359916489395,-73.99161536008184,'Allee' Chinese elm
2110901,221,40.71646703432067,-73.99155446968638,Thornless honeylocust
15971228,221,40.71656521126438,-73.991504074614,'Princeton' American elm
15208602,221,40.71661961177917,-73.99148772337206,'Allee' Chinese elm
15208603,221,40.71667586203649,-73.9914544811815,'Allee' Chinese elm
15208605,221,40.71677485836136,-73.99139646214469,'Allee' Chinese elm
15208607,221,40.71685053592706,-73.99135761609841,'Allee' Chinese elm
2118610,222,40.72383505018176,-73.9921616013133,Callery pear
2118611,222,40.723793996490876,-73.99202659325007,Callery pear
2118612,222,40.723753043878055,-73.99189192131142,Callery pear
2118613,222,40.72369232875522,-73.99169225940352,Callery pear
6525292,222,40.72365200773493,-73.9915670017213,Callery pear
2124484,222,40.723735901490556,-73.99135428271921,London planetree
2118760,222,40.723898134824154,-73.99135995740045,maidenhair tree
2118761,222,40.72395775872271,-73.99155708531714,silver linden
2118762,222,40.72403603959991,-73.99181590009205,silver linden
5044694,222,40.724061186887845,-73.99189904371032,Japanese zelkova
2118764,222,40.72408653658818,-73.99198285780822,silver linden
2118765,222,40.72411553701399,-73.992078738731,maidenhair tree
2118766,222,40.72415589405302,-73.99221216991607,maidenhair tree
2116345,222,40.72434284419075,-73.99235914362542,Callery pear
2116377,222,40.72474245219456,-73.99208691553353,Callery pear
5786875,222,40.72470719404021,-73.99200370681643,'McSentry' American linden
2116379,222,40.72467914772485,-73.99193751629927,Callery pear
1431692,222,40.724781828782916,-73.99190856636949,Callery pear
1431693,222,40.72481132438895,-73.99197865021374,Callery pear
13842557,222,40.725016356186636,-73.99212150441701,'Green Vase' Zelkova
2122894,223,40.722682288098916,-73.97686645949081,American elm
2122898,223,40.722958158932094,-73.97666410359936,American elm
2110177,223,40.72320822223963,-73.97648342770202,pin oak
2110176,223,40.723283118384494,-73.97642884890855,maidenhair tree
2110175,223,40.72357598134068,-73.97621543390102,Thornless honeylocust
2121611,223,40.723715433124575,-73.97624209340047,Callery pear
2110096,223,40.723796095838374,-73.9761701473569,Thornless honeylocust
2147314,223,40.723858408926525,-73.97600876650358,Thornless honeylocust
15208688,223,40.72395422759766,-73.97593905586446,'New Horizon' Elm
2147316,223,40.72401282211818,-73.9758964256597,Japanese zelkova
15208687,223,40.72414054862816,-73.97581085754759,northern red oak
2147317,223,40.72420301678489,-73.97575805406872,Thornless honeylocust
2114517,223,40.724301244460776,-73.97578905791342,Chinese elm
2114516,223,40.724337219805264,-73.975874220516,Chinese elm
2114515,223,40.72437719239985,-73.97596884615544,Chinese elm
11537810,223,40.72448631464548,-73.9759625698616,'Millstone' Japanese pagodatree
11537350,223,40.724440224483715,-73.97585342799927,'Millstone' Japanese pagodatree
11537351,223,40.72440439134318,-73.9757538980209,'Millstone' Japanese pagodatree
2114473,223,40.72442283877996,-73.97559599633671,northern red oak
2114472,223,40.72453138403875,-73.97551702663665,Thornless honeylocust
14529199,223,40.7244362213009,-73.97537093921189,northern red oak
2121012,223,40.724372630038964,-73.9754173488784,Oak
11789072,223,40.724552113669084,-73.97609871805707,mulberry
11537811,223,40.7245907514256,-73.97620987577494,'Millstone' Japanese pagodatree
2114514,223,40.72452516274119,-73.97630213732913,Thornless honeylocust
2114513,223,40.724565840301786,-73.97638966042234,Thornless honeylocust
2114512,223,40.72459978619586,-73.97646558922972,Thornless honeylocust
2114511,223,40.7246235703635,-73.97653416256226,Thornless honeylocust
2146794,223,40.7246975836346,-73.97646285937448,Japanese zelkova
2146793,223,40.72465548951372,-73.97636318058042,Japanese zelkova
2124296,224,40.71499899466685,-73.99656852889235,'Green leaf' Japanese flowering cherry
14148184,224,40.71503463998662,-73.996588587211,Chinese juniper
2124297,224,40.71508654807519,-73.99661081735137,'Green leaf' Japanese flowering cherry
2124298,224,40.71507372077478,-73.99656823946984,'Green leaf' Japanese flowering cherry
15224553,224,40.71508897858674,-73.99652346797366,'Kwanzan' Flowering cherry
2124300,224,40.71512839142585,-73.99653539997146,'Not Green leaf' Japanese flowering cherry
2124301,224,40.71515365756716,-73.99648034266991,London planetree
15224554,224,40.71521458919154,-73.99645026003732,'Kwanzan' Flowering cherry
14148180,224,40.7151952948999,-73.99649521371367,'Green leaf' Japanese flowering cherry
14233842,224,40.715235930397334,-73.99651023663472,Japanese flowering cherry
2124305,224,40.715268044031426,-73.99648919249742,'Green leaf' Japanese flowering cherry
2124306,224,40.71527502724026,-73.9964175357963,'Green leaf' Japanese flowering cherry
15197083,224,40.71530716091222,-73.9963978060037,'Kwanzan' Flowering cherry
2124308,224,40.71533415351956,-73.99638504378578,London planetree
15208674,224,40.71536732053559,-73.99636727235803,Sargent cherry
14148181,224,40.715400545434306,-73.9963536410208,'Green leaf' Japanese flowering cherry
15197085,224,40.715434628064564,-73.99633986984055,'Kwanzan' Flowering cherry
2124313,224,40.715457782177545,-73.99633259387076,'Green leaf' Japanese flowering cherry
2124312,224,40.71545582556101,-73.996374038715,'Green leaf' Japanese flowering cherry
2124310,224,40.715411085733386,-73.99640327068587,'Green leaf' Japanese flowering cherry
2124309,224,40.715378633546976,-73.99642276454718,'Green leaf' Japanese flowering cherry
2124307,224,40.71534243539994,-73.99644450863167,'Green leaf' Japanese flowering cherry
2118577,225,40.7230454877811,-73.99284332383155,Caucasian linden
2118569,225,40.72267594393104,-73.99246812054214,Callery pear
2118567,225,40.72260152785468,-73.99221081904214,Callery pear
2116283,225,40.7225297438492,-73.99227018715209,Chinese elm
2116228,225,40.72197414804319,-73.9920005999589,Japanese pagoda tree
2116227,225,40.72192041157687,-73.9920280019116,Japanese pagoda tree
2116226,225,40.72176687518361,-73.99210629306938,Japanese pagoda tree
5927596,225,40.72132875784893,-73.99216316701323,'Mushashino' Zelkova
2146532,225,40.72108625502303,-73.9924547303858,Japanese pagoda tree
15224556,225,40.72145552924969,-73.99277751057221,goldenrain tree
15224557,225,40.721463436273304,-73.99283889551353,goldenrain tree
15224558,225,40.721488442200084,-73.9929319587673,goldenrain tree
10183651,225,40.721539419996866,-73.99309539948251,'Emerald Avenue' European hornbeam
2118742,225,40.72156411692889,-73.99317877350698,Thornless honeylocust
2118741,225,40.72158721923818,-73.9932567663877,maidenhair tree
10202524,225,40.721745594726826,-73.99330685356239,'Continental Appeal' American linden
13841746,225,40.721999947470565,-73.99325755213063,'New Horizon' Elm
2124605,226,40.7192522770189,-73.98212755124152,Thornless honeylocust
14495891,226,40.71934790099074,-73.98208697580662,'Morton Glossy' Elm
2124604,226,40.71946999670684,-73.98214374316731,Thornless honeylocust
2124603,226,40.71956092083115,-73.98244096565256,dawn redwood
2124602,226,40.71960689492739,-73.98259125080118,'Green leaf' Japanese flowering cherry
14051586,226,40.71959996616455,-73.98280842111626,'Princeton' American elm
14051171,226,40.71954576591061,-73.98283635797394,'Princeton' American elm
14051172,226,40.71949791919532,-73.98286429315267,'Princeton' American elm
10866517,226,40.719486504665035,-73.98280835192828,American basswood
15936512,226,40.7194362092182,-73.98288498677967,'Princeton' American elm
14051587,226,40.71936994889104,-73.98291883237685,bur oak
2124619,226,40.7191061819784,-73.9830535599118,Japanese pagoda tree
2124618,226,40.718978009611426,-73.98311902991615,Callery pear
2124617,226,40.71892658638669,-73.98314529634895,Callery pear
2124616,226,40.71887439582375,-73.98317195374466,Callery pear
13518634,226,40.7187769100775,-73.98323148880625,'Frontier' Elm
13518632,226,40.71867453101184,-73.98328189578545,'Frontier' Elm
15216654,226,40.718557573764414,-73.9831903460881,Shumard's oak
5242532,226,40.7184127581651,-73.98305525961953,Hardy Rubber Tree
14022437,226,40.718463916967416,-73.98291922315688,'Princeton' American elm
5243733,226,40.718324490581416,-73.98276558254148,Hardy Rubber Tree
2119540,227,40.72987280672015,-73.98506144151968,Thornless honeylocust
2119521,227,40.729755380857355,-73.9850432343499,Thornless honeylocust
2119520,227,40.72971230179597,-73.98494137720711,Thornless honeylocust
2119541,227,40.729805830571195,-73.98490274075426,Thornless honeylocust
2119542,227,40.72977880060995,-73.98483869322388,Thornless honeylocust
2119543,227,40.72975216929947,-73.98477559201898,Thornless honeylocust
2119544,227,40.729724472882886,-73.98470996772139,Thornless honeylocust
2119545,227,40.729690118291686,-73.98462856727171,Thornless honeylocust
2119546,227,40.729664419806866,-73.98456767520227,Thornless honeylocust
2119547,227,40.729637788347446,-73.98450457421401,Thornless honeylocust
2119548,227,40.72958479302379,-73.98437900298373,Japanese pagoda tree
2119549,227,40.72953778821712,-73.98426762972024,Japanese pagoda tree
15347450,227,40.729470895486905,-73.98402133165837,'Mushashino' Zelkova
2116904,227,40.72961888739907,-73.98398311092305,Thornless honeylocust
13826744,227,40.729699760782005,-73.98392783781276,'Princeton' American elm
13827544,227,40.729779986887756,-73.98386887547971,'Princeton' American elm
2116905,227,40.729847242219726,-73.98381763967534,Thornless honeylocust
15396585,227,40.72998785996056,-73.98365912609357,Unknown
2142367,228,40.7211051252037,-73.97940128623927,'Not Green leaf' Japanese flowering cherry
2142366,228,40.72108714169454,-73.97935870340818,pin oak
6488092,228,40.721068900655155,-73.97929595649417,Thornless honeylocust
2142365,228,40.721037189262354,-73.97924041922231,scarlet oak
2142364,228,40.72100308762907,-73.97915967096614,black oak
2142363,228,40.72096339108482,-73.97906567493585,pin oak
2142362,228,40.72092968977851,-73.97898587222012,pin oak
2142361,228,40.72090171486685,-73.97891963303687,Thornless honeylocust
2142360,228,40.72086921195384,-73.97884267030709,maidenhair tree
5783489,228,40.720935263406346,-73.97870914539507,Thornless honeylocust
11177417,228,40.72096565690615,-73.97878899111892,'Regent' Japanese pagodatree
2142353,228,40.72099020390978,-73.9788651530169,maidenhair tree
2142352,228,40.72102216277277,-73.9789408631835,maidenhair tree
6488091,228,40.72106355084637,-73.97902213817076,Japanese pagoda tree
2142351,228,40.72109326899131,-73.97910932059447,common hackberry
2142350,228,40.72113987381877,-73.97921973224662,pin oak
282590,228,40.72117933460351,-73.97931031800726,pin oak
2142349,228,40.7212071193165,-73.97937904092028,pin oak
2142348,228,40.72124133979261,-73.97946011493497,pin oak
2142368,228,40.72117905616173,-73.97957634764451,Callery pear
5128853,228,40.72122175194615,-73.97969874946403,Thornless honeylocust
10407717,228,40.72127507976441,-73.97979636022815,'Bloodgood' London planetree
2142346,228,40.721342006662056,-73.97969860535633,Green ash
12382242,228,40.7213810225131,-73.9797910362002,goldenrain tree
5422585,229,40.72611314485882,-73.97717945270689,London planetree
5422586,229,40.72606164204887,-73.9772183398006,London planetree
2114399,229,40.726127353899216,-73.97745991282692,Thornless honeylocust
2114398,229,40.726273087670954,-73.97735377851124,Thornless honeylocust
2114397,229,40.72636120002608,-73.97728960950438,Thornless honeylocust
10162187,229,40.72649159777122,-73.97728415023126,'Sterling' Silver linden
2114419,229,40.726515596296906,-73.97736066458448,Callery pear
2114418,229,40.726549727181826,-73.97744139829565,Callery pear
2114417,229,40.726583325395204,-73.97752087025904,Callery pear
2114416,229,40.726617189002894,-73.97760097359452,Callery pear
2114415,229,40.72665078539035,-73.97768044571937,Callery pear
2114414,229,40.726692450602584,-73.97777403563707,Thornless honeylocust
4599951,229,40.72673503902859,-73.97786357850518,Callery pear
2114413,229,40.7267595771004,-73.97793778636658,Japanese pagoda tree
2114412,229,40.72679130826463,-73.97801284427618,Japanese pagoda tree
2114411,229,40.72683503764884,-73.97811628575472,Japanese pagoda tree
2114715,229,40.72693498358084,-73.97809324574429,Chinese elm
2114716,229,40.72696688232059,-73.97816900590998,goldenrain tree
2114410,229,40.72689156608769,-73.97825000254902,Japanese pagoda tree
2114409,229,40.72695049366734,-73.97838939523797,maidenhair tree
2114718,229,40.72707826007042,-73.97843353876856,Callery pear
2114719,229,40.72713487862836,-73.9785680147059,Callery pear
2114408,229,40.72706232248277,-73.9786591837872,Callery pear
2114721,229,40.72721094186909,-73.97874867511366,Thornless honeylocust
2114405,229,40.727147008479186,-73.97885425275483,Callery pear
2114404,229,40.72718220465619,-73.97893751245336,Thornless honeylocust
2114722,229,40.72727340893586,-73.9788970417596,pin oak
10162568,229,40.72789687153753,-73.9786414772952,Kentucky coffeetree
5823983,230,40.72282048956767,-73.98519698099219,'Regent' Japanese pagodatree
12776281,230,40.72286821202008,-73.98530613456883,'Skyline' Thornless honeylocust
15378283,230,40.72289899365456,-73.98538049056602,Japanese pagoda tree
15378276,230,40.722800101549964,-73.98545578061258,Kentucky coffeetree
13525506,230,40.72277275294466,-73.98538392827217,Thornless honeylocust
6533723,230,40.72273123351842,-73.98530453605173,littleleaf linden
11537343,230,40.7227167911828,-73.98526166645284,'Skyline' Thornless honeylocust
11537345,230,40.72269660729486,-73.98521109574853,'Skyline' Thornless honeylocust
11537344,230,40.722661835759006,-73.98512656127934,Kentucky coffeetree
14051153,230,40.72264017500649,-73.98506003378101,'Exclamation' London planetree
4635103,230,40.722735741165536,-73.9850026231499,Japanese pagoda tree
10183258,230,40.722711510452534,-73.98494837734671,Hardy Rubber Tree
2131237,230,40.7226653846889,-73.98485167116229,Japanese pagoda tree
16029022,230,40.72256203567025,-73.98489294463614,Kentucky coffeetree
2142383,230,40.72250828742577,-73.98476587288293,Thornless honeylocust
2131236,230,40.72250363814064,-73.98446793453222,Callery pear
10666781,230,40.72247543756988,-73.9844010331377,'Skyline' Thornless honeylocust
14051155,230,40.722361978689776,-73.98441997511763,'Green Vase' Zelkova
12158996,231,40.7130123661018,-73.98480572070567,chinkapin oak
14095816,231,40.71291766216082,-73.98490615185082,littleleaf linden
10183650,231,40.712790864528614,-73.98489359839428,dawn redwood
14095819,231,40.712713399795064,-73.98487525260231,maidenhair tree
2146089,231,40.71259010933383,-73.98486401204427,Thornless honeylocust
10202530,231,40.71249263576303,-73.98485368698151,common hackberry
14500073,231,40.7124926356601,-73.98485290468564,American basswood
2143732,231,40.71226022836892,-73.98481596577895,Thornless honeylocust
12401352,231,40.712159597288505,-73.98480221029395,'Skyline' Thornless honeylocust
2143735,231,40.71206965861548,-73.984791622154,maidenhair tree
5778757,231,40.71197678410099,-73.98477604639412,'Exclamation' London planetree
2143736,231,40.71188153920512,-73.98476356956385,London planetree
5782990,231,40.71173779518764,-73.98474008346165,sawtooth oak
2143740,231,40.711665653730506,-73.98472746767129,willow oak
2143739,231,40.71159178600741,-73.98471543319413,Thornless honeylocust
14095817,231,40.711497514815875,-73.98470218077813,Japanese zelkova
14095818,231,40.71137307947993,-73.98468201727363,London planetree
12158973,231,40.71138760274252,-73.98492052230293,'Homestead' Elm
13518606,231,40.71147900413631,-73.98493981149029,common hackberry
2112388,231,40.71161118546252,-73.98509696465806,Thornless honeylocust
2112387,231,40.71159169587502,-73.98529660281598,littleleaf linden
12158974,231,40.71115692314004,-73.98489830016834,'Homestead' Elm
4613519,232,40.714235802671034,-73.98891689895038,Chinese elm
14103656,232,40.71424223476639,-73.98885977675863,Chinese elm
2111045,232,40.71391300356322,-73.98873110492285,Japanese pagoda tree
16293529,232,40.71380074329743,-73.98857349307379,Chestnut oak
11139378,232,40.71373730017415,-73.98855370495652,Amur maackia
2111044,232,40.713646897827054,-73.98869056150481,Japanese pagoda tree
2145854,232,40.71357042034904,-73.98838202102546,Thornless honeylocust
2145945,232,40.71347257119721,-73.98835819837184,willow oak
2145944,232,40.7134830967708,-73.98822871524786,pin oak
2145943,232,40.71349368216635,-73.98809851589628,willow oak
10183640,232,40.71360355553858,-73.98812617844034,Kentucky coffeetree
2145855,232,40.713585291613676,-73.98820018313738,Thornless honeylocust
2145941,232,40.71351479197799,-73.98783883475933,willow oak
2145940,232,40.71352680404617,-73.9876910597685,willow oak
15197098,232,40.71353773832545,-73.98755655560737,shingle oak
10183247,232,40.713547914081964,-73.9874313761187,'Homestead' Elm
15197100,232,40.71355400667751,-73.9873564123964,shingle oak
15197101,232,40.71355975031451,-73.98728575405347,shingle oak
10183641,232,40.713516539407266,-73.98713329942947,'Homestead' Elm
14103687,232,40.713363375980954,-73.98709231316018,willow oak
2112441,232,40.71327606656246,-73.98707973127375,pin oak
2112440,232,40.71319012153865,-73.9870673437921,pin oak
2112439,232,40.71310526871662,-73.98705511394367,pin oak
14096733,232,40.71312062625301,-73.98685848531383,pin oak
14096734,232,40.71320305447295,-73.98686998418968,pin oak
2112446,232,40.713293126401545,-73.98688254946258,Kentucky coffeetree
2112447,232,40.71338319661225,-73.98689511476978,Japanese pagoda tree
15197099,232,40.71364559927221,-73.98757611950887,shingle oak
14495911,233,40.71870078928168,-73.98617503473501,American basswood
12382245,233,40.718661384791865,-73.98619380997737,'Green Vase' Zelkova
2121903,233,40.71863380095486,-73.98633156280717,American basswood
2121902,233,40.718710471694585,-73.98629209344662,American basswood
2121901,233,40.71879378890422,-73.98624920304432,American basswood
2121900,233,40.71886074776686,-73.98621473410809,American basswood
2112660,233,40.719101791460915,-73.98596436307463,pin oak
2112659,233,40.7190068716871,-73.98601381456618,Thornless honeylocust
14495885,233,40.71897268872977,-73.98615710703555,'State Street' Miyabe maple
14495884,233,40.719054325407754,-73.98611516887111,'State Street' Miyabe maple
2121898,233,40.71910898796903,-73.98608288025322,littleleaf linden
14495883,233,40.71916497555574,-73.98605155405365,'State Street' Miyabe maple
2121897,233,40.71922263671761,-73.9860284352468,American basswood
10230555,233,40.71932751836608,-73.98573779848999,Japanese zelkova
10230951,233,40.71931275263915,-73.98567739335917,Japanese zelkova
10230556,233,40.71929110038821,-73.9856169461506,Japanese zelkova
14495902,233,40.719182175250694,-73.98556267317431,'Green Vase' Zelkova
14500053,233,40.71910204994274,-73.9853045741773,'Green Vase' Zelkova
14051139,233,40.71919091732508,-73.98527831535016,common hackberry
2118684,233,40.71925754083925,-73.98491757527168,Callery pear
14051536,233,40.719313898108425,-73.98501333330087,'Magyar' Ginkgo
2121927,233,40.719411160666596,-73.9849585811088,Japanese zelkova
2121928,233,40.71949131992293,-73.98491697222279,Thornless honeylocust
6134272,233,40.719529911516254,-73.98478003372605,Japanese zelkova
14051130,233,40.71963535569947,-73.98472579997582,'Green Vase' Zelkova
2143624,234,40.71286390070539,-73.99450072697061,maidenhair tree
2143625,234,40.71275691832068,-73.99448565869397,maidenhair tree
14007369,234,40.712705949130694,-73.99448341821778,'Princeton' American elm
2143626,234,40.71266658302546,-73.99447293597844,maidenhair tree
10203059,234,40.7124164661685,-73.99431143722803,'Worplesdon' Sweetgum
2143630,234,40.712173701280776,-73.99440800301537,maidenhair tree
2146759,234,40.712146693099555,-73.9942740440078,littleleaf linden
2146760,234,40.71208116432526,-73.99426519419251,American basswood
2146761,234,40.71202382643225,-73.99425744986696,littleleaf linden
2143631,234,40.71202884086456,-73.99438691061071,littleleaf linden
2146762,234,40.71186000363053,-73.99423532318859,littleleaf linden
2143632,234,40.71179504551235,-73.99435287110092,littleleaf linden
2143633,234,40.71171647670635,-73.99434143202268,American basswood
11139397,234,40.71168788466958,-73.99377279487818,swamp white oak
11139396,234,40.71167240657223,-73.99393483328113,swamp white oak
2111166,234,40.71165025782286,-73.99411765124843,American basswood
2112708,234,40.71151802732337,-73.99410910663468,pin oak
2112707,234,40.71152658869321,-73.99402036129585,pin oak
2112706,234,40.71153542660732,-73.99392875429537,pin oak
2112705,234,40.71154371237138,-73.99384287130127,pin oak
2112704,234,40.71155296448446,-73.99374696953869,pin oak
2112703,234,40.71156149071341,-73.99365858106053,pin oak
10461510,234,40.71157022547093,-73.99356804707975,pin oak
2112701,234,40.71157885557403,-73.99347858694279,pin oak
2112700,234,40.71159176659529,-73.99334475327207,pin oak
2112699,234,40.711505923795315,-73.99330891879403,pin oak
2112595,234,40.71075436024333,-73.9931411078504,London planetree
12216786,234,40.710644099675115,-73.99305482481033,'Regal Prince' Oak
12158972,234,40.71063576693096,-73.99315815198628,'Regal Prince' Oak
2143681,234,40.71062266751094,-73.99323486426951,Green ash
6612189,235,40.725905677292836,-73.98890550782322,American basswood
2143965,235,40.72575404044438,-73.9882887883686,littleleaf linden
2137751,235,40.725768611238585,-73.98858049598702,littleleaf linden
2137752,235,40.72581705037875,-73.98869535408829,littleleaf linden
2137753,235,40.72585484358118,-73.9887849697084,littleleaf linden
2143960,235,40.7259570305628,-73.98876995735681,goldenrain tree
10201996,235,40.72591885025359,-73.9886515953396,'Redmond' American linden
2143962,235,40.72587650005993,-73.9885790666789,Japanese pagoda tree
2143963,235,40.725835236047445,-73.98848125516125,Japanese pagoda tree
10202518,235,40.725816879027946,-73.98842111774337,'Redmond' American linden
2137750,235,40.725710325685284,-73.98844228723878,littleleaf linden
2137749,235,40.72568011814018,-73.98837065802763,littleleaf linden
2137748,235,40.725655897278386,-73.98831322919231,littleleaf linden
5240536,235,40.72562981522073,-73.98825138337881,Caucasian linden
2143966,235,40.725694141035746,-73.98814680548736,Japanese pagoda tree
2143967,235,40.72565487395694,-73.98805372718253,littleleaf linden
15218044,235,40.725555604610484,-73.98806968559542,northern red oak
10183657,235,40.725588048737144,-73.9878885009883,'Harvest Gold' Mongolian linden
14051125,235,40.725557703727745,-73.98782339860816,'New Horizon' Elm
2143970,235,40.72552642221472,-73.98774925207178,littleleaf linden
2143971,235,40.72549846951592,-73.98768299336366,Japanese pagoda tree
2143972,235,40.72546785368561,-73.98761042450948,Japanese zelkova
2137744,235,40.725416095637854,-73.98774462051048,maidenhair tree
16497103,235,40.72544560109658,-73.98781363586127,sweetgum
2137745,235,40.72546959237733,-73.98787146800164,littleleaf linden
1419378,236,40.71091529247686,-73.9823194945114,Japanese pagoda tree
12216759,236,40.711460729322816,-73.98274501065241,London planetree
2121011,237,40.72387709493481,-73.97577899006043,American basswood
2121010,237,40.723816383342495,-73.97582329714606,American basswood
2114714,238,40.72685762982961,-73.97790952505028,Callery pear
11142891,238,40.726808876848544,-73.97778566536614,Hardy Rubber Tree
2114712,238,40.726777352990574,-73.97771886130137,Callery pear
2114711,238,40.72671913788253,-73.97758059829897,Thornless honeylocust
2114710,238,40.72667793542832,-73.97748274121982,Thornless honeylocust
2114709,238,40.726619188562694,-73.97734321604817,Japanese pagoda tree
2114571,238,40.72666232583836,-73.9770716358743,Kentucky coffeetree
2114570,238,40.72670749742874,-73.97703884859712,Kentucky coffeetree
2114491,238,40.72660234461065,-73.9768558361825,Thornless honeylocust
10162567,238,40.72670853801991,-73.9767787285971,'Chicagoland' Hackberry
2114493,238,40.72683298990149,-73.97668836059579,sycamore maple
2120997,239,40.722242939164275,-73.97613222630679,Thornless honeylocust
2120998,239,40.72233476866074,-73.97635199466185,Thornless honeylocust
6486099,239,40.72227054695493,-73.9765725836041,Thornless honeylocust
2144208,239,40.72224736751682,-73.9765082634871,Thornless honeylocust
14051554,239,40.72218876860032,-73.9763711399704,common hackberry
6486098,239,40.722140648703494,-73.97625305007743,Callery pear
2144210,239,40.7221024456166,-73.97616424414284,Japanese zelkova
16491773,239,40.72207319611259,-73.97609480890978,Kentucky coffeetree
2144212,239,40.72203862653961,-73.97601275039804,Kentucky coffeetree
2144213,239,40.72185835056593,-73.9755764402647,Thornless honeylocust
13824646,239,40.72182378583469,-73.97549737812312,'Princeton' American elm
11142868,239,40.72192414699358,-73.9753296461593,'Chicagoland' Hackberry
12776282,239,40.72187168140095,-73.975182814514,swamp white oak
13824647,239,40.721656987479996,-73.97511370924934,'Princeton' American elm
2121943,240,40.71848972295494,-73.98434370486912,London planetree
14051570,240,40.718551524084376,-73.98443229999066,'Exclamation' London planetree
14051569,240,40.71848408023499,-73.98446224933069,'Exclamation' London planetree
14051568,240,40.71841663535629,-73.98449735575875,'Green Vase' Zelkova
2121944,240,40.718342705119525,-73.98442012328641,American basswood
2121945,240,40.71825132876268,-73.98446761855243,London planetree
2120987,241,40.71616486583541,-73.97610969492284,London planetree
2120986,241,40.71601942307331,-73.97617503952756,London planetree
2120984,241,40.715916573863524,-73.97622124915118,London planetree
2112300,242,40.71005453568451,-73.99063550793463,silver linden
2112299,242,40.710090378933,-73.99038671622604,Thornless honeylocust
2112298,242,40.71010130587934,-73.99031087374824,Thornless honeylocust
2112297,242,40.71011294713658,-73.9902300692626,Japanese pagoda tree
2112296,242,40.71012458719356,-73.99014926550036,silver linden
4817640,242,40.71013950657743,-73.99006141930408,silver linden
2146007,242,40.71029770820137,-73.98987529959184,Thornless honeylocust
2146005,242,40.71038814707685,-73.98977925060788,American basswood
2146004,242,40.710466952222134,-73.9897873956461,American basswood
2146003,242,40.71054657965852,-73.98979562474165,American basswood
2146009,242,40.710537504025055,-73.98991023475148,American basswood
2146008,242,40.71045702712908,-73.98989850984746,Thornless honeylocust
2110823,243,40.71768392036687,-73.98963687919706,goldenrain tree
17090982,243,40.71775180787,-73.98960370148883,Honeylocust
2116133,243,40.71769899224484,-73.98950746478697,Thornless honeylocust
2116132,243,40.717611809102664,-73.98955320086753,Thornless honeylocust
2116131,243,40.71754553030045,-73.9895879693205,Japanese zelkova
2116130,243,40.71748078047494,-73.98962193557172,Common linden
2116129,243,40.71734465307959,-73.98969334477259,Japanese zelkova
2118840,244,40.724220040938185,-73.98881382732054,Thornless honeylocust
2118841,244,40.72425868796896,-73.98890529195249,Thornless honeylocust
2122385,245,40.71995863350872,-73.97844469083049,pin oak
6486107,245,40.719810716318875,-73.97848841902308,maidenhair tree
6486106,245,40.719764691706494,-73.97837470300097,maidenhair tree
6486105,245,40.71973839128897,-73.97831136874086,maidenhair tree
6486104,245,40.71969291741633,-73.97821708753449,Thornless honeylocust
6486103,245,40.71965784677366,-73.97811128679913,Thornless honeylocust
2149022,245,40.719616240656116,-73.97800553267417,Green ash
2120862,245,40.719796243260106,-73.97797338735754,scarlet oak
2122383,245,40.719822251513186,-73.97812003591662,pin oak
14051166,245,40.71964244462932,-73.97877066593604,'Redmond' American linden
14051165,245,40.7195254617824,-73.97882934475521,'Redmond' American linden
14051577,245,40.71939094077972,-73.97889598947691,'Redmond' American linden
2134549,246,40.712287300689574,-74.0007709701207,maidenhair tree
2134550,246,40.712427831931414,-74.0007703976122,pin oak
2134551,246,40.71256232412266,-74.00076985133352,pin oak
2120065,247,40.71649910477118,-73.99722791862516,Callery pear
15197079,247,40.71632008499313,-73.99717216944629,'Sterling' Silver linden
2134810,248,40.71728710033721,-73.99916730826436,maidenhair tree
2134811,248,40.717306608347485,-73.99919538252145,maidenhair tree
2134812,248,40.71733146918547,-73.99922058059074,maidenhair tree
2134808,248,40.717357424469306,-73.99924248166117,maidenhair tree
2134809,248,40.7173275233117,-73.99926477115957,maidenhair tree
2125121,249,40.71227853217469,-73.97891828866724,London planetree
2125120,249,40.71228606601413,-73.97880328538686,London planetree
2125119,249,40.71229360031062,-73.97868828283173,London planetree
2125118,249,40.71230113334891,-73.97857328175398,London planetree
4598994,249,40.71240360261364,-73.9785203976959,maidenhair tree
4598996,249,40.71239929468552,-73.97859517624687,maidenhair tree
4599006,249,40.712393532979114,-73.97869076083641,maidenhair tree
4999996,249,40.712386825202046,-73.97879461428691,maidenhair tree
4999995,249,40.7123795483691,-73.97890160985017,maidenhair tree
4599022,249,40.712370064113244,-73.9790113174381,maidenhair tree
2125123,249,40.712259225471456,-73.97921298182467,London planetree
2122652,250,40.70966183902552,-74.00064168080823,pin oak
2122651,250,40.70970812402335,-74.00069036793228,pin oak
2122650,250,40.70981826374143,-74.0008062276284,pin oak
2122649,250,40.70987397742668,-74.00086483356257,pin oak
5805967,250,40.70979765906563,-74.00115224366962,littleleaf linden
5805968,250,40.7097547723196,-74.00119138091334,littleleaf linden
5805966,250,40.70973690340085,-74.00112875968443,littleleaf linden
2118807,251,40.7262627199303,-73.98571990895492,Japanese pagoda tree
2118636,251,40.72617184591038,-73.9857639293895,American basswood
14051561,251,40.726202605005064,-73.9858249236336,'Sterling' Silver linden
5787214,251,40.72632820610292,-73.98587514637408,'Redmond' American linden
2128090,252,40.729777106281006,-73.98070002739388,Thornless honeylocust
2128088,252,40.72994656643018,-73.98080317746488,littleleaf linden
10202523,252,40.73000201289355,-73.98076275404951,'Sterling' Silver linden
2128091,252,40.72991221872986,-73.9806021914984,Thornless honeylocust
2128092,252,40.72994371381423,-73.98057938682794,Thornless honeylocust
2128093,252,40.7299771311312,-73.98055518870795,Thornless honeylocust
2128094,252,40.730054064067694,-73.98049948082684,Thornless honeylocust
10203058,252,40.73013355124533,-73.9806668590843,'Sterling' Silver linden
2128085,252,40.73022020284231,-73.98060368790074,maidenhair tree
12776283,252,40.73016090394435,-73.98002732645223,'Skyline' Thornless honeylocust
12689363,252,40.73012246928727,-73.97993807551796,'Skyline' Thornless honeylocust
965081,252,40.72986459478886,-73.9792880543977,Japanese pagoda tree
2147138,252,40.72964082959399,-73.97875681510914,Thornless honeylocust
2145995,253,40.71116646149017,-73.99038807599558,Norway maple
2145994,253,40.71115316207438,-73.9904787487675,Norway maple
15197143,253,40.711140365403665,-73.99062766334333,swamp white oak
15192615,253,40.71112632222265,-73.99070872709382,swamp white oak
2145993,253,40.71110651268549,-73.99079680732495,willow oak
2145245,254,40.724207450126286,-73.98648592923783,Japanese zelkova
2145244,254,40.724251042120514,-73.98658946624343,pin oak
12216772,254,40.724178923459135,-73.98670646840337,dawn redwood
16498098,254,40.72414111776689,-73.9866168659888,Japanese zelkova
2118641,254,40.724097720868635,-73.98651401081216,Caucasian linden
14051522,254,40.72406350223784,-73.98644515096899,'Redmond' American linden
2142359,255,40.72080820192008,-73.97869820692324,Japanese zelkova
2142354,255,40.72085451562453,-73.97854369973501,pin oak
2142355,255,40.72081749703872,-73.9784560016461,pin oak
2142358,255,40.72073427019493,-73.97852314746608,Japanese zelkova
2142357,255,40.720704031302276,-73.97845154689685,Japanese zelkova
10162200,255,40.72080758202429,-73.97824237459925,'Sterling' Silver linden
2122828,255,40.720888761223755,-73.97817339742564,Callery pear
2122829,255,40.720934276702025,-73.97813994020696,Callery pear
4608584,255,40.72109583748816,-73.97803324674557,pin oak
5604280,256,40.7095455478412,-73.99817143531347,cherry plum
5604281,256,40.70980572829665,-73.99856072905051,Norway maple
6423233,256,40.71019153263106,-73.99880236515115,London planetree
6423234,256,40.71023739843374,-73.99888377219585,London planetree
6423235,256,40.71027849908555,-73.998957352219,London planetree
6423236,256,40.71032853452346,-73.99903797639448,London planetree
6423237,256,40.710379165788595,-73.9991240810894,London planetree
6423248,256,40.710339572402795,-73.99935592752958,London planetree
13508026,257,40.719069385027325,-73.99441236444646,Japanese zelkova
13508031,257,40.71914324482795,-73.99438965513043,Japanese zelkova
13508029,257,40.71920757348137,-73.99435598580837,Japanese zelkova
13508027,257,40.719265938644256,-73.99417513641333,'Chicagoland' Hackberry
13508030,257,40.719239725363295,-73.99408041044445,'Chicagoland' Hackberry
13508028,257,40.71920874584276,-73.99397472497029,'Chicagoland' Hackberry
2127999,257,40.719745347062116,-73.99413363583653,Thornless honeylocust
15378282,257,40.72008640488788,-73.9941291520089,Japanese zelkova
15208619,257,40.72009508096319,-73.99388323129538,Oak
15208620,257,40.72006855207656,-73.99378307645077,Oak
15208621,257,40.71997326738046,-73.99345628495333,Oak
17666409,257,40.71995033823992,-73.99335455180774,pin oak
15112342,258,40.71022771447802,-73.98424003230745,Kentucky yellowwood
15112368,258,40.710264016895245,-73.98419467236944,northern red oak
15112307,258,40.710270150354674,-73.98415350368498,shingle oak
15112336,258,40.71027483402561,-73.98409021461063,northern red oak
15112308,258,40.7101607618979,-73.98411244669073,sweetgum
15112356,258,40.71013494109759,-73.98397618487809,pitch pine
15112344,258,40.7101430892546,-73.98394899214452,pitch pine
15112361,258,40.71015126180058,-73.98391223182752,pitch pine
15112329,258,40.7101503443231,-73.98388577694918,pitch pine
15216541,259,40.71419115659143,-73.99401118085483,'Homestead' Elm
17042425,259,40.714458168786045,-73.99413548545505,'Princeton' American elm
15216555,259,40.71438205634687,-73.99395451440662,'Princeton' American elm
15216551,259,40.714457509011645,-73.99391724107531,'Princeton' American elm
2110207,260,40.72414147191417,-73.97915164314546,Thornless honeylocust
2116125,261,40.714400325033175,-73.98510296030172,Thornless honeylocust
2143708,262,40.71565950064632,-73.98542857657452,Japanese pagoda tree
14496831,263,40.72132096293531,-73.98496360508514,chinkapin oak
