{"type": "FeatureCollection", "features": [{"type": "Feature", "properties": {"cell_id": 1, "tree_count": 22, "tree_ids": ["541509", "2114650", "761836", "2114675", "2114592", "2114591", "2114481", "2114482", "13827541", "2114484", "2114485", "2114594", "2114593", "2114590", "2114480", "2114479", "2114478", "2114477", "2114606", "2114607", "2114608", "2110231"]}, "geometry": {"type": "LineString", "coordinates": [[-73.9829259779267, 40.72730390148332], [-73.98303040580511, 40.727347742103845], [-73.98315301632572, 40.72740042969697], [-73.98302203624685, 40.72746834146414], [-73.98309207463491, 40.728146637653225], [-73.98297711959293, 40.72809832730346], [-73.98295088096873, 40.728196821854525], [-73.98302779250713, 40.72822940660984], [-73.98312298710879, 40.72826973820984], [-73.98320431286292, 40.728304191643474], [-73.98329824727219, 40.72834398825864], [-73.98337156945695, 40.72826409673386], [-73.98325882366343, 40.72821671619948], [-73.98276615654446, 40.72800966774525], [-73.98274410111596, 40.72810921674842], [-73.98262495043541, 40.72805873706053], [-73.982560647744, 40.72803149421189], [-73.98249634360202, 40.728004250755184], [-73.98247241815444, 40.727658884156725], [-73.98255309538843, 40.72754791790478], [-73.98262713437674, 40.727446079767404], [-73.9824610053796, 40.72736045992522]]}}, {"type": "Feature", "properties": {"cell_id": 2, "tree_count": 22, "tree_ids": ["15218053", "4613397", "2110234", "10340920", "2114469", "2114468", "2113083", "4612726", "2114467", "1085724", "13835108", "939899", "5528629", "13827542", "2113085", "2114463", "15192703", "17042429", "13883694", "2113087", "10164543", "14022435"]}, "geometry": {"type": "LineString", "coordinates": [[-73.98240084910097, 40.72744304675721], [-73.9823297680829, 40.72753713641281], [-73.98228997807887, 40.72759525794936], [-73.98223239467262, 40.727679250058586], [-73.98209408140073, 40.72772494598026], [-73.98191066044029, 40.72766188684133], [-73.98180344247615, 40.727715066755884], [-73.98175176917653, 40.727599452872695], [-73.98163136984856, 40.72754463809905], [-73.98159325047065, 40.7276261295462], [-73.98146462491489, 40.727572023488825], [-73.98132628825847, 40.72751231755343], [-73.98133089786883, 40.72741406517081], [-73.98123674593722, 40.72736278525053], [-73.98112959668899, 40.727430577519776], [-73.98110184685899, 40.72732822100113], [-73.98101969077484, 40.72728770746269], [-73.98092518979922, 40.727351775619795], [-73.9807983046672, 40.7271775705684], [-73.98072516556584, 40.72725982899351], [-73.98060561251413, 40.727215472523945], [-73.98063047419326, 40.727119549755734]]}}, {"type": "Feature", "properties": {"cell_id": 3, "tree_count": 22, "tree_ids": ["4596928", "10163629", "2113089", "2114457", "2114456", "2114454", "2110039", "6082251", "11772477", "2113057", "2113058", "2113059", "2110038", "2116828", "11537802", "2116830", "10162189", "10162574", "2116831", "2121564", "2121565", "2116832"]}, "geometry": {"type": "LineString", "coordinates": [[-73.9805745556559, 40.72709991932912], [-73.98049550577325, 40.727162866678], [-73.98041159216078, 40.72712743821206], [-73.98044944447018, 40.72703019792058], [-73.98034283184295, 40.726985159471276], [-73.98013717590854, 40.72689828122309], [-73.97998800967001, 40.726623941553356], [-73.9801438255836, 40.726649041881394], [-73.9802059557953, 40.726562944985496], [-73.98026152200475, 40.72649882957266], [-73.98030695478482, 40.72642855099268], [-73.98036343211821, 40.726353065530205], [-73.98019152980005, 40.72634698789956], [-73.98016913758212, 40.726258830460836], [-73.9800671941888, 40.726215877998825], [-73.97999397118866, 40.72618502738421], [-73.98007673585366, 40.72611162749312], [-73.9799585262118, 40.72605978539583], [-73.97973169617397, 40.72607451877331], [-73.97975781505686, 40.72597485095017], [-73.97968521172707, 40.72594428330011], [-73.97960513512376, 40.72602119210197]]}}, {"type": "Feature", "properties": {"cell_id": 4, "tree_count": 22, "tree_ids": ["2121566", "2121567", "2116833", "13868738", "2116835", "2116836", "11784633", "2116838", "2116839", "2121571", "2121570", "2121569", "2121568", "2121920", "2121919", "2121918", "220508", "220507", "221306", "220506", "221307", "2114537"]}, "geometry": {"type": "LineString", "coordinates": [[-73.97957157065758, 40.72589643694717], [-73.97948002647664, 40.72585789514536], [-73.97941229603934, 40.72593994042466], [-73.97935043690359, 40.725913874741764], [-73.9792740581097, 40.72588169303846], [-73.97921062010255, 40.725854963679694], [-73.97916233236832, 40.725834616873286], [-73.97909384488175, 40.725805759349406], [-73.97901588886361, 40.72577291272798], [-73.97909806783167, 40.72569707860116], [-73.9791990824223, 40.725739608034814], [-73.97929062552629, 40.72577815120411], [-73.97935060267054, 40.725803402876096], [-73.97959359800629, 40.72523892341906], [-73.97954340847174, 40.72521778845957], [-73.97945281667928, 40.725179639644985], [-73.97953266413134, 40.72509970137383], [-73.97962973644393, 40.725142604849225], [-73.97971093059239, 40.72518104578698], [-73.97981409578128, 40.725219178305025], [-73.97991273298138, 40.72526327349751], [-73.98001496956918, 40.72530585103623]]}}, {"type": "Feature", "properties": {"cell_id": 5, "tree_count": 22, "tree_ids": ["2121921", "13869137", "13868739", "2121924", "2121925", "2114539", "2121926", "2114540", "2114541", "12158964", "2113065", "2113066", "2113067", "2121705", "2121704", "14040363", "2113063", "11139416", "2113062", "6082248", "2114497", "2114498"]}, "geometry": {"type": "LineString", "coordinates": [[-73.97991209257773, 40.72537304194516], [-73.97997743179646, 40.72540055750839], [-73.98003077805744, 40.72542302117375], [-73.98008728005607, 40.72544681427999], [-73.98016303722848, 40.72547871514477], [-73.98023455845386, 40.72539851191615], [-73.98030792171649, 40.725539726231155], [-73.98046234873824, 40.72549463387746], [-73.98054248684798, 40.72552845027551], [-73.98059185938914, 40.725553951111905], [-73.98092158161766, 40.72558043937202], [-73.9809835019151, 40.72549859809861], [-73.98106754919966, 40.72538277862209], [-73.98097086041213, 40.7252768202015], [-73.981032602878, 40.72519270586688], [-73.98116624137519, 40.72524677550493], [-73.98075716696584, 40.72581049298877], [-73.98072832878547, 40.72585014876095], [-73.98069299830426, 40.72589891888963], [-73.98060303343867, 40.72601522085147], [-73.98042360520462, 40.72603172364296], [-73.98036701102262, 40.72610953472794]]}}, {"type": "Feature", "properties": {"cell_id": 6, "tree_count": 21, "tree_ids": ["589788", "15396584", "11142893", "15396586", "6161891", "589709", "4610222", "4609683", "13559089", "10202006", "13559088", "589800", "15208734", "5244934", "13587728", "10651659", "589802", "13587729", "2143917", "2111167", "2111168"]}, "geometry": {"type": "LineString", "coordinates": [[-73.98816972301927, 40.73213718034475], [-73.98816443094569, 40.73171429830575], [-73.98821088313575, 40.731650409182365], [-73.9883170602021, 40.731504376746315], [-73.98836448351766, 40.73144351260629], [-73.98858118768227, 40.73157101844056], [-73.98845752201512, 40.731755988859774], [-73.98837450042298, 40.73187570556552], [-73.98849491153518, 40.732048553716815], [-73.98852529626495, 40.732170547367424], [-73.9886403520538, 40.73210716981102], [-73.98867992708509, 40.732235756311574], [-73.98886854576355, 40.732207588356964], [-73.98897646528012, 40.73224907655467], [-73.98909260148876, 40.732297389003726], [-73.98895132042418, 40.73235020291039], [-73.98927257300163, 40.73248567662702], [-73.98936733742222, 40.73241004684438], [-73.98946599975098, 40.73245480284394], [-73.98993224863206, 40.732559759359525], [-73.98994900166811, 40.73249233421448]]}}, {"type": "Feature", "properties": {"cell_id": 7, "tree_count": 21, "tree_ids": ["2111169", "2111170", "11798272", "11798274", "11798273", "580307", "580308", "580309", "164932", "589706", "589705", "580336", "580337", "5523945", "10196379", "580340", "14157391", "14157392", "14157393", "10197194", "580275"]}, "geometry": {"type": "LineString", "coordinates": [[-73.98998773517705, 40.732336446970024], [-73.99001306424967, 40.7322344998367], [-73.98942282620933, 40.73159179027249], [-73.98933844598206, 40.7315564289053], [-73.98926575999717, 40.73152596681049], [-73.98905212362817, 40.73143643338009], [-73.98897280086926, 40.731403190832545], [-73.98889474170575, 40.73137047614559], [-73.98930011229486, 40.73088695960434], [-73.9893476214403, 40.730779254101016], [-73.98948026659586, 40.730834999691396], [-73.98944221874015, 40.73094077220778], [-73.98959764213777, 40.73100602117483], [-73.98968798835642, 40.73104395152249], [-73.9897505373023, 40.73107021068851], [-73.98981624471634, 40.73109779558774], [-73.99004987102796, 40.73107554118175], [-73.9901075122886, 40.73109701813766], [-73.99016364371094, 40.73112169085975], [-73.99003722417558, 40.7312085572044], [-73.99022354445553, 40.73139038516751]]}}, {"type": "Feature", "properties": {"cell_id": 8, "tree_count": 25, "tree_ids": ["1431689", "11142883", "11142885", "11142884", "1431687", "1431688", "2118677", "13765176", "2118679", "2128014", "2128013", "2128012", "11959452", "11958470", "2146547", "2146546", "2118716", "2118715", "13841742", "2146549", "2118714", "2118713", "2118712", "2146550", "11958469"]}, "geometry": {"type": "LineString", "coordinates": [[-73.99166169282445, 40.72467792839275], [-73.99122421633437, 40.72437492726517], [-73.99118610812044, 40.72436075168455], [-73.99110353092871, 40.72432575996814], [-73.99105304009808, 40.7244217648144], [-73.9911256492378, 40.724452323587194], [-73.99064008598434, 40.72468987992005], [-73.99057182143659, 40.72478504824069], [-73.99053587543679, 40.72483516398908], [-73.99035886024976, 40.72472209846553], [-73.9904230368384, 40.72463304902392], [-73.9905028237499, 40.72452234012323], [-73.99057097637903, 40.724436077425324], [-73.99062657563853, 40.724363412794695], [-73.98997868368656, 40.72397027863377], [-73.98990294984246, 40.723938349913695], [-73.98998856362738, 40.72386041027407], [-73.99011764804867, 40.72391536061011], [-73.99010648621592, 40.72402416012989], [-73.99019358322336, 40.724060877570665], [-73.99023728622996, 40.72396629178957], [-73.99032544214151, 40.72400381892415], [-73.99040163317153, 40.72403625346881], [-73.9904081661815, 40.72415134284378], [-73.99048410556732, 40.72418947154053]]}}, {"type": "Feature", "properties": {"cell_id": 9, "tree_count": 24, "tree_ids": ["11959451", "2118710", "2118667", "14529198", "2118669", "6602589", "5935595", "2118785", "10468991", "2125466", "6525724", "15188103", "15936548", "2118781", "10470334", "2118779", "2118778", "14495910", "2118777", "2118776", "13841743", "16487946", "6528507", "6528506"]}, "geometry": {"type": "LineString", "coordinates": [[-73.99056317687581, 40.72421806927312], [-73.99068435893876, 40.72415660915177], [-73.9907938381883, 40.72410553515931], [-73.99082883871401, 40.72405072800195], [-73.99104453026793, 40.7241364649043], [-73.9911345269418, 40.724031801109085], [-73.99109705633043, 40.72388246224332], [-73.99074460674912, 40.723741803358486], [-73.99065987949469, 40.72371717661132], [-73.99078013239942, 40.72341608408425], [-73.99060895326946, 40.72337070683556], [-73.99057107483645, 40.72350644059341], [-73.99047243081566, 40.72347367150081], [-73.99040805303885, 40.723642356111895], [-73.99031367078865, 40.723612962719145], [-73.99020406597886, 40.72358039089763], [-73.99013302671484, 40.72353024268099], [-73.99010009079964, 40.7235733382698], [-73.9900290484899, 40.72349890803099], [-73.98992775122906, 40.72346838093784], [-73.9898139968087, 40.723438471940014], [-73.98960653107433, 40.723375909516285], [-73.98947500724996, 40.723337776312334], [-73.98922839824397, 40.72326270267459]]}}, {"type": "Feature", "properties": {"cell_id": 10, "tree_count": 24, "tree_ids": ["2121955", "2121956", "2121957", "2121958", "2121959", "13862668", "11790392", "658211", "5244535", "2110156", "2110155", "2110154", "2110153", "2110152", "2110151", "2110150", "2110149", "2110148", "2110147", "2110146", "2110145", "2121954", "2121953", "2121952"]}, "geometry": {"type": "LineString", "coordinates": [[-73.97924731435566, 40.726636511227994], [-73.97916116771178, 40.72660018596861], [-73.9790889044383, 40.72656971578874], [-73.9790078053334, 40.72653551851736], [-73.97886517377134, 40.72647537538999], [-73.97874746957648, 40.72642574396129], [-73.97867321369083, 40.72639178902623], [-73.97852187204192, 40.72633375446239], [-73.97860318781387, 40.72625577790743], [-73.97868567436532, 40.726288518141786], [-73.97876145438272, 40.72632038905071], [-73.97882776205134, 40.72634827598352], [-73.9789130138831, 40.7263841312902], [-73.97898184836365, 40.726413081046324], [-73.97907846820306, 40.726453717040634], [-73.97915866842582, 40.72648744749134], [-73.97922497567542, 40.72651533362281], [-73.9792849692492, 40.726540564743594], [-73.97937969481043, 40.72658040416409], [-73.97946179073953, 40.726614930721915], [-73.97957167222584, 40.726661142809284], [-73.97943728282078, 40.72671661272226], [-73.97951775181758, 40.726750543108025], [-73.97962157078044, 40.726794319240405]]}}, {"type": "Feature", "properties": {"cell_id": 11, "tree_count": 24, "tree_ids": ["4604009", "2121937", "4599704", "4599688", "2110043", "2110044", "10162570", "10162571", "2114400", "2114401", "13869139", "13868742", "2114723", "11537804", "10162186", "2121525", "2121524", "2121523", "2114450", "2114451", "2121522", "11537342", "2121527", "2121528"]}, "geometry": {"type": "LineString", "coordinates": [[-73.97972491138196, 40.72684698706256], [-73.97975164597717, 40.72695082362289], [-73.97975228400261, 40.726951230873944], [-73.97971233218475, 40.72701614934342], [-73.97986822463918, 40.72702197042877], [-73.97978163499499, 40.72714236601168], [-73.9797102844605, 40.72724157069088], [-73.97954885041167, 40.72723059455568], [-73.97936578903276, 40.72736325200179], [-73.97928379149229, 40.72732858815906], [-73.97920431775063, 40.72729499345317], [-73.97912547464196, 40.72726166298938], [-73.97905740497245, 40.727340924914394], [-73.97917587301644, 40.72739592444408], [-73.97925611654425, 40.72742956105097], [-73.9794426735022, 40.727601490024696], [-73.97939682190116, 40.72766185160185], [-73.9793608983889, 40.727709143610106], [-73.97925936230581, 40.727632035452906], [-73.97920843547902, 40.72770156752946], [-73.97927623245585, 40.727820600962254], [-73.97934108288861, 40.728296965053275], [-73.97943263560359, 40.72833550009178], [-73.97954218394463, 40.72838160863624]]}}, {"type": "Feature", "properties": {"cell_id": 12, "tree_count": 24, "tree_ids": ["10165823", "2121530", "13583115", "13583118", "2114685", "2114684", "13583117", "13583116", "2114682", "2114681", "2114680", "2121520", "2121521", "2114452", "2114453", "12744825", "12744826", "2123522", "2123521", "2123520", "2122971", "2122972", "2122970", "2122969"]}, "geometry": {"type": "LineString", "coordinates": [[-73.97971897751957, 40.728456021084604], [-73.97979158811344, 40.72848658184178], [-73.97982643937138, 40.72839374429231], [-73.97977555089999, 40.72837407890927], [-73.97972243497478, 40.728348001246836], [-73.97966335704511, 40.728323898159545], [-73.9795658580612, 40.728282079406725], [-73.97945734367357, 40.72823753272043], [-73.97935687863641, 40.72819409499845], [-73.97927985388091, 40.72816166445011], [-73.97917694313372, 40.72811833706438], [-73.97913235468862, 40.728010006045515], [-73.97920221711527, 40.72791803675764], [-73.9790911238027, 40.727861731408346], [-73.97904476115588, 40.72792502963966], [-73.97884448641543, 40.727985644125134], [-73.97876023978763, 40.72794745420308], [-73.9786615915276, 40.72801003184549], [-73.97875271274636, 40.72804859136294], [-73.97883910675958, 40.728085148554655], [-73.97886165134719, 40.7281751195128], [-73.9788213829636, 40.728230632811886], [-73.97893994426155, 40.72828273458953], [-73.97889261161787, 40.72834813460431]]}}, {"type": "Feature", "properties": {"cell_id": 13, "tree_count": 24, "tree_ids": ["12751322", "2122975", "2122976", "2122977", "2121511", "2121510", "2122947", "15396587", "2122009", "10164546", "2122005", "2122006", "2122007", "2122010", "13827545", "1957659", "1441882", "1441883", "1441884", "13826745", "4599940", "13827546", "2122014", "2122015"]}, "geometry": {"type": "LineString", "coordinates": [[-73.97873073768326, 40.7283555951426], [-73.97867495389504, 40.72843249574937], [-73.97862387898971, 40.72850290756997], [-73.9785700133061, 40.72857716436544], [-73.97874426364541, 40.728763998464466], [-73.97882247777521, 40.72879706316823], [-73.97876657553768, 40.728895739428154], [-73.97869799580539, 40.728875731786715], [-73.97831774737774, 40.728923451016634], [-73.9783593129114, 40.728866603504976], [-73.97847682158849, 40.72893360157582], [-73.97842082818913, 40.7290100994501], [-73.97838414164835, 40.729060218672494], [-73.97819265141153, 40.7290933878216], [-73.97814956685347, 40.72915592291767], [-73.97827666102135, 40.72920955032976], [-73.97826538410756, 40.72868503793537], [-73.97819832515573, 40.72865648151153], [-73.97812496817222, 40.7286252442841], [-73.97776674811527, 40.72922797552973], [-73.97767563465163, 40.729185592595755], [-73.97756115683062, 40.729137190592645], [-73.97743437982233, 40.72908358646894], [-73.97730161080362, 40.729027450130566]]}}, {"type": "Feature", "properties": {"cell_id": 14, "tree_count": 24, "tree_ids": ["13524617", "2122017", "2122019", "2122020", "2122021", "2122022", "2122248", "2122247", "2122245", "2122246", "2122244", "2122234", "2149040", "2149041", "2149042", "2149043", "2149044", "2149045", "13869141", "2149047", "2122238", "2149048", "2149049", "2149050"]}, "geometry": {"type": "LineString", "coordinates": [[-73.97711649122554, 40.728949178227175], [-73.97697363079264, 40.728888774267254], [-73.97667088191879, 40.72876076481477], [-73.97648734208914, 40.72868315839197], [-73.97635962060117, 40.728629154326974], [-73.97624829745769, 40.7285820834407], [-73.9757149725638, 40.728192952194895], [-73.97576559076818, 40.72812328951094], [-73.97587520342368, 40.72797546966539], [-73.97591594181644, 40.7279111479685], [-73.9759602120686, 40.72785544781617], [-73.97590700685537, 40.727694905619224], [-73.97601754866336, 40.72761705995758], [-73.97592353765617, 40.72757736945952], [-73.97583015805418, 40.727537945487086], [-73.97572731518795, 40.72749452582367], [-73.97562510374749, 40.72745137209999], [-73.97552604663844, 40.727409551306366], [-73.97539859663803, 40.72735574235871], [-73.97528755208673, 40.72730885986813], [-73.97518559455264, 40.72739077749956], [-73.97511783024206, 40.72723720404223], [-73.97500741812453, 40.72719058674377], [-73.97490331375853, 40.72714663369983]]}}, {"type": "Feature", "properties": {"cell_id": 15, "tree_count": 23, "tree_ids": ["2114437", "2114436", "2114747", "2114746", "2114745", "2114744", "15389718", "2114743", "11537803", "2114439", "2114440", "10164131", "2114742", "10164544", "2114441", "2114442", "2114443", "2114740", "2114736", "2114735", "2114446", "179752", "11806289"]}, "geometry": {"type": "LineString", "coordinates": [[-73.97981780607903, 40.72755130961922], [-73.97966562077498, 40.727487287133435], [-73.97962505591038, 40.7275916784873], [-73.97971508586518, 40.7276321984094], [-73.97978084832869, 40.72765663144541], [-73.97986070331477, 40.72768464138281], [-73.97997125279426, 40.72761586163197], [-73.98001255609222, 40.727751771987755], [-73.98010655930598, 40.727791296746396], [-73.98030025060042, 40.72775426325691], [-73.98053200310531, 40.72785175581681], [-73.98037227869408, 40.727902960720165], [-73.98048071043618, 40.72793990984755], [-73.98057308927619, 40.72798400339612], [-73.98066587588467, 40.72790807218026], [-73.98073407612046, 40.727936761739635], [-73.98082753362684, 40.72797607652963], [-73.98071034250029, 40.72803797236692], [-73.98120376528313, 40.7282462482981], [-73.98129147166729, 40.72828326761219], [-73.98131503712563, 40.728181151071816], [-73.9812371760642, 40.72815235735545], [-73.98118472299562, 40.72812792732855]]}}, {"type": "Feature", "properties": {"cell_id": 16, "tree_count": 23, "tree_ids": ["2114737", "2114738", "2114739", "17042540", "11806288", "2114447", "2114734", "10164545", "2114448", "2114449", "2121893", "2121894", "2121895", "2121896", "2114476", "2114475", "2114474", "2114572", "2123425", "11804988", "2114573", "10197211", "10604545"]}, "geometry": {"type": "LineString", "coordinates": [[-73.98107567702549, 40.72819218135448], [-73.98099617428102, 40.728158622194336], [-73.98090089615363, 40.72811840718901], [-73.98095256618917, 40.72802867365729], [-73.98103647849769, 40.72807104138272], [-73.98144059310796, 40.72823826573583], [-73.98141198815529, 40.72833413716755], [-73.98149086149803, 40.72836743004032], [-73.98156699870844, 40.72828714327105], [-73.98168445504092, 40.72833655104047], [-73.98180251862222, 40.728257575679265], [-73.98188193401192, 40.728149895408684], [-73.98196493137121, 40.72803735113444], [-73.98201259656321, 40.72797271901005], [-73.98221593381056, 40.72800725332364], [-73.98214263045107, 40.72810814779316], [-73.98198380323902, 40.72832675031044], [-73.98200270845112, 40.72847380929037], [-73.98200887383953, 40.72858710691959], [-73.98209176864627, 40.72862804529677], [-73.98219073282874, 40.728553189420836], [-73.9824050941092, 40.728773784673386], [-73.98251687124191, 40.728821527285824]]}}, {"type": "Feature", "properties": {"cell_id": 17, "tree_count": 23, "tree_ids": ["2114574", "2114575", "10197176", "11804989", "10197210", "10196368", "10561774", "2123421", "10196376", "2114580", "204025", "2114578", "2114577", "2114486", "2114595", "2114596", "2114597", "2114487", "2114488", "11797502", "2114599", "2114489", "2114490"]}, "geometry": {"type": "LineString", "coordinates": [[-73.98258349968035, 40.728719008741535], [-73.98270779766658, 40.72877148490693], [-73.98275797198534, 40.728793021038186], [-73.98272372288066, 40.728897654576016], [-73.98284327795284, 40.72894551983599], [-73.98296780384823, 40.728991028647755], [-73.98307701748702, 40.7290370302749], [-73.98317234410816, 40.72907718343972], [-73.9833009552757, 40.72915183836251], [-73.98336209753894, 40.72904771346642], [-73.9831165680411, 40.728945647148464], [-73.98304409639832, 40.72891346224287], [-73.98296333289255, 40.72887936674419], [-73.98352394149245, 40.72843960518756], [-73.9835001054634, 40.72831811486904], [-73.98357021562197, 40.728347578985804], [-73.9836630650981, 40.72838659861109], [-73.9836588528179, 40.72849676051178], [-73.98376035250683, 40.72853976060939], [-73.98378843887134, 40.72844556339747], [-73.98389250392759, 40.7284826430726], [-73.98387950415552, 40.728590240262584], [-73.98397974371183, 40.728632707049705]]}}, {"type": "Feature", "properties": {"cell_id": 18, "tree_count": 23, "tree_ids": ["2114600", "15389720", "11142890", "1856815", "2114604", "2114605", "2114664", "2114666", "2114665", "2114656", "2114655", "2114667", "122436", "120830", "2114668", "2114654", "2114669", "2114671", "2114672", "262438", "2114673", "2114652", "2114651"]}, "geometry": {"type": "LineString", "coordinates": [[-73.98404079719437, 40.72854448591916], [-73.98425019056218, 40.728641967310764], [-73.98442122036602, 40.72859704577029], [-73.98451845028677, 40.728469391705794], [-73.98457932771801, 40.72837814131149], [-73.98462067870051, 40.72832088837154], [-73.98457038185822, 40.72811974877486], [-73.98453004025784, 40.728096835512886], [-73.98448260694896, 40.72808282229673], [-73.98456570124122, 40.72799327607368], [-73.98449244112233, 40.727962472353354], [-73.98428432572204, 40.72799940456628], [-73.98417547230778, 40.72795313365426], [-73.98410712482809, 40.727924126463456], [-73.98398438062254, 40.72787321595777], [-73.98400235601089, 40.72775641421045], [-73.98383598681897, 40.727810785183294], [-73.98356193303606, 40.72769548663586], [-73.98348805215787, 40.72766440427995], [-73.9835147111946, 40.72755177759533], [-73.98330808632052, 40.727588688817164], [-73.98338849161304, 40.72749830646878], [-73.98329312877195, 40.727458208935595]]}}, {"type": "Feature", "properties": {"cell_id": 19, "tree_count": 19, "tree_ids": ["2110887", "2110886", "15208590", "2110884", "2116390", "2116391", "2116392", "15208591", "14157382", "14157383", "14157384", "2146516", "2146520", "14103654", "14103651", "14103653", "14103655", "14103652", "5000025"]}, "geometry": {"type": "LineString", "coordinates": [[-73.99008549365242, 40.71511174649539], [-73.99015377193831, 40.714978222022324], [-73.99018673302022, 40.71491376069394], [-73.99022021874352, 40.71484827640484], [-73.99041337074516, 40.71451383550755], [-73.99053238858323, 40.71455053309244], [-73.99068182931568, 40.71459660981069], [-73.99064415446784, 40.71443751010639], [-73.99064935593604, 40.71393726120597], [-73.99053497766567, 40.713946265540784], [-73.99043103134181, 40.713952585338006], [-73.99001447536658, 40.71429016589141], [-73.98989209661612, 40.71420015163108], [-73.98979465483862, 40.71432929548705], [-73.98963878644726, 40.71427674111603], [-73.98926256994862, 40.71420841640943], [-73.98918222790324, 40.71421439990119], [-73.98911919920882, 40.714219125243474], [-73.98903856121578, 40.71407783958406]]}}, {"type": "Feature", "properties": {"cell_id": 20, "tree_count": 19, "tree_ids": ["2145853", "2111046", "2146523", "2110867", "354237", "4613514", "2110868", "2111115", "2111114", "2111113", "17666407", "2111112", "2111111", "1417715", "1417714", "1417713", "14399214", "1417712", "2112523"]}, "geometry": {"type": "LineString", "coordinates": [[-73.98888309081346, 40.71408829536836], [-73.98875245847208, 40.714053145731995], [-73.98860886836204, 40.714034146442515], [-73.98848530170372, 40.71412624547991], [-73.98838985742316, 40.71427920658558], [-73.98831092180431, 40.71428648708256], [-73.98808711190665, 40.71415821517029], [-73.98808495038955, 40.71429802107672], [-73.98795230165383, 40.714309248784], [-73.9878246707541, 40.714320050859385], [-73.98751368487628, 40.71420818225249], [-73.98752065186201, 40.714345780176295], [-73.98739875866228, 40.71435609749348], [-73.98724826716514, 40.71442766658181], [-73.98725714064467, 40.71454329806225], [-73.98726525626347, 40.71464906604304], [-73.98737263677262, 40.71471068689317], [-73.98724613858421, 40.71501449740891], [-73.98705259370543, 40.71498024634778]]}}, {"type": "Feature", "properties": {"cell_id": 21, "tree_count": 22, "tree_ids": ["2112737", "2112735", "2112734", "10202000", "2121948", "2121949", "2121950", "2121951", "2112738", "15132128", "2112623", "2112622", "2112621", "2112620", "2112619", "2121980", "2121979", "5241733", "5245332", "5422486", "1110096", "5227350"]}, "geometry": {"type": "LineString", "coordinates": [[-73.98474001123476, 40.71795842897854], [-73.98465499065185, 40.718119975388134], [-73.98463688769057, 40.71815437453574], [-73.98454164919167, 40.718108905133434], [-73.98459736970895, 40.718001703996265], [-73.98463186373773, 40.71793534202687], [-73.9846716652066, 40.71785876967445], [-73.98471173124489, 40.71778168670296], [-73.98480947595883, 40.71782643865694], [-73.98492355757054, 40.717753054196585], [-73.98457023616912, 40.71763349710407], [-73.98446496068091, 40.717601688904345], [-73.98436370726186, 40.71757109742638], [-73.9842611132811, 40.71754009853658], [-73.98419137744425, 40.71751902752307], [-73.98396722787103, 40.71756907581711], [-73.98392615353565, 40.717648215817434], [-73.98382565422317, 40.71762636831975], [-73.98385937732304, 40.71755553765755], [-73.983893367404, 40.71748675930219], [-73.98385228851534, 40.717417032066706], [-73.9837655796464, 40.7173887745752]]}}, {"type": "Feature", "properties": {"cell_id": 22, "tree_count": 22, "tree_ids": ["2141243", "15143386", "16153938", "2141246", "2121978", "2121977", "2141247", "2141248", "2141249", "2141250", "2141251", "2141252", "2121976", "5237332", "2121975", "2121974", "5243332", "5244532", "2121942", "5247332", "5242132", "2121941"]}, "geometry": {"type": "LineString", "coordinates": [[-73.98367680305215, 40.71736179361043], [-73.98332429588066, 40.71726121167574], [-73.98300936170142, 40.71754857346342], [-73.98377766058022, 40.71771020712387], [-73.98388454826542, 40.717728378151044], [-73.98385460254495, 40.71778607338499], [-73.98372542619981, 40.717811077686974], [-73.9836989788656, 40.7178621516409], [-73.9836659192649, 40.71792599464605], [-73.98364211628333, 40.71797196084874], [-73.98360773397381, 40.71803835684683], [-73.9835746741983, 40.71810219982428], [-73.98365690926072, 40.71816696555865], [-73.98361387507865, 40.71825454072491], [-73.98357104760167, 40.71833239430751], [-73.98353447551325, 40.718402853927984], [-73.98344056526636, 40.718363979807044], [-73.9834115318053, 40.71842552286219], [-73.98358619460068, 40.71866709532711], [-73.98372296292254, 40.718616169718], [-73.9838131944877, 40.71864407605968], [-73.98386607013323, 40.71875257982759]]}}, {"type": "Feature", "properties": {"cell_id": 23, "tree_count": 21, "tree_ids": ["2121970", "2121969", "2121940", "1591575", "1591976", "4623251", "2112733", "2112685", "12241020", "2112684", "2121938", "14051131", "2121905", "2121906", "2112788", "15688751", "2112787", "14500052", "2121907", "14052396", "14500047"]}, "geometry": {"type": "LineString", "coordinates": [[-73.98391946761792, 40.718676941722556], [-73.98402507276984, 40.718709601337494], [-73.98397520677813, 40.71878591359252], [-73.98418947169898, 40.71872857145026], [-73.98420936431879, 40.71869176237904], [-73.98427100123092, 40.71862959457643], [-73.98435285439966, 40.71869405325857], [-73.9844214309347, 40.718834866439295], [-73.9844041977203, 40.718841390915706], [-73.98461393474788, 40.7188929091103], [-73.98469498456633, 40.71900575583461], [-73.98509395247281, 40.718938081810954], [-73.9852032636168, 40.71893092122462], [-73.98525049294628, 40.718839465606045], [-73.98516289314189, 40.71878826286831], [-73.98518582152049, 40.7187548615246], [-73.98520363291233, 40.71870961130626], [-73.98523061551384, 40.71865751866105], [-73.9853240308747, 40.71870465870177], [-73.98541124302584, 40.71854579966576], [-73.98533864187579, 40.71846199979123]]}}, {"type": "Feature", "properties": {"cell_id": 24, "tree_count": 21, "tree_ids": ["14500046", "2121909", "2121910", "92823", "2112785", "14500045", "2145210", "2120900", "4659121", "992715", "4699600", "2120901", "2120902", "2120903", "2120904", "2111006", "2111005", "16050479", "16050477", "2111129", "2111002"]}, "geometry": {"type": "LineString", "coordinates": [[-73.98548030917017, 40.71839444919401], [-73.98550590201093, 40.71834488891954], [-73.9855800442672, 40.718201318701496], [-73.9854775259179, 40.71818522952839], [-73.98552319512187, 40.718092661392575], [-73.98555890934917, 40.718023713507186], [-73.98532802295024, 40.71736720634074], [-73.98574498256104, 40.71737081032871], [-73.98577703723993, 40.71733561674736], [-73.98576532438611, 40.71730093868637], [-73.98573905834738, 40.71730325132713], [-73.98566975294072, 40.71728209834717], [-73.98549732978185, 40.71722946713741], [-73.985331602647, 40.7171788813687], [-73.98512302227124, 40.71711521276448], [-73.98534869398202, 40.71669061871024], [-73.98556477101815, 40.71675554129011], [-73.98561233655334, 40.716656873109216], [-73.98571968648533, 40.716693792065556], [-73.98595991171452, 40.7167572352978], [-73.98596807225896, 40.71687671456586]]}}, {"type": "Feature", "properties": {"cell_id": 25, "tree_count": 21, "tree_ids": ["13689534", "259207", "5617918", "5617917", "5617916", "5617915", "16164867", "16164866", "16164868", "13436527", "13436537", "13640806", "13640809", "13640803", "15528900", "15528902", "15528901", "15528904", "15528899", "15528903", "13640805"]}, "geometry": {"type": "LineString", "coordinates": [[-73.98598287302801, 40.71742322328504], [-73.98583358546252, 40.71732440565612], [-73.98593051779238, 40.71728039788017], [-73.98597594056686, 40.71719939525681], [-73.98600414050483, 40.71711719826705], [-73.98604643042957, 40.71704096082323], [-73.98620239513157, 40.71703790548926], [-73.98613869933389, 40.71713954431449], [-73.98610698571959, 40.71720919621539], [-73.98672527540423, 40.71764323975513], [-73.98676112195727, 40.71757032876076], [-73.98687305683451, 40.7176114151965], [-73.98698818141003, 40.71737912320976], [-73.9872191462307, 40.71726538049], [-73.98723052790072, 40.7171497112692], [-73.9873411710403, 40.71718382255888], [-73.98745869261829, 40.71722061577914], [-73.98758589364108, 40.717260112940316], [-73.98768524158959, 40.71729380753529], [-73.98776430741123, 40.717313472450904], [-73.98771936136323, 40.71741672954348]]}}, {"type": "Feature", "properties": {"cell_id": 26, "tree_count": 21, "tree_ids": ["13640811", "13640807", "13640810", "13640801", "14051148", "4611155", "2146529", "2146530", "2118576", "2118575", "2118574", "2118573", "4611176", "13884503", "2116246", "2116245", "2116294", "17042428", "13807989", "2116222", "15971230"]}, "geometry": {"type": "LineString", "coordinates": [[-73.98756044925373, 40.71737442201959], [-73.98739371156357, 40.71732019944502], [-73.98759998773261, 40.717823039013155], [-73.98756646803498, 40.71789574122947], [-73.98733964818348, 40.718589638103616], [-73.98715507882935, 40.71893166388285], [-73.98700604652726, 40.71897372661001], [-73.98697295572472, 40.719037561402246], [-73.98707442691797, 40.71907510513781], [-73.98704353598502, 40.71913487623688], [-73.98700129289874, 40.719216617273624], [-73.98696855379671, 40.71927996719469], [-73.98687038698823, 40.71924230709148], [-73.98689347957294, 40.71943661638643], [-73.98691613751912, 40.71967874275975], [-73.98702069973415, 40.71971043540694], [-73.98739686214218, 40.71987906888765], [-73.98734993424095, 40.71997002448824], [-73.98731513351457, 40.72003747597437], [-73.98745513582686, 40.72021401249012], [-73.98748924712997, 40.720147535277846]]}}, {"type": "Feature", "properties": {"cell_id": 27, "tree_count": 21, "tree_ids": ["2116220", "2116218", "14052397", "2110959", "2110977", "4610197", "2111054", "2111055", "6444899", "6444898", "10183661", "2111058", "2111059", "10183662", "15218023", "2111118", "2111102", "2111103", "2111104", "15216730", "15218020"]}, "geometry": {"type": "LineString", "coordinates": [[-73.98751850370225, 40.72009051837022], [-73.98758200366667, 40.719966768050135], [-73.98769538867508, 40.719924640165175], [-73.98805319461749, 40.71993401689237], [-73.98858696941332, 40.72009616393714], [-73.98819946125919, 40.72026901152731], [-73.98813322011877, 40.7203944036093], [-73.98809608078065, 40.72046764195336], [-73.98820592427835, 40.72049271805379], [-73.9881548232774, 40.72058518716748], [-73.98801375037095, 40.72062999333662], [-73.98798466077366, 40.72068735462182], [-73.98796050699391, 40.72073498567353], [-73.98791531574054, 40.72082409982809], [-73.98792655907387, 40.72104142471934], [-73.98803238506966, 40.721265603071586], [-73.98797012608503, 40.72132821424944], [-73.98807461921214, 40.72136004487824], [-73.98819652873841, 40.721397179157705], [-73.98750287923605, 40.72163800140865], [-73.98757214643643, 40.721508554084146]]}}, {"type": "Feature", "properties": {"cell_id": 28, "tree_count": 21, "tree_ids": ["15218022", "15192701", "17666416", "2111066", "14051547", "2116223", "2116224", "2116286", "13883296", "13883295", "15957971", "14108386", "2116260", "2116261", "2116311", "15763357", "2116313", "2116259", "2116258", "2116314", "2116315"]}, "geometry": {"type": "LineString", "coordinates": [[-73.98757293618878, 40.7212192268737], [-73.98751048260421, 40.7211992319824], [-73.98744454847629, 40.72117923839317], [-73.98741883043198, 40.72107374993316], [-73.98721210069371, 40.72069595113349], [-73.98714721376551, 40.720814096628295], [-73.98710654102356, 40.72089335728476], [-73.98692440976089, 40.720794763305406], [-73.98696395778816, 40.72071811410854], [-73.98701932261855, 40.72061080658094], [-73.98705570585426, 40.720540290958304], [-73.98715457424521, 40.72034866867757], [-73.98651765687993, 40.720148514355785], [-73.98647877026026, 40.720224180516034], [-73.98639265649062, 40.720162253180376], [-73.98642854464953, 40.7200927686932], [-73.98646126662737, 40.72002941435586], [-73.98657887530834, 40.72002939152897], [-73.98660987766549, 40.719969062473524], [-73.98652565478086, 40.719904750373715], [-73.9865626005304, 40.7198332216924]]}}, {"type": "Feature", "properties": {"cell_id": 29, "tree_count": 21, "tree_ids": ["2116257", "12779103", "15216657", "2118609", "2118753", "14495886", "2118754", "2118755", "2118816", "10230950", "10231347", "10230554", "2118815", "14500009", "12230460", "2118814", "2118813", "12216779", "14495892", "12230459", "2118812"]}, "geometry": {"type": "LineString", "coordinates": [[-73.98667950457029, 40.71983357837218], [-73.98662972824528, 40.71972114497702], [-73.98657370831057, 40.719585203682726], [-73.98649743678823, 40.719465028055986], [-73.9863678017647, 40.71951314041896], [-73.98619794906968, 40.71937860581621], [-73.98617836309762, 40.71945591476053], [-73.98608917541824, 40.719428972211375], [-73.98588578522612, 40.71949594017078], [-73.98579301565876, 40.719444318707396], [-73.98576403834362, 40.719493753962155], [-73.98574367349413, 40.71953812791059], [-73.98584339983238, 40.71957822742594], [-73.98568254207511, 40.719653203507605], [-73.98562753234494, 40.71974906137368], [-73.9857360544978, 40.71979629101885], [-73.9856920189211, 40.71987211067173], [-73.98558367112092, 40.719838403521145], [-73.98554981746099, 40.71991137727786], [-73.98550566366498, 40.719997265534985], [-73.98561566893802, 40.720020330161816]]}}, {"type": "Feature", "properties": {"cell_id": 30, "tree_count": 21, "tree_ids": ["2111078", "2111079", "12158992", "3904838", "3904840", "2111081", "4594456", "4599345", "2111084", "2111085", "3904842", "3904843", "2111086", "3904844", "15197092", "16153936", "3904846", "12158998", "1447879", "1447964", "1447881"]}, "geometry": {"type": "LineString", "coordinates": [[-73.99070695050042, 40.71337484308982], [-73.9907987436584, 40.71336718457286], [-73.99089555758908, 40.71335910666007], [-73.99096916353454, 40.713253428844006], [-73.99122514353823, 40.71323438798641], [-73.99113149499432, 40.71333942169245], [-73.99126595566929, 40.71333739055589], [-73.99139720158014, 40.71333429371154], [-73.9914771553586, 40.713310580344015], [-73.99155747365438, 40.71330387932297], [-73.99149599740372, 40.713211773750885], [-73.9916416008336, 40.71319867989336], [-73.99172815176435, 40.71328963725157], [-73.99194611488166, 40.71317308839955], [-73.99203578295784, 40.71327395604962], [-73.99217474914963, 40.713261508936604], [-73.99214338284816, 40.713157019443855], [-73.99227835634257, 40.71301920094146], [-73.99243042476772, 40.71286278878661], [-73.99250165129492, 40.71283265253308], [-73.9924073481024, 40.71267090840506]]}}, {"type": "Feature", "properties": {"cell_id": 31, "tree_count": 21, "tree_ids": ["2112531", "2112532", "2112533", "2112534", "2112535", "13517145", "16014654", "2112750", "2111147", "2111146", "2111145", "12158991", "12158990", "2111142", "1447989", "1447987", "12217065", "13804609", "12247143", "2111092", "10580167"]}, "geometry": {"type": "LineString", "coordinates": [[-73.99265106353978, 40.71258287397741], [-73.99266533941531, 40.712679430462316], [-73.99267925113021, 40.71277353035929], [-73.99269320343468, 40.712867904732185], [-73.99270731722994, 40.712963368439716], [-73.99303178029626, 40.7131898868407], [-73.99294727637526, 40.71319038661646], [-73.9928568942909, 40.71319775759066], [-73.9927565417339, 40.71329174396563], [-73.99276642976533, 40.713362158014455], [-73.99277585825723, 40.71342929718935], [-73.9927855931424, 40.71349861903931], [-73.99279548048366, 40.71356903308369], [-73.99280552103362, 40.71364053875061], [-73.99261983770786, 40.71362207934048], [-73.9926032531755, 40.71345711182035], [-73.99237724200574, 40.713689650996], [-73.99210275346609, 40.71397473772069], [-73.99188747722961, 40.713989614797356], [-73.99175361529716, 40.71399496614836], [-73.99147103780624, 40.714018380103475]]}}, {"type": "Feature", "properties": {"cell_id": 32, "tree_count": 22, "tree_ids": ["2112567", "2112566", "2112565", "2112564", "2112563", "2112562", "2112561", "2112560", "2112559", "2037274", "2120899", "2120898", "2120897", "2120896", "10554730", "2120894", "10558561", "3936025", "2112776", "15543918", "2143709", "2143710"]}, "geometry": {"type": "LineString", "coordinates": [[-73.9837813825694, 40.71602867941835], [-73.98381395440128, 40.71605037275773], [-73.98388755702986, 40.71598918121049], [-73.98399730973964, 40.715819809332395], [-73.98404436867648, 40.71574718606478], [-73.98410275258972, 40.71565708593388], [-73.98415667293497, 40.71557387622313], [-73.9842153753055, 40.71548328201996], [-73.98422610412256, 40.715390618077336], [-73.98406944462222, 40.71531045863769], [-73.98397220455918, 40.715409655094106], [-73.98392510094293, 40.715499929428596], [-73.98387980628466, 40.71558947148804], [-73.9837565812608, 40.71573361128986], [-73.98357532336676, 40.715830862179764], [-73.98363548601121, 40.71591554489884], [-73.98353006638395, 40.715926314487746], [-73.98381429765458, 40.71517226836709], [-73.98370322230753, 40.71513803124629], [-73.98358141937341, 40.71510311430404], [-73.98328426937728, 40.715170784222714], [-73.98322678619995, 40.715280403900366]]}}, {"type": "Feature", "properties": {"cell_id": 33, "tree_count": 21, "tree_ids": ["2143711", "2143712", "2143713", "5422487", "2143714", "2143715", "2143716", "2143717", "5422488", "5422489", "5422490", "2120890", "2120891", "2120892", "5422491", "2116387", "2116388", "2116389", "2111135", "2116394", "2116395"]}, "geometry": {"type": "LineString", "coordinates": [[-73.98316903366097, 40.71539053529186], [-73.98306208520803, 40.715594480495916], [-73.98299470797022, 40.71572296653828], [-73.98292973576996, 40.71584686228343], [-73.98278535348985, 40.71612218831039], [-73.98275112864354, 40.7161874501634], [-73.98271209157426, 40.71626189021985], [-73.98268027341868, 40.716322563515476], [-73.98283791622251, 40.716418889904965], [-73.98297412146381, 40.71645584030924], [-73.98309310434362, 40.71649159691258], [-73.98338227825177, 40.71630105485606], [-73.98344450809216, 40.71620596987728], [-73.98350094956828, 40.716119730168955], [-73.98365466753137, 40.716235753683414], [-73.98390283900237, 40.71625171340849], [-73.98403752546085, 40.71629261022359], [-73.98417354970803, 40.71633391534793], [-73.98424265895883, 40.71623765921418], [-73.98441325490133, 40.71648504997444], [-73.98437680194725, 40.716555545920734]]}}, {"type": "Feature", "properties": {"cell_id": 34, "tree_count": 21, "tree_ids": ["2111050", "2111049", "2111010", "2111009", "2111008", "16060769", "2111131", "2111132", "2111133", "2111134", "2111051", "2111052", "2116396", "2120906", "5422492", "2120907", "2120908", "5422493", "2145208", "15197140", "2120905"]}, "geometry": {"type": "LineString", "coordinates": [[-73.98449293686502, 40.716593833303506], [-73.98453372410653, 40.716518749006795], [-73.98467630687674, 40.71648859286322], [-73.98475347694527, 40.716511780323664], [-73.98481923886273, 40.71653153928076], [-73.98485154172863, 40.7165918116127], [-73.98506893569454, 40.71648766263039], [-73.98492010385455, 40.716442633163], [-73.98480211283979, 40.71640693233025], [-73.98464758291621, 40.716360177133154], [-73.98440502169926, 40.71675566908316], [-73.98436699123268, 40.71682567990245], [-73.9842640080513, 40.716773672106], [-73.98385098709781, 40.716721204284404], [-73.98383460457411, 40.71672063873753], [-73.98374202908415, 40.71668753704321], [-73.98362731408325, 40.716658406312185], [-73.98360211616132, 40.71665151051824], [-73.98351777093663, 40.71678846544717], [-73.98438681020062, 40.71704910722294], [-73.98446683859488, 40.71694788785888]]}}, {"type": "Feature", "properties": {"cell_id": 35, "tree_count": 20, "tree_ids": ["1865243", "4631447", "2121699", "661005", "2121698", "2121697", "2110199", "2060479", "2110200", "6505691", "2110201", "2110202", "2110203", "2110204", "10097970", "10097588", "12163054", "2121692", "2121691", "1098902"]}, "geometry": {"type": "LineString", "coordinates": [[-73.98058836651586, 40.72485994780086], [-73.9805270274191, 40.724830885330014], [-73.98040666558472, 40.724781467283364], [-73.98034085689075, 40.72475442821094], [-73.98024260775705, 40.72471114543942], [-73.98015232738317, 40.72467313675111], [-73.9802575348714, 40.72461004371516], [-73.98014007751539, 40.72455939246084], [-73.98005706073167, 40.724522505725645], [-73.97999626876273, 40.72449792616932], [-73.97994593491195, 40.724475740916475], [-73.97986827311213, 40.72444305788722], [-73.97977672173256, 40.724404529464074], [-73.97969779754057, 40.72437131544465], [-73.97962989831677, 40.72445318986292], [-73.97951956844594, 40.72441761138508], [-73.97941777066548, 40.72436388175826], [-73.97930570917141, 40.72431670101818], [-73.97923609781269, 40.72428606614012], [-73.97929754138858, 40.72420281040724]]}}, {"type": "Feature", "properties": {"cell_id": 36, "tree_count": 20, "tree_ids": ["6505692", "2110206", "2121696", "2110197", "2110196", "2110195", "2110194", "259211", "2110193", "2110192", "2121700", "2121701", "2121702", "2121703", "2110191", "13852130", "2121668", "2121669", "2121670", "11142872"]}, "geometry": {"type": "LineString", "coordinates": [[-73.97935036321942, 40.72422322487838], [-73.9795083787484, 40.72429160157652], [-73.98002321871364, 40.72461878137734], [-73.98039359554862, 40.72466412953728], [-73.98045421016053, 40.72468963692417], [-73.98055586665377, 40.724732416885224], [-73.98062058399955, 40.72475965064328], [-73.98068806849074, 40.72478821546454], [-73.98079200999227, 40.72483179157933], [-73.98087219785198, 40.724865535137646], [-73.98073158108082, 40.72491700219635], [-73.98084680103985, 40.724965509274426], [-73.98094813053105, 40.72500816932173], [-73.98101978873952, 40.725038336890144], [-73.98104772927609, 40.72493940213996], [-73.98123815547856, 40.72490856224028], [-73.98134626338154, 40.72475756439763], [-73.98137286274132, 40.72472202466707], [-73.98139945981796, 40.72468648435801], [-73.98138763202874, 40.724447886396646]]}}, {"type": "Feature", "properties": {"cell_id": 37, "tree_count": 20, "tree_ids": ["11142871", "14051123", "2121673", "2121674", "5248532", "2121667", "2121665", "2121676", "2121678", "2121663", "2121679", "2121680", "2121661", "2121660", "2121659", "2121682", "2121683", "2121658", "2121657", "2121684"]}, "geometry": {"type": "LineString", "coordinates": [[-73.98129480123865, 40.72440943388291], [-73.98111693148371, 40.72432642453827], [-73.98103992763542, 40.724293972851896], [-73.98095913541312, 40.72425992566893], [-73.98085349872062, 40.72422271382638], [-73.98078685802614, 40.724066468832824], [-73.98055396102245, 40.72396830178728], [-73.98047596426574, 40.72405630381806], [-73.98033457893963, 40.72399671908653], [-73.98038638983617, 40.72389766790228], [-73.98015248404243, 40.72391997758119], [-73.98005023235987, 40.72387688493974], [-73.97998119137516, 40.723726870800135], [-73.97990008775267, 40.72369268443556], [-73.97981109706419, 40.72365517261482], [-73.9796447012043, 40.72370597852029], [-73.97953266847652, 40.72365876197688], [-73.97964447285597, 40.72358493751821], [-73.97953560194651, 40.723539045309664], [-73.97928338316025, 40.72362741285835]]}}, {"type": "Feature", "properties": {"cell_id": 38, "tree_count": 20, "tree_ids": ["2121685", "2121686", "2121687", "2121688", "1057223", "1057224", "138832", "1057226", "1057227", "6659430", "2121646", "2121645", "2121644", "2121643", "2121642", "2121641", "2110114", "2110115", "11537348", "2110117"]}, "geometry": {"type": "LineString", "coordinates": [[-73.97923054544984, 40.72370053226538], [-73.97918465928359, 40.72376403024107], [-73.9791168728098, 40.72385783435923], [-73.9790640354858, 40.72393095311591], [-73.97885911127214, 40.72392042211979], [-73.97890763593867, 40.723861925935914], [-73.97897100386389, 40.723780410215234], [-73.97902183399103, 40.72370610116718], [-73.97907225640627, 40.723637297548656], [-73.97909786729538, 40.72352065342235], [-73.9786790280562, 40.72330580217542], [-73.97859839830393, 40.72327183513194], [-73.9785125367375, 40.72323076842519], [-73.97844105207894, 40.7232056885597], [-73.97833537165342, 40.72316218603775], [-73.97826491800862, 40.7231311998805], [-73.97828868755344, 40.72301342222197], [-73.97820796897194, 40.72297927476214], [-73.9781266207171, 40.72294486179929], [-73.97804842583116, 40.72291178173139]]}}, {"type": "Feature", "properties": {"cell_id": 39, "tree_count": 20, "tree_ids": ["2110118", "2121637", "2121638", "2121639", "2121640", "2110113", "2110112", "15971253", "2110110", "12216774", "14177511", "13734226", "2110107", "2110106", "2110105", "13851729", "6477336", "4599659", "4599678", "2110037"]}, "geometry": {"type": "LineString", "coordinates": [[-73.97797212254096, 40.7228795019548], [-73.977860862232, 40.72295610682798], [-73.97792062425934, 40.72301110324226], [-73.97803316808465, 40.72302873010513], [-73.97811553471836, 40.72306344467871], [-73.97844570914155, 40.72307984799387], [-73.97852579670493, 40.72311372755495], [-73.97860714612308, 40.72314814195057], [-73.97868439542054, 40.723180820613734], [-73.9787655668444, 40.7232153212097], [-73.97884141779745, 40.72324724584451], [-73.97892056036828, 40.7232807258229], [-73.97899970301917, 40.723314204031276], [-73.97907915987892, 40.72334781776463], [-73.97917091450313, 40.72338663269732], [-73.979305480864, 40.72331887745213], [-73.97936936201098, 40.72323209795335], [-73.97960033290718, 40.72320235619596], [-73.97962774771811, 40.72316304753782], [-73.9796907985204, 40.72307135002056]]}}, {"type": "Feature", "properties": {"cell_id": 40, "tree_count": 19, "tree_ids": ["2114660", "2114771", "12734773", "2114659", "15320098", "2114658", "2114773", "10196377", "2128070", "2128069", "15936549", "2128066", "2128065", "2128064", "2120464", "2120465", "2120466", "2121043", "2121044"]}, "geometry": {"type": "LineString", "coordinates": [[-73.98438576531326, 40.731142863432744], [-73.9840853205229, 40.73113839924295], [-73.9842013955696, 40.73106646547683], [-73.98407638586241, 40.7310126167496], [-73.98389770440019, 40.731059583823914], [-73.983779635511, 40.73088768440075], [-73.98367786994227, 40.73096723646811], [-73.98358374437379, 40.73092769632736], [-73.98317307755558, 40.731501020367375], [-73.98328178651558, 40.731547154945], [-73.98401984603409, 40.7318669722025], [-73.98418076659661, 40.7319286633418], [-73.98424032114937, 40.73195393583109], [-73.98434588075396, 40.73199873204576], [-73.98521898787158, 40.73178058567647], [-73.98560782515753, 40.73124639413113], [-73.98565223806067, 40.73118509728676], [-73.98588796133035, 40.73121474232249], [-73.98579664550171, 40.7313406798941]]}}, {"type": "Feature", "properties": {"cell_id": 41, "tree_count": 19, "tree_ids": ["2121045", "2121046", "13519404", "13519405", "13765181", "2128038", "12725604", "12725605", "12725603", "2128039", "2128040", "13359146", "3762796", "3732876", "3757467", "2128043", "2128044", "10640581", "2128046"]}, "geometry": {"type": "LineString", "coordinates": [[-73.98568912240772, 40.73148896969098], [-73.98562638421619, 40.731575491417054], [-73.98579363750969, 40.73173416586185], [-73.98586206663637, 40.73176515341569], [-73.98579464871324, 40.73186033607214], [-73.98600702144972, 40.7319499056942], [-73.9860548753344, 40.73197322933393], [-73.9860779084421, 40.731983428312766], [-73.98610466594485, 40.73199511333487], [-73.98623201704612, 40.73204480068551], [-73.98631122415753, 40.73207820521505], [-73.98641182472676, 40.731998224114804], [-73.98651977990647, 40.73204369451472], [-73.98659680289744, 40.73207613506892], [-73.9866776127403, 40.73211017139826], [-73.98674417793345, 40.73226080435029], [-73.9868240169404, 40.73229447621242], [-73.98699789306079, 40.73236780722621], [-73.9870764688038, 40.732400945830314]]}}, {"type": "Feature", "properties": {"cell_id": 42, "tree_count": 18, "tree_ids": ["15347448", "3726438", "5243336", "15713904", "2128050", "2128051", "11185840", "11142607", "2128054", "2128055", "165314", "2128056", "2128057", "2128058", "2128059", "2128060", "2128061", "2128062"]}, "geometry": {"type": "LineString", "coordinates": [[-73.98715562782427, 40.73231775317182], [-73.98734113885143, 40.73238963767803], [-73.98735006540338, 40.73251633309527], [-73.98747842548757, 40.73265927735254], [-73.98744461826713, 40.73270558968652], [-73.98738155874995, 40.73279197679695], [-73.98726682619079, 40.73294915338898], [-73.98721199892313, 40.73302426094541], [-73.98676816829223, 40.73301993470409], [-73.98638210865437, 40.73285732990745], [-73.98623358557403, 40.732795710239046], [-73.9861459932041, 40.732757878162694], [-73.98605508221624, 40.732719587014955], [-73.98595312213774, 40.732676640945606], [-73.98560336930203, 40.732529323948256], [-73.98549478258214, 40.73248358614284], [-73.98538524819266, 40.732437448981386], [-73.98531864385336, 40.73240939540801]]}}, {"type": "Feature", "properties": {"cell_id": 43, "tree_count": 23, "tree_ids": ["2121458", "11139388", "2121461", "2121462", "2121463", "2121464", "2121465", "6418425", "2147416", "6418424", "2121469", "2121468", "2121467", "2121466", "4929848", "4928383", "2137218", "2137217", "2137216", "2121472", "2121471", "2121470", "2137213"]}, "geometry": {"type": "LineString", "coordinates": [[-73.9779610161105, 40.714949708071046], [-73.97826196345399, 40.71504089879062], [-73.97847912817531, 40.71510670292172], [-73.97862993646883, 40.7151523992628], [-73.97876130889685, 40.715192206597024], [-73.97889335026714, 40.715232215186255], [-73.97897847460473, 40.71525800806939], [-73.97920024271113, 40.71520683168304], [-73.97924662816754, 40.71511621204988], [-73.97931303734002, 40.714990035330466], [-73.97955202523839, 40.71508084155548], [-73.97950992074509, 40.7151620321047], [-73.9794720527065, 40.71523505315471], [-73.97942994726668, 40.7153162442447], [-73.97949518065462, 40.71540346265382], [-73.97960783237252, 40.71543802433506], [-73.97974765870117, 40.71546407106628], [-73.97982462660191, 40.71548763977506], [-73.97996183152951, 40.71552965400451], [-73.98026069351515, 40.71562078652022], [-73.98036523416765, 40.71565250981542], [-73.98043459259186, 40.715673558499645], [-73.98021463864386, 40.715224005132725]]}}, {"type": "Feature", "properties": {"cell_id": 44, "tree_count": 23, "tree_ids": ["2137214", "6418423", "2147418", "6418422", "2123383", "2116215", "2116204", "2116203", "15197137", "15197136", "15197135", "2116202", "2116217", "2116216", "2121484", "2121483", "2121482", "2121481", "2121480", "2121479", "2121478", "6423227", "2121477"]}, "geometry": {"type": "LineString", "coordinates": [[-73.98015813414693, 40.71533096789017], [-73.97942736370473, 40.714755744141975], [-73.97963226910089, 40.714376882306304], [-73.97977225846812, 40.71410849906822], [-73.97958027007013, 40.71393552748075], [-73.97983473353116, 40.71384405455534], [-73.97993436443402, 40.71370923155417], [-73.98004147080262, 40.713697469427935], [-73.98039083318753, 40.71354008708664], [-73.98052313062013, 40.71353177061686], [-73.9806093016852, 40.71351905404457], [-73.98054558319703, 40.71364211039601], [-73.98038915724868, 40.71401040568105], [-73.98023885905846, 40.713964850106656], [-73.98016493613596, 40.71412382598057], [-73.98026038145598, 40.71415214602165], [-73.98034910448955, 40.714178473168765], [-73.98045664738146, 40.7142103838867], [-73.9805621742635, 40.714241696606244], [-73.98065560230357, 40.71426941842111], [-73.98096142916427, 40.71436016432184], [-73.98121067931743, 40.714438748902225], [-73.98137076987743, 40.71448162235751]]}}, {"type": "Feature", "properties": {"cell_id": 45, "tree_count": 22, "tree_ids": ["1791191", "2112656", "13614509", "14051552", "13883276", "14051970", "14051535", "2147404", "2147402", "2147401", "2147399", "2124501", "2124500", "2124499", "2124498", "2124497", "2110928", "2110930", "2110931", "2110932", "1445854", "2110946"]}, "geometry": {"type": "LineString", "coordinates": [[-73.98626196716624, 40.718536400020746], [-73.98629138299451, 40.71847409691001], [-73.98640018023971, 40.71850597418614], [-73.98643964022015, 40.71844464890035], [-73.98644924473585, 40.71840925921364], [-73.98648500246426, 40.71833686122914], [-73.98628356706107, 40.71813344555885], [-73.98686547900625, 40.71812255953807], [-73.98706254483726, 40.71819198882215], [-73.98714503754533, 40.71822105134515], [-73.98730151244195, 40.71827617891232], [-73.98760571149498, 40.71836865557174], [-73.98769920750418, 40.71839701038985], [-73.98783358575288, 40.718437760905964], [-73.98789524494582, 40.71845646093448], [-73.98797365987012, 40.71848024105872], [-73.98857205490499, 40.71848952783504], [-73.9887298549364, 40.71853671723203], [-73.98880103321281, 40.71855800121165], [-73.98893734470244, 40.71859876435029], [-73.98888999444338, 40.71875723820877], [-73.98873684122486, 40.718871146861225]]}}, {"type": "Feature", "properties": {"cell_id": 46, "tree_count": 22, "tree_ids": ["2110947", "1445856", "1445857", "1445859", "13804611", "13807462", "12382238", "2116234", "2116235", "14022440", "14022439", "14022438", "13842550", "2111015", "2111014", "2111013", "4609924", "5280653", "2110876", "2110875", "2110874", "2147389"]}, "geometry": {"type": "LineString", "coordinates": [[-73.98865384210136, 40.718845740536395], [-73.98867514250648, 40.71869218648627], [-73.98857123566654, 40.71866072699141], [-73.98841906364807, 40.718614652430865], [-73.988140204887, 40.718888632250106], [-73.98810010696452, 40.71896493700228], [-73.98777448111706, 40.71914837233051], [-73.98766145185442, 40.719367018100755], [-73.98759411015222, 40.71949728800769], [-73.98854522369832, 40.71957852965642], [-73.98858839045182, 40.719473928878294], [-73.98862335359279, 40.719409961719165], [-73.98877222062178, 40.71936274760186], [-73.98882241334765, 40.71926638169621], [-73.98885195862837, 40.71920856734731], [-73.98888045884796, 40.71915279887891], [-73.98879424310158, 40.71910231496507], [-73.98883731411874, 40.71902667186228], [-73.98939651890058, 40.718738259643544], [-73.98958366466819, 40.71879467124433], [-73.98968495166127, 40.718825202090116], [-73.98962927073242, 40.71898214015119]]}}, {"type": "Feature", "properties": {"cell_id": 47, "tree_count": 22, "tree_ids": ["2147390", "2147391", "2147392", "2147394", "2110996", "2110995", "2110994", "2110993", "2110992", "13841740", "13841739", "13841738", "13841737", "2110981", "2116118", "2116329", "2116330", "2116119", "2116331", "2116120", "2116332", "2116333"]}, "geometry": {"type": "LineString", "coordinates": [[-73.98953016149527, 40.71895189994217], [-73.98943239155862, 40.718922068625446], [-73.9893466768498, 40.718895915747666], [-73.98916519982043, 40.718840544445534], [-73.98911907487913, 40.71898577390011], [-73.98920414556945, 40.71901167471188], [-73.98928385872524, 40.71903594640478], [-73.98934414583535, 40.71905430071761], [-73.98951160845014, 40.719105288566034], [-73.9895701420186, 40.71928870842984], [-73.9895348998513, 40.71937448010618], [-73.98954786494687, 40.719562087299856], [-73.98926084712748, 40.719905804239225], [-73.98919798913272, 40.72001589179213], [-73.98909848805302, 40.72043860961761], [-73.98900266831893, 40.72040209006403], [-73.98896633446765, 40.7204732118702], [-73.98898470506329, 40.72066056973019], [-73.98884007734199, 40.72072034179712], [-73.98890238138307, 40.72082115823755], [-73.9887974699084, 40.720803741159955], [-73.9887582583751, 40.720880490515874]]}}, {"type": "Feature", "properties": {"cell_id": 48, "tree_count": 21, "tree_ids": ["2116121", "2116122", "2116334", "15216683", "10183265", "13841736", "2116337", "2116338", "2116339", "2116340", "2116341", "2116342", "2116343", "2116344", "1442333", "2123452", "1442332", "2123453", "1442331", "2123454", "1442330"]}, "geometry": {"type": "LineString", "coordinates": [[-73.98884942212919, 40.72092446641438], [-73.9887566112819, 40.72110551139754], [-73.98863356878215, 40.72112455137261], [-73.98859043605135, 40.721208974168775], [-73.98867952903453, 40.72125587144712], [-73.98871195614495, 40.72119802426699], [-73.98904133280824, 40.72136802183811], [-73.98910745061185, 40.72123856756749], [-73.9892072782885, 40.721043104973845], [-73.98923889979916, 40.72098119246606], [-73.98928018811218, 40.72090034658841], [-73.98932174021111, 40.720818989508224], [-73.98939856948917, 40.72066855580315], [-73.98944573957071, 40.720576197284146], [-73.98962922145657, 40.72060289987632], [-73.98966915509934, 40.72065538497222], [-73.98957311206797, 40.72071145917201], [-73.98961952689855, 40.720752317958244], [-73.98952360411833, 40.7208072473337], [-73.9895692459828, 40.720850528318955], [-73.98947369907106, 40.72090380282534]]}}, {"type": "Feature", "properties": {"cell_id": 49, "tree_count": 21, "tree_ids": ["2123455", "1442329", "2123456", "1442328", "1442327", "2123457", "2123458", "1442326", "1442325", "2123459", "1442324", "2123460", "2116252", "2116253", "2116254", "2125489", "2125488", "2125487", "2125486", "2125485", "2118829"]}, "geometry": {"type": "LineString", "coordinates": [[-73.9895192235428, 40.72094822746865], [-73.98942339767461, 40.7210011233592], [-73.9894684183174, 40.72104746130134], [-73.98937006105741, 40.72110431966068], [-73.98931936390274, 40.72120240635509], [-73.98937963793412, 40.721220864714674], [-73.98933485436808, 40.72130833203107], [-73.98927355116311, 40.721291042362104], [-73.98922787062196, 40.72137942275655], [-73.98928025114203, 40.72141498370608], [-73.9891868114105, 40.72145886308663], [-73.9892256447352, 40.721521633637884], [-73.98943256970378, 40.721491017879316], [-73.98939891368262, 40.72155703995286], [-73.98936577860823, 40.72162204021337], [-73.98949861686825, 40.721705653176095], [-73.98958223838655, 40.72173135857423], [-73.98965582823212, 40.72175397858836], [-73.98974614246174, 40.72178173960631], [-73.98982976492276, 40.72180744368086], [-73.98996614716674, 40.72217039905313]]}}, {"type": "Feature", "properties": {"cell_id": 50, "tree_count": 20, "tree_ids": ["2114690", "2114689", "2114688", "2121532", "2121533", "2121534", "229783", "2114692", "11537805", "2114693", "2114694", "2114695", "2121537", "2114696", "2121538", "6460467", "2121540", "2121541", "2114698", "239376"]}, "geometry": {"type": "LineString", "coordinates": [[-73.98012682246258, 40.7285223305934], [-73.98003937764669, 40.72848143861722], [-73.97995856281175, 40.72844741419326], [-73.9799604877426, 40.728557671377764], [-73.98004951589256, 40.728595142463746], [-73.98010444830116, 40.728618262813654], [-73.98019113098837, 40.72866727050881], [-73.9802957102108, 40.72858935854], [-73.980378162428, 40.72873346658959], [-73.98044092326018, 40.72865049471768], [-73.98051731857475, 40.72868265733855], [-73.98061896841713, 40.72872545208585], [-73.98068471167929, 40.728862488209494], [-73.98079953927537, 40.7288014737638], [-73.98082583333685, 40.728921883152076], [-73.98091097297416, 40.72896579394948], [-73.98100988779596, 40.72899934836213], [-73.98109828730053, 40.72903655320473], [-73.98106345173346, 40.72891258172736], [-73.98099391779974, 40.72888599074153]]}}, {"type": "Feature", "properties": {"cell_id": 51, "tree_count": 20, "tree_ids": ["2114729", "2114730", "2114708", "2114707", "2114706", "2114705", "2114704", "2114703", "2114732", "2114731", "2121497", "16293532", "231358", "314188", "308592", "461110", "457511", "460310", "2121498", "2121499"]}, "geometry": {"type": "LineString", "coordinates": [[-73.98111777019781, 40.72920254207624], [-73.98107974244915, 40.72925491835383], [-73.98127016681667, 40.72930652230173], [-73.98123065554213, 40.72936078426294], [-73.98118240032633, 40.729427051944], [-73.9811484828046, 40.72947363061796], [-73.98110197650733, 40.729537498033075], [-73.98104498086809, 40.72961576966682], [-73.98089762561709, 40.72950575438093], [-73.98097682186031, 40.729396674319005], [-73.9804605535737, 40.72948954931474], [-73.98054002906154, 40.72952314657414], [-73.9806738214687, 40.7295882747105], [-73.9806157798631, 40.72967631499833], [-73.98052648799876, 40.72963752968784], [-73.98042940918992, 40.72959760448293], [-73.98035038470924, 40.729561343667854], [-73.98025667724946, 40.72952188721607], [-73.9802788930394, 40.729412755535286], [-73.98021518673787, 40.72938582484369]]}}, {"type": "Feature", "properties": {"cell_id": 52, "tree_count": 20, "tree_ids": ["2122940", "205964", "2121501", "2121502", "2121503", "2122941", "2122942", "2122943", "2122944", "2121505", "2121506", "12745417", "12745418", "2121507", "2121508", "2121509", "2122945", "1178907", "482309", "2121504"]}, "geometry": {"type": "LineString", "coordinates": [[-73.98010704025657, 40.72946109142844], [-73.97994523610757, 40.7293929848435], [-73.98008524973218, 40.72933089589412], [-73.98000766642772, 40.72929809805852], [-73.97991368300745, 40.72925836794621], [-73.97980347697603, 40.72933306377926], [-73.97974225939922, 40.72930724546005], [-73.97968735286787, 40.72928408891924], [-73.97956807381223, 40.72923378160368], [-73.97956171967195, 40.72910957856176], [-73.97945259933212, 40.7290634478159], [-73.97939971896726, 40.729035072459844], [-73.9793175557177, 40.72900693313318], [-73.97924634367074, 40.728976253392], [-73.97915740570326, 40.72893865533016], [-73.97907982406362, 40.728905857439564], [-73.9790489923679, 40.72901485409455], [-73.97929960299984, 40.7291200247115], [-73.97936666307054, 40.72915042519687], [-73.97973391620334, 40.729182373616574]]}}, {"type": "Feature", "properties": {"cell_id": 53, "tree_count": 24, "tree_ids": ["2112574", "2112570", "2112569", "2112568", "13845930", "2143647", "2143648", "2143649", "2143650", "2143651", "10844894", "4999389", "4999390", "6423229", "6423230", "6423231", "6423232", "2143652", "2143653", "2143654", "2143655", "13846307", "2112579", "2112578"]}, "geometry": {"type": "LineString", "coordinates": [[-73.99672511430518, 40.71048459004122], [-73.99686046642196, 40.711022352254595], [-73.99688966759746, 40.71112188384936], [-73.99692240022523, 40.71123326318209], [-73.99700683897876, 40.71125582792662], [-73.99712004883185, 40.711238695492156], [-73.99722511939675, 40.71122279446245], [-73.99733939022029, 40.71120550172664], [-73.99745153731729, 40.71118852962442], [-73.99807803855875, 40.71112030013526], [-73.99762173851097, 40.71049525258676], [-73.9973214587878, 40.71049099675585], [-73.99728858516517, 40.71038377926872], [-73.99713976970693, 40.71001221199503], [-73.99712489884779, 40.70996634663869], [-73.9970987505743, 40.70991090749261], [-73.99708779552823, 40.709832281197926], [-73.99693000155257, 40.70972783429703], [-73.99672740213435, 40.70975751389772], [-73.99662574841997, 40.70977240473231], [-73.99653188730265, 40.70978615434827], [-73.9965110929077, 40.70996124099603], [-73.99652715290148, 40.7100214964582], [-73.9965434984224, 40.71008282924554]]}}, {"type": "Feature", "properties": {"cell_id": 54, "tree_count": 24, "tree_ids": ["2112577", "2112576", "2112683", "2112682", "2112681", "2112680", "2112679", "2112572", "2112571", "11137697", "2112678", "2112677", "2112676", "2112675", "2112410", "2112409", "2112408", "2112407", "1960459", "12158985", "2112406", "2112405", "2112404", "2112403"]}, "geometry": {"type": "LineString", "coordinates": [[-73.99655984547637, 40.71014416088649], [-73.9966629101957, 40.710265640255216], [-73.99640956070472, 40.710350314278216], [-73.99643538323504, 40.71044715259334], [-73.99646192259334, 40.71054668079075], [-73.99648702701785, 40.71064082920246], [-73.9965114162593, 40.710732286574874], [-73.99678491347808, 40.710732757145166], [-73.99680902678726, 40.71082076919703], [-73.99673607678069, 40.710819301562964], [-73.99656521302207, 40.7109340322366], [-73.99658744843119, 40.7110174199237], [-73.99660896788244, 40.71109811828916], [-73.99664268069206, 40.71122454646195], [-73.99643940794576, 40.71134973754009], [-73.99633831193404, 40.71135828659059], [-73.99619491155939, 40.71137041150189], [-73.99605151113252, 40.711382536806376], [-73.99604106797382, 40.71148284321224], [-73.99582911849113, 40.71150861991012], [-73.995888034958, 40.71139635839482], [-73.99580056232652, 40.71140375465871], [-73.9956851249654, 40.71141351545324], [-73.99548569045105, 40.711430377228396]]}}, {"type": "Feature", "properties": {"cell_id": 55, "tree_count": 24, "tree_ids": ["2112402", "2112655", "2112654", "2112401", "2112400", "2112399", "2112653", "2112398", "2112397", "2112652", "2112651", "2112650", "2112396", "11138956", "11139400", "11139402", "11139399", "11139401", "11139398", "2112593", "2112594", "2112354", "2112353", "2112352"]}, "geometry": {"type": "LineString", "coordinates": [[-73.99534228976611, 40.71144250164926], [-73.99542752670534, 40.71153605456882], [-73.99528060507278, 40.71154891928678], [-73.99518813538073, 40.711455534645], [-73.9950805846029, 40.711464627842396], [-73.99493718377063, 40.71147675118675], [-73.99481475994443, 40.71158971042921], [-73.9947916314029, 40.71148905666748], [-73.9947012901335, 40.71149669442017], [-73.99464992053204, 40.71160414433826], [-73.9945531681886, 40.71161261539797], [-73.9944384982673, 40.71162265631662], [-73.9944410168643, 40.71151869799804], [-73.99408871750268, 40.711078967810415], [-73.99413048059415, 40.71108524287306], [-73.99409859619031, 40.71114827699798], [-73.99413908448528, 40.7111585084527], [-73.99410792966836, 40.71121376807745], [-73.99415238630945, 40.71122641340578], [-73.9941565433684, 40.71131301258327], [-73.99416696739586, 40.7113861433002], [-73.99430277356983, 40.711394220846174], [-73.9942926857229, 40.711324927679065], [-73.99428355095223, 40.71126218138778]]}}, {"type": "Feature", "properties": {"cell_id": 56, "tree_count": 24, "tree_ids": ["2112351", "2112350", "2112349", "2112348", "2112347", "2112585", "2112583", "2112582", "15936511", "2112814", "2143665", "2143664", "2143663", "10204930", "2143661", "2112817", "2112816", "2112815", "2112719", "2112720", "2112721", "2112722", "2112723", "2112724"]}, "geometry": {"type": "LineString", "coordinates": [[-73.99427354275427, 40.71119343317146], [-73.99426202426405, 40.711114318825835], [-73.9942453432679, 40.710999740746416], [-73.99423501821829, 40.71092881042241], [-73.99422238755965, 40.71084205871279], [-73.9940601712607, 40.71087867645286], [-73.99404624779194, 40.71078098677811], [-73.99403139087988, 40.71067674850614], [-73.99420181493348, 40.71070074358156], [-73.99455988934812, 40.71053573735857], [-73.99458185677295, 40.71039818175775], [-73.99469849124799, 40.71037733957252], [-73.99483599933403, 40.71036162290784], [-73.99496223646895, 40.71034227906859], [-73.99508917840868, 40.71032282647404], [-73.99505759646277, 40.71045881838957], [-73.9949006495015, 40.710483074673725], [-73.9947444088096, 40.71050722041372], [-73.99401253754301, 40.7103236406818], [-73.99400344364635, 40.7102537162359], [-73.99398560960076, 40.710116598397335], [-73.99397672827486, 40.71004831395424], [-73.99396770504087, 40.709978935600105], [-73.99395889509051, 40.70991119667972]]}}, {"type": "Feature", "properties": {"cell_id": 57, "tree_count": 23, "tree_ids": ["2112725", "2112726", "2112762", "2112763", "2112764", "2112765", "2112766", "2112767", "2112768", "2112769", "2112770", "2112771", "2112772", "2112773", "2149098", "2149097", "2149096", "2149094", "2149092", "2149090", "12158983", "12158982", "12158980"]}, "geometry": {"type": "LineString", "coordinates": [[-73.99394106273111, 40.70977407882819], [-73.99393218224793, 40.70970579437864], [-73.99373154392121, 40.70961227698986], [-73.9936244511685, 40.70963059011348], [-73.99339535320571, 40.70966412048691], [-73.99330697569225, 40.709677749992004], [-73.99321859739133, 40.70969137771372], [-73.99304042867664, 40.70971885244916], [-73.99295275664471, 40.709732373077976], [-73.99286367182042, 40.70974611027433], [-73.99268832983228, 40.7097731477651], [-73.99259853701685, 40.70978699335812], [-73.99250662427364, 40.709801166971], [-73.9924031241823, 40.709814252134045], [-73.9919040024807, 40.709877492329845], [-73.99190907487673, 40.70991405006804], [-73.99188174193141, 40.70996537406431], [-73.99189030478763, 40.710027062639476], [-73.99189659198161, 40.71007237511255], [-73.99191250446694, 40.710187016393384], [-73.99174804752386, 40.71012138716627], [-73.99173754727454, 40.71006175587067], [-73.9917288242731, 40.70999579916681]]}}, {"type": "Feature", "properties": {"cell_id": 58, "tree_count": 19, "tree_ids": ["2110980", "5245732", "303795", "300998", "306192", "300997", "306995", "303794", "2111012", "2110905", "2110906", "2110907", "2110908", "2110909", "13804633", "14157385", "2110990", "2116212", "2116213"]}, "geometry": {"type": "LineString", "coordinates": [[-73.98952959584167, 40.71619460774464], [-73.98925448978666, 40.71625474068447], [-73.98930671280934, 40.71618363852278], [-73.98935839586892, 40.716081191692915], [-73.9894069464936, 40.71599244433666], [-73.98945941384325, 40.71588523194036], [-73.98949014330685, 40.71583484666238], [-73.98954339179802, 40.71573359099946], [-73.98991103782132, 40.71563306606524], [-73.98996267393463, 40.71555888655761], [-73.99007013623455, 40.71559243285044], [-73.99022031685844, 40.71563931478306], [-73.99029240393374, 40.715661817057494], [-73.99037984093324, 40.71568911360883], [-73.99039510354766, 40.7157779519224], [-73.99067470946876, 40.71586465273685], [-73.99075464901382, 40.71580475020828], [-73.9908415090388, 40.715915409317546], [-73.99097682430383, 40.71595658569381]]}}, {"type": "Feature", "properties": {"cell_id": 59, "tree_count": 19, "tree_ids": ["13518610", "2110991", "2116214", "2111032", "15247226", "2110948", "2110949", "2110950", "4609923", "2145852", "10183237", "10183239", "15514087", "10183637", "2145851", "2145850", "2110882", "2110883", "4607135"]}, "geometry": {"type": "LineString", "coordinates": [[-73.99101621680286, 40.715896269800645], [-73.99108717292219, 40.71590534789339], [-73.99108601404959, 40.715989812093476], [-73.99133356430609, 40.715854057407576], [-73.99138289294136, 40.71575969166395], [-73.99149228740895, 40.71576601503707], [-73.9916057150759, 40.71554748894558], [-73.9917522700008, 40.71526514199052], [-73.99168406407928, 40.715191335610264], [-73.99243901969335, 40.71525308703434], [-73.99237110865649, 40.71518333703647], [-73.99216795281662, 40.71528101000612], [-73.99214688463803, 40.71532069781285], [-73.99214681164483, 40.715321513230585], [-73.99232894944353, 40.715470253235054], [-73.99228858293047, 40.71554989892133], [-73.99200156437489, 40.715597884059974], [-73.99188029784543, 40.71583649534527], [-73.99183044954852, 40.71593906981385]]}}, {"type": "Feature", "properties": {"cell_id": 60, "tree_count": 19, "tree_ids": ["2124922", "2124921", "2145847", "2110963", "2110962", "2110961", "2110960", "13824644", "2110953", "2110952", "2110951", "14495876", "15247225", "13884501", "13883298", "13883297", "13883299", "2110969", "2110968"]}, "geometry": {"type": "LineString", "coordinates": [[-73.99199597947295, 40.7159700857997], [-73.99195196871618, 40.71605719285529], [-73.99202119378516, 40.71607744657305], [-73.99230636454732, 40.71635795248916], [-73.99242363277685, 40.71639355008836], [-73.99254090113162, 40.71642914756796], [-73.99265817036321, 40.71646474492797], [-73.99278276812947, 40.71665776664436], [-73.99259208536267, 40.71680266243864], [-73.99252674922367, 40.71693057948428], [-73.99249408181173, 40.716994537706526], [-73.99247235462705, 40.71730981773994], [-73.99236478578447, 40.717266254744025], [-73.99233226165816, 40.717323145169715], [-73.9922992707004, 40.717387142195896], [-73.99228089437544, 40.717436158949326], [-73.99224859693192, 40.71748122745502], [-73.99235874577136, 40.717494778493894], [-73.99240339286183, 40.717406680940556]]}}, {"type": "Feature", "properties": {"cell_id": 61, "tree_count": 24, "tree_ids": ["2112789", "2112790", "2112791", "2112792", "2112793", "2112794", "2112795", "2112796", "2112413", "2112414", "2112482", "2112483", "2112484", "2112485", "2112486", "2111161", "14582138", "2111137", "2111159", "2111158", "2111157", "12988786", "14007370", "2111138"]}, "geometry": {"type": "LineString", "coordinates": [[-73.98666143245545, 40.71299476255642], [-73.9865187700017, 40.7130069910064], [-73.98637467287415, 40.71301934262402], [-73.98625925309926, 40.71302923635145], [-73.98615816899104, 40.713037899404135], [-73.9859925666677, 40.71305209495154], [-73.98587212822858, 40.713062418264535], [-73.98572839008112, 40.71307473766682], [-73.9851684520146, 40.712818969459875], [-73.9851844830289, 40.712919237671414], [-73.98520910651995, 40.71323000847459], [-73.98521811539878, 40.71329110745363], [-73.98522817256065, 40.71335929777186], [-73.98524474669975, 40.71347167672604], [-73.9852630099823, 40.713595511840694], [-73.98547406044368, 40.71370966298763], [-73.98546137974752, 40.71382982189617], [-73.98562955836161, 40.713800023466995], [-73.98569137894069, 40.71369170572604], [-73.9857623840282, 40.713685839024485], [-73.98583482373908, 40.71367985237233], [-73.98611043152374, 40.713588437935954], [-73.98625235975427, 40.713651885266714], [-73.98614376141762, 40.71375721333235]]}}, {"type": "Feature", "properties": {"cell_id": 62, "tree_count": 24, "tree_ids": ["12246722", "15197103", "2111153", "15197102", "2111151", "10202011", "2111071", "13642131", "2111072", "2111073", "2112810", "2112809", "15197111", "2112808", "15840354", "15197112", "14100963", "5000024", "329817", "1180908", "2112806", "2112805", "2116372", "15224555"]}, "geometry": {"type": "LineString", "coordinates": [[-73.98644496817043, 40.71373213462499], [-73.9864853429107, 40.71362609722817], [-73.98659436074756, 40.71361708771502], [-73.9867055293763, 40.713607901081126], [-73.98679589994167, 40.713600432578666], [-73.98680376518985, 40.71371772114089], [-73.98696699862452, 40.71424616691025], [-73.98651564072595, 40.71444491512325], [-73.98643269450287, 40.71429054000716], [-73.98613864871011, 40.714314959085094], [-73.98612613460324, 40.71446316153093], [-73.98598268817305, 40.714475004953485], [-73.9859029196517, 40.71448814890935], [-73.98583708858521, 40.714487025770104], [-73.98566053429035, 40.714499305018855], [-73.98558215364456, 40.714512757139076], [-73.98546590548662, 40.71452849802249], [-73.98537645660156, 40.71453489113765], [-73.98533574337725, 40.71456347722081], [-73.98525488644522, 40.71453582371714], [-73.98511769854267, 40.71454641742513], [-73.98496564381776, 40.71455897096145], [-73.9847808765486, 40.71463110073577], [-73.98474537478208, 40.7146857190705]]}}, {"type": "Feature", "properties": {"cell_id": 63, "tree_count": 24, "tree_ids": ["2116374", "2116375", "15197108", "14076614", "14076618", "14076617", "14076616", "14076619", "2112629", "14076615", "2112627", "2143706", "2143705", "2143704", "13804636", "2112549", "14529207", "14529208", "14529209", "14529210", "5295415", "5295414", "16050478", "16050480"]}, "geometry": {"type": "LineString", "coordinates": [[-73.98467884940867, 40.71478806752363], [-73.98461552189893, 40.71488549523652], [-73.98454995464817, 40.71498636728783], [-73.98478482391043, 40.715254694948605], [-73.98495404932395, 40.715309022283854], [-73.98516605654525, 40.7153705393019], [-73.98537978738821, 40.71543548538346], [-73.98557207922329, 40.715493917009574], [-73.98568531069229, 40.71552832299744], [-73.9857707356014, 40.715554281298054], [-73.98590473719922, 40.71559499972574], [-73.98622504509784, 40.71589892639477], [-73.98632233958249, 40.71592817312701], [-73.98642433164179, 40.715958832167225], [-73.98653502755383, 40.71612909752114], [-73.98651235382064, 40.716178334727836], [-73.98661623309518, 40.716206939250384], [-73.98652930457604, 40.71637132883003], [-73.98641105069711, 40.7165928971558], [-73.98638050586615, 40.7166607977748], [-73.9863530955172, 40.71671082922307], [-73.98632098488469, 40.71677992132307], [-73.98621585987335, 40.71674613679569], [-73.98625817280387, 40.71666170730707]]}}, {"type": "Feature", "properties": {"cell_id": 64, "tree_count": 25, "tree_ids": ["2120928", "2120929", "13846218", "2120927", "14495895", "5917605", "14051565", "13878230", "14495901", "5295834", "14051566", "5295835", "2124587", "6508495", "6508496", "6508497", "2124584", "2124583", "15216652", "14051159", "14051567", "14051160", "14051571", "2142458", "2142457"]}, "geometry": {"type": "LineString", "coordinates": [[-73.98386850020535, 40.71942828620521], [-73.98397682441986, 40.71950057370507], [-73.9838878674009, 40.719645230120406], [-73.9836656849284, 40.71957214589991], [-73.98372677797506, 40.719680513073996], [-73.98370286575064, 40.719746689840406], [-73.98380030581248, 40.71977378350119], [-73.98374844078873, 40.71986061694294], [-73.98373351458498, 40.72004871032262], [-73.9836237530822, 40.72014327058484], [-73.98343399602727, 40.7202414028849], [-73.98336955456078, 40.72038054658852], [-73.98333979101389, 40.72043653422575], [-73.98346034584029, 40.720475863989954], [-73.98338828481947, 40.72061761870042], [-73.98323796216383, 40.720649761485284], [-73.98319459540757, 40.72072730889835], [-73.983166901245, 40.720780958027056], [-73.98326268842733, 40.72085573236135], [-73.98320931544292, 40.720946546372566], [-73.98318102855126, 40.72098392757432], [-73.98307280819103, 40.720976028538416], [-73.9831027596305, 40.7209040990994], [-73.9820782823298, 40.721084142749355], [-73.98199289312971, 40.72105810110725]]}}, {"type": "Feature", "properties": {"cell_id": 65, "tree_count": 24, "tree_ids": ["2142456", "2142455", "6523302", "6523300", "6523299", "6523298", "6523301", "6523303", "2124637", "2124646", "2124647", "2124648", "2144193", "2144194", "2144197", "2144198", "14177850", "2144201", "14051585", "2144202", "2144204", "14051578", "2144205", "14051168"]}, "geometry": {"type": "LineString", "coordinates": [[-73.98192458302049, 40.72103726683321], [-73.98180604220514, 40.721001115699586], [-73.9820095980876, 40.720906618192565], [-73.98191727613617, 40.72087941174685], [-73.98180410222618, 40.720861265355865], [-73.98169887119518, 40.72084538682984], [-73.98158173257222, 40.720809111601156], [-73.98147749816887, 40.720777370041134], [-73.98174663077585, 40.72068172386682], [-73.98152122560003, 40.72045805981693], [-73.98158497542217, 40.720331147226986], [-73.98166276153283, 40.720176287754626], [-73.98154526653971, 40.720158354281516], [-73.9815661565178, 40.72011741439928], [-73.98167060602202, 40.71991271893075], [-73.98169280277413, 40.71986922145972], [-73.9817776687283, 40.719702906514925], [-73.9818103094249, 40.71963893934277], [-73.98153110599141, 40.7192965816555], [-73.98142214857546, 40.71934153986776], [-73.981217871216, 40.7192792761655], [-73.98121354750366, 40.71919387970314], [-73.98106382947438, 40.71923232355139], [-73.98068071597292, 40.71903534856721]]}}, {"type": "Feature", "properties": {"cell_id": 66, "tree_count": 20, "tree_ids": ["2120988", "2120989", "2120990", "2120991", "2120992", "2121009", "2121008", "2120999", "2121000", "2121001", "2121002", "2121003", "2121004", "1951662", "2122369", "2122368", "2122367", "2122382", "15218033", "15218032"]}, "geometry": {"type": "LineString", "coordinates": [[-73.97555074246856, 40.71740891750032], [-73.97547104181619, 40.717647265238035], [-73.9754438412231, 40.717741076482476], [-73.97537746971146, 40.71796997472011], [-73.97535139437808, 40.71806458501885], [-73.97619412504828, 40.71795998400779], [-73.9762909413382, 40.71799013973528], [-73.97636541869979, 40.71785081044631], [-73.97645092820406, 40.71787585846448], [-73.97653509264372, 40.7179005133011], [-73.9766192556427, 40.71792516750399], [-73.97670880598965, 40.71795139982861], [-73.97678960253069, 40.717975067971246], [-73.97652952520038, 40.71860903532685], [-73.97649561282842, 40.718677235687416], [-73.97645921396834, 40.71874833696865], [-73.97641836499464, 40.71882813478342], [-73.97684466966624, 40.71936661047195], [-73.97676838924251, 40.71935319781984], [-73.9767091096049, 40.71959021354444]]}}, {"type": "Feature", "properties": {"cell_id": 67, "tree_count": 19, "tree_ids": ["10536436", "15192702", "2122377", "2122378", "2120860", "2120861", "14051169", "2122379", "2149023", "2149024", "2149025", "2122381", "2149026", "2149027", "15188110", "15936544", "15937142", "15936542", "2149030"]}, "geometry": {"type": "LineString", "coordinates": [[-73.97668424376812, 40.71966413574543], [-73.97662508153198, 40.71974048752809], [-73.97669022096655, 40.719928464137254], [-73.97676903162439, 40.71996182717557], [-73.9770019653705, 40.72027794839801], [-73.97706195680594, 40.72030373708474], [-73.97765687411648, 40.71963158706043], [-73.9777313453832, 40.719658149029726], [-73.9777740670038, 40.719521831949606], [-73.97765897015012, 40.71947488801101], [-73.97755214102227, 40.719431313046044], [-73.97741332933782, 40.71952284935553], [-73.97725430896725, 40.719319927147694], [-73.97704265916725, 40.719270243876494], [-73.97698982360167, 40.71926384432932], [-73.97691590033689, 40.719245587745306], [-73.97679318352813, 40.71922083565084], [-73.97667532926272, 40.71919649726828], [-73.9765582039, 40.71917058182034]]}}, {"type": "Feature", "properties": {"cell_id": 68, "tree_count": 19, "tree_ids": ["14051588", "14051576", "2146786", "15218031", "15936546", "2149032", "2149031", "15936547", "15936545", "2122349", "2122350", "2122351", "2122352", "2121021", "2120995", "17042426", "2147470", "2147469", "15218030"]}, "geometry": {"type": "LineString", "coordinates": [[-73.97631461794194, 40.719248830805626], [-73.97591294948882, 40.71917696114548], [-73.97572138957214, 40.719137627388925], [-73.97554128725223, 40.71910895227706], [-73.97566567562015, 40.71898959074308], [-73.9757768775238, 40.71900864567019], [-73.97588482154494, 40.71902337795476], [-73.97599916536853, 40.71904581566944], [-73.97611404251661, 40.71906925636203], [-73.97613246954432, 40.718929905880216], [-73.97600510621095, 40.71888362849105], [-73.97586353146532, 40.71885507512679], [-73.9757059175511, 40.718823286822236], [-73.97565320087298, 40.71865940324006], [-73.97525996210413, 40.71870361125364], [-73.97518746329982, 40.71888744251355], [-73.9752577781673, 40.71889976503399], [-73.97532798844149, 40.718928742461735], [-73.97531804844327, 40.71907458484767]]}}, {"type": "Feature", "properties": {"cell_id": 69, "tree_count": 19, "tree_ids": ["2121581", "4986565", "2121580", "2121579", "2121591", "2121590", "2121589", "2121588", "2121587", "2121586", "2121585", "14177845", "2114421", "2114422", "2116846", "2116845", "2116844", "2121572", "2116840"]}, "geometry": {"type": "LineString", "coordinates": [[-73.97818279530048, 40.72513581296697], [-73.97822495042006, 40.72508263955856], [-73.97829376889996, 40.72498490431032], [-73.9783677495172, 40.724884298287186], [-73.9782430510801, 40.724776502463826], [-73.97819855402565, 40.724836819812396], [-73.97811750864562, 40.7249466839384], [-73.97807724941845, 40.72500125692384], [-73.97803240014427, 40.72506205447184], [-73.97798349018204, 40.72512835503573], [-73.97779913204472, 40.72538465423195], [-73.97773600081813, 40.725471006970785], [-73.97791608213859, 40.72550664172309], [-73.9779889121533, 40.725406804261645], [-73.97815459079409, 40.725409994000735], [-73.97823065361676, 40.72544204372591], [-73.97830482190923, 40.72547329649231], [-73.97896864540131, 40.72564258761696], [-73.97882210353303, 40.7256912596097]]}}, {"type": "Feature", "properties": {"cell_id": 70, "tree_count": 19, "tree_ids": ["6083043", "2121573", "2121574", "2121575", "11142865", "2116843", "2116842", "2110159", "13862675", "2110161", "12400955", "2121966", "2121965", "2121964", "2121963", "2121962", "2110157", "3206534", "2110163"]}, "geometry": {"type": "LineString", "coordinates": [[-73.97875771895745, 40.725664130693154], [-73.97881081226453, 40.72557613327014], [-73.97874136473195, 40.72554689280826], [-73.97866876233446, 40.725516325087355], [-73.97858984640158, 40.725483097735], [-73.978510597388, 40.72556000307538], [-73.9785759279398, 40.725587530868175], [-73.97828404366402, 40.72611959880244], [-73.97821268463238, 40.726089585700564], [-73.97805481058352, 40.7260231874962], [-73.97797877381615, 40.72610160612456], [-73.97809805358578, 40.72615190424475], [-73.97817883536062, 40.72618596829185], [-73.97825772409814, 40.726219233086], [-73.97833124919337, 40.726250237538714], [-73.97839215303287, 40.72627591760731], [-73.97845833625196, 40.726192903399806], [-73.97785301460128, 40.72605057012454], [-73.97782115916283, 40.725924915308354]]}}, {"type": "Feature", "properties": {"cell_id": 71, "tree_count": 19, "tree_ids": ["2114420", "2121583", "2121582", "10162577", "2114424", "2114426", "2114427", "2114428", "16293533", "13869942", "2114431", "12400956", "2114433", "2144747", "2144746", "2114434", "2114435", "2144745", "15208691"]}, "geometry": {"type": "LineString", "coordinates": [[-73.97780158414969, 40.72566359694076], [-73.97762376603679, 40.72562452292625], [-73.97756764807589, 40.72570128229125], [-73.97718263432974, 40.72564793318983], [-73.97709006524059, 40.72560910051181], [-73.97680919847114, 40.725491275332736], [-73.97676401999465, 40.725472322253474], [-73.97667366387005, 40.725434417185426], [-73.97650669060295, 40.725528100684215], [-73.97638716640206, 40.7254699188329], [-73.97643576511983, 40.72533461626129], [-73.97631937357872, 40.725290644244275], [-73.97619249749995, 40.72523256188957], [-73.97595671236643, 40.7252887272397], [-73.97587753355623, 40.725255292687194], [-73.9759249033771, 40.72512030228577], [-73.97580706163654, 40.72507086451997], [-73.97543464802179, 40.725068272499314], [-73.97532550406831, 40.72502218184041]]}}, {"type": "Feature", "properties": {"cell_id": 72, "tree_count": 27, "tree_ids": ["2121491", "2121492", "2128135", "2128134", "2128136", "2128137", "2128138", "2128133", "15389721", "243847", "2128131", "5464945", "2128128", "2128140", "2128141", "2128142", "2128143", "2122060", "2122061", "2122062", "15971232", "10197177", "15218051", "2128198", "2128197", "2128196", "2128169"]}, "geometry": {"type": "LineString", "coordinates": [[-73.98744553772822, 40.728719130856895], [-73.9873308138356, 40.72887630760094], [-73.98698574264725, 40.72901434977678], [-73.98681530597686, 40.72906607360859], [-73.98682107724281, 40.728944806955525], [-73.98674915517829, 40.72891443198101], [-73.98666461446082, 40.72887872781532], [-73.98655967357392, 40.728958323254176], [-73.98641260605982, 40.728896332838595], [-73.98633946440104, 40.72886533760667], [-73.98614908613494, 40.72878525605343], [-73.98606163258513, 40.728756027574164], [-73.98563908764625, 40.72857028261928], [-73.98558294171275, 40.72842189638164], [-73.98533563320937, 40.72831744491079], [-73.98523658375755, 40.72827561074877], [-73.98510283495133, 40.72821912188158], [-73.98510099302483, 40.728089586880834], [-73.98515820158654, 40.72801015130465], [-73.98525788202575, 40.72787173976454], [-73.98530295474482, 40.727809153647655], [-73.9853048033666, 40.727708963989706], [-73.98552297464367, 40.727740356185386], [-73.98556696706264, 40.72764576082331], [-73.98565534400794, 40.727682991906214], [-73.98578380630913, 40.72773710870006], [-73.98570151186449, 40.72781436454274]]}}, {"type": "Feature", "properties": {"cell_id": 73, "tree_count": 26, "tree_ids": ["15218050", "2116803", "10196372", "2116909", "2116908", "2116907", "6077838", "5247734", "2119516", "2119517", "2119518", "2114624", "2114623", "2114557", "2114622", "2114621", "2114556", "2114620", "1903247", "6078238", "2114586", "2114585", "2114584", "2114583", "2114582", "2114581"]}, "geometry": {"type": "LineString", "coordinates": [[-73.98577024731433, 40.72784555691941], [-73.98486374779667, 40.727983719284644], [-73.9848896881155, 40.72831945153971], [-73.98477253400621, 40.728539144676645], [-73.98470667473487, 40.72862999766354], [-73.98466032801709, 40.728693930588086], [-73.98457436365625, 40.72871940816551], [-73.98429375490919, 40.72919060992598], [-73.98464053566333, 40.72958506780036], [-73.98472063344244, 40.72961894359404], [-73.98478275739912, 40.72964521627228], [-73.98522545537736, 40.729157133999685], [-73.985103111885, 40.72910537158542], [-73.98502499669338, 40.72896108851123], [-73.9848786059041, 40.7290103846364], [-73.9847985170469, 40.72897649865806], [-73.98481438985488, 40.7288719381353], [-73.98464527305721, 40.72891166263182], [-73.98446963943636, 40.72894983121126], [-73.98444591280989, 40.728895703139095], [-73.98420994392133, 40.72888360153071], [-73.984141041542, 40.728977564495885], [-73.98405983459466, 40.7290883070384], [-73.9839930416779, 40.72917939392912], [-73.98380755562867, 40.72923577158162], [-73.98368325591038, 40.72918329660671]]}}, {"type": "Feature", "properties": {"cell_id": 74, "tree_count": 24, "tree_ids": ["2122291", "2122290", "2122289", "2122288", "2122287", "2122286", "2122285", "2122284", "2122283", "2122282", "2122274", "2122273", "2122272", "2122271", "2122270", "2122269", "2122268", "2122267", "2122266", "2122265", "6477338", "2122264", "6477337", "13852129"]}, "geometry": {"type": "LineString", "coordinates": [[-73.97859107964088, 40.72234381845711], [-73.9785071610778, 40.72230840458897], [-73.97841598543955, 40.7222699294655], [-73.9783456329927, 40.72224024084281], [-73.97824152287902, 40.722196306224625], [-73.9781847357388, 40.722172341743736], [-73.97810523336001, 40.72213879199499], [-73.97803456481309, 40.7221089698864], [-73.9779813301325, 40.72208415339192], [-73.97790385223875, 40.72205215239205], [-73.97782984614012, 40.72214406927449], [-73.97790875097311, 40.72217730573882], [-73.97798954963943, 40.722211340778195], [-73.97806877025751, 40.72224471099987], [-73.9781473597021, 40.72227781514858], [-73.9782333984801, 40.722314939435726], [-73.97832889957382, 40.72235784315607], [-73.97843379690504, 40.72239717636874], [-73.97854346588008, 40.72244466287889], [-73.97862363318637, 40.72247843145583], [-73.97867646632697, 40.72250086478425], [-73.97870758962142, 40.72251379492465], [-73.97877362870776, 40.72254234059605], [-73.9791340636314, 40.72257856638366]]}}, {"type": "Feature", "properties": {"cell_id": 75, "tree_count": 23, "tree_ids": ["2122263", "2122262", "2122261", "2122260", "2122259", "10164968", "10164124", "2122292", "2110040", "2110041", "2122293", "2122294", "2110042", "6477339", "2142277", "2142316", "11119730", "14051556", "2142282", "2142281", "2142280", "2142319", "2142320"]}, "geometry": {"type": "LineString", "coordinates": [[-73.97905351265563, 40.72265950382671], [-73.9791358898917, 40.722694202234756], [-73.97927918396718, 40.72275455846889], [-73.97937450382551, 40.72279470795097], [-73.97945404146225, 40.72282820993672], [-73.9795228358813, 40.72274397012515], [-73.97959877071736, 40.72277138429725], [-73.9797256846263, 40.72268217119585], [-73.97990524552935, 40.72277713299526], [-73.9799766764776, 40.72267858975101], [-73.97986870916064, 40.722521822927916], [-73.97995217767506, 40.722427583636446], [-73.98013382397023, 40.72246179536802], [-73.97996521713229, 40.722247570931415], [-73.97989653369571, 40.72221660666239], [-73.97934568079852, 40.72187273502984], [-73.9791739182052, 40.72191137716432], [-73.97927358940622, 40.7219534780158], [-73.97936758319668, 40.721993181246205], [-73.97947860897831, 40.72204007813195], [-73.97955304684005, 40.72207152000312], [-73.97956898858244, 40.721967067047686], [-73.97967118138276, 40.72201023559871]]}}, {"type": "Feature", "properties": {"cell_id": 76, "tree_count": 23, "tree_ids": ["2142321", "2142322", "2142278", "2142279", "16504659", "2142286", "2142315", "1110098", "2142314", "2142313", "2142312", "2142311", "2142310", "2142309", "15971227", "10162199", "2142290", "2142291", "2142308", "2142307", "2142292", "2122870", "2122871"]}, "geometry": {"type": "LineString", "coordinates": [[-73.97975066559852, 40.72204381113915], [-73.97982951713333, 40.72207712118707], [-73.97974670975604, 40.722153322873176], [-73.9796874128702, 40.722128275655926], [-73.97901211237013, 40.72184302959991], [-73.97893231238808, 40.7218093219711], [-73.97899936380342, 40.72172644022546], [-73.97876855149534, 40.72175487190487], [-73.97883819210203, 40.721658354997984], [-73.97877889449522, 40.721633306167234], [-73.97869278916232, 40.72159693193411], [-73.97855590381998, 40.721539105906565], [-73.97843447297628, 40.721487808275214], [-73.97826794060397, 40.721417456816944], [-73.97826648178149, 40.72152806860003], [-73.97819456786102, 40.721497691682], [-73.97813495576739, 40.72147251151157], [-73.97805105734216, 40.72143707100645], [-73.97813578657046, 40.72136162970875], [-73.97804116541667, 40.721321657163585], [-73.97793498662872, 40.72138803943879], [-73.97778453115565, 40.72143123530925], [-73.9776968805389, 40.72154107161052]]}}, {"type": "Feature", "properties": {"cell_id": 77, "tree_count": 23, "tree_ids": ["2122872", "2122873", "2122874", "2122280", "2122281", "10164539", "2122276", "2122277", "2122278", "2110166", "2110165", "2110164", "2110122", "11537349", "15208694", "2121634", "2121635", "2110121", "2110120", "2110119", "2121636", "4599733", "2146579"]}, "geometry": {"type": "LineString", "coordinates": [[-73.9776198384499, 40.72164822862003], [-73.97756893886137, 40.72171902605259], [-73.97751059568321, 40.72180017660992], [-73.97749698378281, 40.72188210556416], [-73.97756954333472, 40.72191272721125], [-73.97768599882012, 40.721957079405065], [-73.97767077421254, 40.72207706299771], [-73.97756914542707, 40.72203425303081], [-73.97748834719016, 40.72200021769557], [-73.97734064626339, 40.722029774930874], [-73.97728539338573, 40.72210564003162], [-73.97722664157311, 40.72218630774034], [-73.97716179645363, 40.72253669474812], [-73.97704540943472, 40.722612408060805], [-73.97718110685653, 40.72266960377399], [-73.97730134180145, 40.72272028033784], [-73.97738497018099, 40.72275552862496], [-73.97738093104515, 40.72262939990157], [-73.97753101379276, 40.7226928926728], [-73.977734698677, 40.72277906103848], [-73.9776380622417, 40.722862202764375], [-73.97736769995724, 40.72339055188713], [-73.97746007164017, 40.72343107405715]]}}, {"type": "Feature", "properties": {"cell_id": 78, "tree_count": 23, "tree_ids": ["10162190", "2146578", "2146577", "4600662", "2110274", "2110273", "10361882", "2110271", "2110270", "2110269", "2110268", "5244534", "2146580", "15384790", "2146582", "2146583", "2146584", "2146585", "2146586", "2110265", "2110266", "12163047", "5929996"]}, "geometry": {"type": "LineString", "coordinates": [[-73.97750153688025, 40.723451826247015], [-73.97759314871652, 40.72348828248876], [-73.97767143118874, 40.72351927114595], [-73.9777449453213, 40.723555361790545], [-73.97768997557539, 40.72363847786003], [-73.97764739158676, 40.723620495439555], [-73.97753446540807, 40.72357280902509], [-73.97747547695545, 40.72354789911525], [-73.97737390545717, 40.72350500779703], [-73.97728968473528, 40.72346944145433], [-73.97719379105673, 40.72342894646965], [-73.97710125109542, 40.72339304096407], [-73.97722836059631, 40.7233297680521], [-73.97714293637318, 40.723291211864215], [-73.97705614485822, 40.723251107982975], [-73.97695124493568, 40.723217730787844], [-73.97684791402348, 40.72317482321205], [-73.97677024766325, 40.72313374141359], [-73.97664294853338, 40.72308381881733], [-73.97662537298508, 40.72318890803368], [-73.97673892986997, 40.72323686365569], [-73.97684775474542, 40.72328281968703], [-73.97695343014756, 40.7233385949283]]}}, {"type": "Feature", "properties": {"cell_id": 79, "tree_count": 21, "tree_ids": ["2120846", "15936510", "2120848", "2120849", "2120850", "2120851", "2120852", "2120853", "2120854", "2120855", "2120856", "2120857", "2120858", "2120859", "2120829", "2120830", "2120831", "2120832", "2120833", "2120834", "2120835"]}, "geometry": {"type": "LineString", "coordinates": [[-73.98113728675776, 40.723532625642235], [-73.98105902427218, 40.723499637959165], [-73.98082960085723, 40.723402932474684], [-73.98076143679974, 40.723374200644464], [-73.98068475211744, 40.72334187743002], [-73.98050676863942, 40.723266854928625], [-73.9804262973299, 40.72323293436613], [-73.98034992860777, 40.72320074421687], [-73.98027545452061, 40.72316935146484], [-73.98019340527341, 40.72313476658045], [-73.98011388118523, 40.72310124623912], [-73.98002268097756, 40.72306280269493], [-73.97991980393851, 40.7230194382072], [-73.9798399659959, 40.72298578381444], [-73.9800174100329, 40.722949816101334], [-73.98011360683716, 40.722990459750854], [-73.98018993384845, 40.7230227089486], [-73.98037065552391, 40.72309906476056], [-73.98045013687924, 40.72313264610252], [-73.98053150987201, 40.723167025976394], [-73.98061067500235, 40.72320047334677]]}}, {"type": "Feature", "properties": {"cell_id": 80, "tree_count": 21, "tree_ids": ["2120836", "2120837", "2120838", "2120839", "2120840", "2120841", "2120842", "2120843", "2120844", "2120845", "4600496", "2114788", "2122337", "10164128", "2110128", "2110129", "2110130", "2110131", "4613393", "2122336", "4684626"]}, "geometry": {"type": "LineString", "coordinates": [[-73.98068668535569, 40.72323258835394], [-73.98076585214498, 40.72326603561758], [-73.98084564803209, 40.72329974940151], [-73.98092607602547, 40.72333372913311], [-73.9810049266659, 40.72336704408798], [-73.98108503768094, 40.723400890420805], [-73.98116294231852, 40.72343380483454], [-73.98125819360546, 40.723474047092964], [-73.98133925179292, 40.72350829482338], [-73.98152407866087, 40.723586382113155], [-73.9813061680437, 40.72396976272566], [-73.98187432046997, 40.724642880135356], [-73.98164389505656, 40.72518828181214], [-73.98149518320969, 40.72512317066409], [-73.98135739918574, 40.72518834557205], [-73.98144829644812, 40.72522664275514], [-73.9815597078893, 40.72527358342049], [-73.98166954199958, 40.72531985926667], [-73.98178309039157, 40.725373197055106], [-73.98183141782847, 40.72526616430652], [-73.98189366187498, 40.72529330546471]]}}, {"type": "Feature", "properties": {"cell_id": 81, "tree_count": 21, "tree_ids": ["2110133", "2110134", "2122335", "10164127", "2122334", "2110135", "2110136", "11775832", "2122332", "15384794", "15840229", "2110061", "2114778", "2110062", "10164538", "2114777", "13826739", "13826738", "13826737", "2110065", "13827539"]}, "geometry": {"type": "LineString", "coordinates": [[-73.98192487298175, 40.72542743750303], [-73.98201640144342, 40.725465999661886], [-73.98206354245087, 40.72536473691211], [-73.98219192674924, 40.72541872276872], [-73.9823120472406, 40.72546922880472], [-73.98223228253147, 40.725556956116264], [-73.98242985870927, 40.72564019774914], [-73.98244719437722, 40.725526056238216], [-73.98257476161106, 40.725579696732], [-73.98299983225203, 40.725126455622046], [-73.98306499384071, 40.725144213511136], [-73.98312730128276, 40.7250590551275], [-73.98330426730811, 40.72524495702905], [-73.98334626764434, 40.72515143493684], [-73.98343116732288, 40.7251924801624], [-73.98350881906197, 40.72533108039213], [-73.98358976715296, 40.72537149478319], [-73.98365021122515, 40.72540428150074], [-73.98370579539072, 40.72542751974669], [-73.98376022315227, 40.725326078352005], [-73.98414013086354, 40.72539143765875]]}}, {"type": "Feature", "properties": {"cell_id": 82, "tree_count": 21, "tree_ids": ["14051564", "2118798", "2118629", "2118630", "2118799", "2118800", "2118631", "14051562", "2118801", "2118802", "2118632", "2118803", "2118804", "10089536", "16484616", "2118633", "2118634", "14051563", "2118635", "2118806", "2118805"]}, "geometry": {"type": "LineString", "coordinates": [[-73.98416860522961, 40.72549754130833], [-73.98417825522387, 40.725612375266316], [-73.98430280282625, 40.72555591893602], [-73.98435960632771, 40.72557986495061], [-73.98431077449294, 40.72566828008447], [-73.98448431114441, 40.725741486828056], [-73.98462532168702, 40.72569187596141], [-73.98462305435761, 40.725801114129155], [-73.98465784892825, 40.72581469559679], [-73.98472915718526, 40.72584477732001], [-73.98482918355414, 40.72577781446903], [-73.98486798826353, 40.72590334245887], [-73.98495317961859, 40.72593928020451], [-73.98515621044318, 40.726039431287695], [-73.98525705641727, 40.72607232586017], [-73.98537829068827, 40.72600928567562], [-73.98547296425106, 40.726049194416326], [-73.9855746069089, 40.726093540165635], [-73.98564653249363, 40.7261223593805], [-73.98556214430768, 40.72619616906586], [-73.98546496174825, 40.72615517475995]]}}, {"type": "Feature", "properties": {"cell_id": 83, "tree_count": 26, "tree_ids": ["2110920", "2123335", "2111048", "3929219", "5243335", "2123333", "2123334", "15208616", "15208617", "2110919", "2110918", "2110917", "4609909", "15208615", "15208614", "4610005", "4609718", "16153935", "15208612", "15208611", "17665923", "15208610", "17666411", "15216538", "15216540", "14195420"]}, "geometry": {"type": "LineString", "coordinates": [[-73.9929508073392, 40.71632689961897], [-73.99301486891491, 40.716486502194414], [-73.9930229386271, 40.71657472843223], [-73.99311114514575, 40.71660308883424], [-73.99321137822314, 40.71663417233758], [-73.99327417429527, 40.71656378492801], [-73.99317333471309, 40.716526303292284], [-73.99291546628567, 40.716161340357814], [-73.99288585337797, 40.716222490652534], [-73.99300443230848, 40.716222610568565], [-73.99305740014304, 40.7161196006249], [-73.99311583176413, 40.71600577605374], [-73.99316513007595, 40.71592710042829], [-73.9930959996487, 40.71582567568222], [-73.99311088684726, 40.71577926438663], [-73.99325900942507, 40.71575115193823], [-73.99330285691946, 40.71566180681826], [-73.99318209299128, 40.715652591629315], [-73.99324736956456, 40.715538915492246], [-73.99326161313299, 40.715494091524306], [-73.99363313538626, 40.71535351401388], [-73.99369564519579, 40.715360316455254], [-73.99379315453503, 40.71539295524439], [-73.99430828077924, 40.71534957575956], [-73.99445935333269, 40.71505653530287], [-73.99465855636294, 40.71526292786428]]}}, {"type": "Feature", "properties": {"cell_id": 84, "tree_count": 25, "tree_ids": ["14195419", "14195418", "14195421", "14195422", "14195423", "3892015", "14209091", "5930795", "15216535", "2145219", "2112812", "14495877", "2145217", "2145216", "15197082", "13842563", "13841752", "13842562", "13841753", "15197081", "15197080", "2116181", "15840302", "13841751", "2116157"]}, "geometry": {"type": "LineString", "coordinates": [[-73.99467606048994, 40.715321743753655], [-73.99462506442656, 40.71535443834745], [-73.99468827078326, 40.71537332466376], [-73.99471274379734, 40.715441560543994], [-73.99468229897236, 40.71556488753329], [-73.99457346540218, 40.71577719998861], [-73.9947075494696, 40.716007334395705], [-73.99486930003597, 40.716047384915704], [-73.99499783307274, 40.71611140696583], [-73.99503571921241, 40.71603780156118], [-73.99516847846111, 40.715953345779475], [-73.9952195320494, 40.71597000975125], [-73.99492942735166, 40.71624430584976], [-73.9948315539839, 40.71643445392798], [-73.99568260317336, 40.71630721959341], [-73.99571163620087, 40.71628389135809], [-73.99572581891694, 40.716309128814515], [-73.99574283909227, 40.71633941273052], [-73.99575844130901, 40.71636717312748], [-73.99579385617638, 40.71639368195086], [-73.99583101969768, 40.716326994200905], [-73.99578386553597, 40.71631946211898], [-73.99580127997118, 40.71628327080123], [-73.99576483252268, 40.716269189988544], [-73.99569177936431, 40.71624855925915]]}}, {"type": "Feature", "properties": {"cell_id": 85, "tree_count": 25, "tree_ids": ["2116265", "2116266", "2116280", "2116267", "2116282", "2116281", "14582151", "2122892", "2122891", "13852126", "13852127", "13852128", "15936507", "14529219", "4605072", "14582155", "15936551", "15936550", "15936508", "14529510", "14529230", "14529231", "14529233", "14529234", "14529235"]}, "geometry": {"type": "LineString", "coordinates": [[-73.99608387391734, 40.71583591966973], [-73.99604379225656, 40.715835077144526], [-73.99600130756737, 40.71582856601936], [-73.996013261565, 40.71586159162276], [-73.99605604845081, 40.71586705231108], [-73.99604129221565, 40.71589371200771], [-73.9962450411618, 40.71596578595445], [-73.99626696278396, 40.71591813476407], [-73.99629440183809, 40.71587442419387], [-73.99632493487864, 40.715830644524935], [-73.99634764072718, 40.71578775836225], [-73.99637425807086, 40.71574755303433], [-73.99639821238213, 40.71570011345688], [-73.99643062747651, 40.71564897442802], [-73.99645959493961, 40.71560459997535], [-73.99648543100206, 40.715556053955], [-73.99650348802811, 40.71552232482609], [-73.9965410171324, 40.715469388673704], [-73.99656608863856, 40.7154237686408], [-73.99659192414205, 40.71538326531642], [-73.99661854382427, 40.715335316273475], [-73.99664907644991, 40.71529064332444], [-73.996674128243, 40.715245672859744], [-73.99671823972379, 40.71518980966453], [-73.99675660187697, 40.71512190651075]]}}, {"type": "Feature", "properties": {"cell_id": 86, "tree_count": 22, "tree_ids": ["2110056", "14051558", "11537347", "2110054", "11537809", "2114786", "2114785", "11537808", "2114783", "4600138", "2110058", "14051523", "2114781", "2114780", "2110060", "2110059", "15936570", "4606812", "6544542", "2122345", "11331381", "2146870"]}, "geometry": {"type": "LineString", "coordinates": [[-73.98242213142345, 40.72476154545285], [-73.98234105961687, 40.72472829460707], [-73.9822429209687, 40.72468593591223], [-73.98218234402229, 40.72466037686506], [-73.98203972618984, 40.72471252396851], [-73.98213568631573, 40.72475292971786], [-73.98224490596803, 40.724798916723664], [-73.98235222888287, 40.7248441050679], [-73.98246144808245, 40.7248900918676], [-73.98258493463413, 40.72483023258553], [-73.982656870694, 40.72486058216159], [-73.9826533702255, 40.72497090029398], [-73.98276006465149, 40.7250158239794], [-73.98282509055062, 40.7250432035022], [-73.98291369779712, 40.72496893783403], [-73.9828455477809, 40.72494018494504], [-73.98301655450882, 40.72433878533365], [-73.9831077105187, 40.72437551959663], [-73.98313670699922, 40.724266519803116], [-73.98306891624401, 40.72423138782203], [-73.98300329061692, 40.72420352972812], [-73.9828108910189, 40.724243986340326]]}}, {"type": "Feature", "properties": {"cell_id": 87, "tree_count": 21, "tree_ids": ["13734225", "4614134", "4612819", "2122340", "2122339", "6544543", "10089495", "2146875", "10164125", "14022436", "4607110", "6544544", "2123394", "2123393", "14051555", "5277799", "4607103", "5279398", "2122308", "16159702", "2122306"]}, "geometry": {"type": "LineString", "coordinates": [[-73.9826612467623, 40.72418414991623], [-73.98263016317446, 40.72404754664867], [-73.98256185437198, 40.72402073662379], [-73.98248146757581, 40.723983829159295], [-73.98239279219236, 40.72394644975975], [-73.98229636975032, 40.72390444761494], [-73.98217377320613, 40.723983441124716], [-73.98231988866543, 40.72403695955328], [-73.98238839365105, 40.72407195313232], [-73.98196273234501, 40.72414826812387], [-73.98208868094109, 40.723744706045224], [-73.98224799123335, 40.723766751108975], [-73.98229241883107, 40.723699596586194], [-73.98234134625382, 40.72363235982134], [-73.98240211333437, 40.72356646177109], [-73.98220277198165, 40.723583850050446], [-73.98228364969191, 40.723479399326436], [-73.98230850904595, 40.72342601875145], [-73.98229897750542, 40.72324923200231], [-73.98222069446996, 40.72321348147632], [-73.9821110999224, 40.7231598553744]]}}, {"type": "Feature", "properties": {"cell_id": 88, "tree_count": 21, "tree_ids": ["2122305", "6582164", "6582163", "4600465", "6582154", "2110179", "2110178", "6582165", "5503084", "13878233", "16502141", "2143987", "2110066", "2110067", "10665974", "2143985", "2143984", "2110068", "2110069", "282188", "14177509"]}, "geometry": {"type": "LineString", "coordinates": [[-73.98204847335113, 40.72313125554145], [-73.9819795844643, 40.723102653550754], [-73.981904432518, 40.723074050534535], [-73.98197662165812, 40.72299419397276], [-73.98206273365143, 40.723027563092664], [-73.98220398546354, 40.72307858547528], [-73.98230181461254, 40.72311981881449], [-73.98242334575231, 40.72317246416335], [-73.98259692643504, 40.72306725708037], [-73.98268011151514, 40.723172228026655], [-73.98268731386287, 40.72340190130631], [-73.98278309046836, 40.723434107103486], [-73.9828493849252, 40.723353918030476], [-73.98298040158352, 40.72340904820801], [-73.98291565385917, 40.72348994607598], [-73.9830466400127, 40.7235451196312], [-73.98310976472469, 40.72357170960111], [-73.98314930001645, 40.72348012168042], [-73.98322948819462, 40.72351386474699], [-73.98323462151542, 40.72362508822889], [-73.98335586531965, 40.723682244243385]]}}, {"type": "Feature", "properties": {"cell_id": 89, "tree_count": 21, "tree_ids": ["5470976", "2143981", "2143980", "164924", "2110072", "2110071", "2110070", "16501136", "2144756", "2146566", "2146567", "2146568", "4600755", "2144758", "2144759", "2144760", "2144761", "2144762", "6544548", "11142875", "2146569"]}, "geometry": {"type": "LineString", "coordinates": [[-73.98349150322196, 40.72373425177084], [-73.98355795501081, 40.72376049601744], [-73.98362108088278, 40.723787083990864], [-73.98370419525536, 40.72382878293623], [-73.98381732563364, 40.72376122124069], [-73.98370304049779, 40.723713132404214], [-73.98363674318539, 40.72368523454661], [-73.9840664096355, 40.723183773789984], [-73.98416669530998, 40.723226175836885], [-73.98422458642848, 40.7231397393461], [-73.98414126508067, 40.72310463559684], [-73.98404342504237, 40.72306341525562], [-73.98396955168708, 40.72303397089503], [-73.983924283396, 40.723124091000514], [-73.98385817387286, 40.723095588875694], [-73.98377519328908, 40.72306341150732], [-73.98368751475599, 40.72302408732159], [-73.98357960140805, 40.72297969267521], [-73.98352878466464, 40.72296183419646], [-73.98360944090521, 40.72288761944254], [-73.98368962881459, 40.722914357339995]]}}, {"type": "Feature", "properties": {"cell_id": 90, "tree_count": 23, "tree_ids": ["2117734", "201518", "2117747", "12777698", "2117749", "2117750", "2117732", "2117731", "2117751", "2117752", "2117730", "11537352", "2117754", "2117755", "10202005", "2118038", "11186239", "13827543", "15396583", "5785969", "5787933", "11798532", "1856816"]}, "geometry": {"type": "LineString", "coordinates": [[-73.98816607434853, 40.73028682800547], [-73.9882506204344, 40.730323831389974], [-73.98815088850832, 40.73038989486389], [-73.9882039025258, 40.73041225290753], [-73.98826385864764, 40.730437537086125], [-73.98834590528554, 40.73047213848428], [-73.98838877866183, 40.730380893998976], [-73.98852757579105, 40.73043951930034], [-73.9885339812027, 40.730551455059135], [-73.98862612558499, 40.730590313919976], [-73.988661325942, 40.730496012749015], [-73.98875659034798, 40.73053625048058], [-73.9888226544374, 40.73081593030775], [-73.988779089263, 40.73087475932434], [-73.98862118546754, 40.731096648696614], [-73.98837678265981, 40.731155649098696], [-73.98828487198074, 40.7312375861595], [-73.98820847374719, 40.731205425844735], [-73.98812954782456, 40.73117220105418], [-73.98804999135577, 40.73113871138945], [-73.9879388669384, 40.73109193203782], [-73.98777785959012, 40.73102415334985], [-73.98782742836649, 40.730922263000224]]}}, {"type": "Feature", "properties": {"cell_id": 91, "tree_count": 23, "tree_ids": ["15880067", "2118041", "2118042", "2118043", "2118044", "2118045", "2118046", "2118067", "2118066", "2118065", "2118047", "2118048", "11856802", "13868757", "2114677", "13868758", "2117736", "15389719", "2117739", "4610115", "10202525", "2121487", "11142889"]}, "geometry": {"type": "LineString", "coordinates": [[-73.98768587583702, 40.730863955642], [-73.98757419519916, 40.73081680476334], [-73.98748712163227, 40.7307800419198], [-73.98736345502391, 40.730727829462616], [-73.9872423095738, 40.730676682459624], [-73.98715018993958, 40.73063778932887], [-73.98704040416116, 40.73059143583683], [-73.98700755976088, 40.73069988084358], [-73.98689706667132, 40.73065336416562], [-73.98676447441531, 40.73059754641336], [-73.986768461332, 40.73047661981863], [-73.98663848371466, 40.73042174344258], [-73.9865552150152, 40.73029780404653], [-73.9866534289973, 40.73016159555208], [-73.98675892839165, 40.73001528024762], [-73.98681410726563, 40.72993875307707], [-73.98696943497447, 40.72989163129969], [-73.98716066216834, 40.729972280543564], [-73.98725469828439, 40.73001193955417], [-73.98727983415927, 40.72991159864964], [-73.98704873365828, 40.729670793787506], [-73.98682917564823, 40.72956898820095], [-73.98685330300923, 40.729527004203185]]}}, {"type": "Feature", "properties": {"cell_id": 92, "tree_count": 22, "tree_ids": ["2121486", "13851736", "13852136", "13852137", "2117269", "2117270", "2117271", "2117272", "2128019", "2128018", "2128030", "2128031", "5895574", "2128033", "5895174", "13852134", "2128034", "12230451", "2128017", "2128016", "5170772", "2128036"]}, "geometry": {"type": "LineString", "coordinates": [[-73.9869680435693, 40.729376804204456], [-73.98750287454159, 40.72924242993363], [-73.98759760948099, 40.72928294419295], [-73.98785468255015, 40.72938773491577], [-73.9878257641099, 40.72948636980181], [-73.98844591459172, 40.72963828101024], [-73.98856781149142, 40.72968952632627], [-73.98867265569267, 40.72973360202207], [-73.9889858301946, 40.729196666142315], [-73.98881412180425, 40.729124332710356], [-73.98881828169162, 40.729016037632206], [-73.98873908373001, 40.72898262452085], [-73.98860119889265, 40.728924453009235], [-73.98854093208544, 40.72889902715763], [-73.98849632508414, 40.7289898661216], [-73.98843727028236, 40.72896686315587], [-73.98840367819848, 40.72884112079797], [-73.98829986907485, 40.72879732457893], [-73.98825796674129, 40.72889004559987], [-73.98813581375742, 40.728838588348715], [-73.98805506018108, 40.72881055718631], [-73.98807300548276, 40.728701611680016]]}}, {"type": "Feature", "properties": {"cell_id": 93, "tree_count": 22, "tree_ids": ["164930", "2117267", "2117266", "2130983", "13852132", "2130984", "2130976", "2130977", "2130978", "102423", "14178302", "2130980", "2130982", "2130981", "13868756", "2121488", "1591574", "2121489", "2121490", "15218049", "2128182", "2128180"]}, "geometry": {"type": "LineString", "coordinates": [[-73.98786725296215, 40.728495194830316], [-73.98793710617915, 40.72839861420577], [-73.98802055382197, 40.72828505063101], [-73.98741690273233, 40.72762550482196], [-73.98734116794513, 40.72759896044543], [-73.9872546273259, 40.72755721573521], [-73.98720275462948, 40.72764850000513], [-73.98730650560563, 40.72769237212296], [-73.9874427384863, 40.72774997890899], [-73.9875621938607, 40.727686715521195], [-73.98758590960816, 40.72781051916805], [-73.9876931289691, 40.7278558568958], [-73.98772345901007, 40.727754508865694], [-73.98786868757954, 40.727815623103915], [-73.98785857151998, 40.72792838005393], [-73.98789277927936, 40.72810762652589], [-73.98780156622192, 40.72822937599531], [-73.98772449741213, 40.72833604675204], [-73.9876486459894, 40.72843900358829], [-73.9874816167997, 40.72845231934649], [-73.9874020744298, 40.728418813783534], [-73.9871869119409, 40.728438371588915]]}}, {"type": "Feature", "properties": {"cell_id": 94, "tree_count": 22, "tree_ids": ["2128183", "2128184", "2128179", "10666780", "15384792", "2128185", "2128186", "2128177", "2128176", "11779254", "2128189", "2128190", "2128191", "2128173", "2128174", "2128175", "2130975", "1101700", "2130986", "2130987", "2130988", "2130989"]}, "geometry": {"type": "LineString", "coordinates": [[-73.98721521669322, 40.72834009931751], [-73.98709274834593, 40.72828851111663], [-73.98705962713618, 40.728384900372305], [-73.98696901242603, 40.72834690101424], [-73.98688275487734, 40.72831060039894], [-73.98695102643732, 40.72822881099424], [-73.9868373980592, 40.72818094438238], [-73.98665661267185, 40.72821560013688], [-73.98656533327089, 40.72817725385771], [-73.98666240174289, 40.728111603714005], [-73.98657857471578, 40.728071913949094], [-73.98648577735379, 40.72803282291406], [-73.98638982565605, 40.72799240251179], [-73.9862507554678, 40.7280451013193], [-73.98632718823008, 40.72807721205915], [-73.98643078527854, 40.7281207321297], [-73.98698200776657, 40.72755515468854], [-73.98706328081053, 40.727588132374606], [-73.98710971555158, 40.7274962345626], [-73.98704436381509, 40.72746873220295], [-73.98693007675898, 40.72742063801729], [-73.98683788962981, 40.72738184296486]]}}, {"type": "Feature", "properties": {"cell_id": 95, "tree_count": 22, "tree_ids": ["2130974", "2128192", "2128193", "14157394", "2128171", "2128170", "2128195", "2128194", "2130970", "2130971", "12230448", "13851732", "249561", "2130990", "13851731", "13852993", "13851730", "2130968", "13852131", "15384788", "11812077", "5228931"]}, "geometry": {"type": "LineString", "coordinates": [[-73.98680604130605, 40.72748074661624], [-73.98621149112483, 40.72791727675971], [-73.9861382641628, 40.72788642891614], [-73.9860839916919, 40.72797504597297], [-73.98596965784448, 40.72792701373237], [-73.98589164558022, 40.727894240960325], [-73.98593152306884, 40.7277993367435], [-73.9860082214404, 40.72783164786717], [-73.9863292303555, 40.72727911894207], [-73.98644086508676, 40.72732632536978], [-73.98653168548205, 40.72736473116822], [-73.9866408365438, 40.72741440224526], [-73.98662718867088, 40.72729506151122], [-73.98650323868634, 40.7272410119438], [-73.98639736240875, 40.727201374350614], [-73.98629487116582, 40.72715332381232], [-73.98617344766396, 40.72721324276904], [-73.9859867616734, 40.727134297586886], [-73.98602867290172, 40.72704122512728], [-73.98577029117328, 40.72708046123093], [-73.98578834052059, 40.72714043638981], [-73.98574205814684, 40.727225993876885]]}}, {"type": "Feature", "properties": {"cell_id": 96, "tree_count": 22, "tree_ids": ["5242933", "2116861", "2116862", "2116863", "15218052", "1856414", "2114757", "2114756", "2114755", "2114754", "11185841", "13851734", "11780201", "5247733", "2116809", "2114752", "13852135", "2116808", "2114751", "2114750", "2114749", "17042423"]}, "geometry": {"type": "LineString", "coordinates": [[-73.98568193432135, 40.72728897571783], [-73.98562477920021, 40.727366867071254], [-73.98557993440048, 40.72742798089893], [-73.9855275293984, 40.72749939974703], [-73.98543585896026, 40.72753467145972], [-73.98537585190901, 40.72728215484266], [-73.9850353267028, 40.72753271707075], [-73.98490780863798, 40.72747900212828], [-73.98462436641766, 40.72735960432172], [-73.98452778248509, 40.72731891866833], [-73.98431125596855, 40.72722770741657], [-73.98419786604288, 40.72718159830059], [-73.9841706546487, 40.72706825956373], [-73.9840837951004, 40.727022940808695], [-73.9839621694537, 40.726969190176256], [-73.98374374700182, 40.726988644458714], [-73.98377931933327, 40.72689984687888], [-73.983670181983, 40.72684623779258], [-73.98358340470202, 40.72692110012597], [-73.98350197216557, 40.72688679618425], [-73.98342053896158, 40.72685249104098], [-73.98333175743102, 40.72681944050263]]}}, {"type": "Feature", "properties": {"cell_id": 97, "tree_count": 22, "tree_ids": ["2114748", "2110053", "2110052", "2110051", "14529508", "15933567", "2116807", "2114662", "2114663", "2110220", "14500060", "14500058", "2110142", "4613392", "2110141", "2110140", "2110139", "2110138", "4625355", "2122331", "2122330", "2122329"]}, "geometry": {"type": "LineString", "coordinates": [[-73.98324631062141, 40.726779096190086], [-73.98310150367388, 40.726797158972865], [-73.98304618726364, 40.72687300047533], [-73.9830045246784, 40.726930120723864], [-73.98281512157082, 40.72687429800015], [-73.98287632573937, 40.72679027010408], [-73.98339934467477, 40.72673219102188], [-73.98333629887186, 40.726473787087144], [-73.98348382996608, 40.72626987977523], [-73.98324302644171, 40.72628682130352], [-73.9833079033053, 40.726197750787], [-73.98337085514176, 40.72611132121154], [-73.98331485260525, 40.72601305653058], [-73.98319477520073, 40.72596660750129], [-73.9831011788886, 40.7259230339379], [-73.98299386726364, 40.72587782342741], [-73.9828849790242, 40.725831946978694], [-73.98277104124922, 40.725783944771855], [-73.98265647233526, 40.72573567474304], [-73.9827901147842, 40.72567024663554], [-73.98292526198485, 40.72572707236256], [-73.98299252001901, 40.72575535217067]]}}, {"type": "Feature", "properties": {"cell_id": 98, "tree_count": 22, "tree_ids": ["2122328", "2122327", "10165397", "10164129", "2118728", "2114701", "1166509", "2114702", "5237331", "2118698", "2118697", "2118695", "12216776", "12216777", "12230452", "12216778", "2118672", "5238930", "2118671", "2118670", "2144748", "2144749"]}, "geometry": {"type": "LineString", "coordinates": [[-73.98310051237746, 40.72580075891884], [-73.9831740858818, 40.725831695099714], [-73.98325740532096, 40.725870981286825], [-73.98334743620151, 40.725907329206976], [-73.9835285747684, 40.72589115948015], [-73.98376771025453, 40.72588104241459], [-73.98381545502752, 40.72581561927526], [-73.9839337454148, 40.72565230049676], [-73.98438276105473, 40.725054139017175], [-73.9846088171652, 40.72472592850011], [-73.98468922109872, 40.7246154764572], [-73.98480422968905, 40.72445748286701], [-73.98528246988414, 40.7243781820421], [-73.98522643525936, 40.724354102770526], [-73.98515085570801, 40.72432273876773], [-73.98505933299239, 40.72428428373923], [-73.98505556082249, 40.72411244884367], [-73.98511019096807, 40.72404657144507], [-73.98519030829965, 40.723926375687206], [-73.98525193692619, 40.723841273235415], [-73.98507070339684, 40.723606862431886], [-73.98498989942163, 40.72357283637117]]}}, {"type": "Feature", "properties": {"cell_id": 99, "tree_count": 22, "tree_ids": ["2144750", "2144751", "2146560", "2146561", "2146562", "2146563", "2146564", "2146565", "10183656", "2144755", "2144754", "2144753", "2144752", "2110073", "2110074", "2110075", "2143976", "2143977", "12689361", "4609662", "2143979", "6544541"]}, "geometry": {"type": "LineString", "coordinates": [[-73.98492708509409, 40.72354638356703], [-73.98486174640155, 40.723518869662136], [-73.98492650513722, 40.72343545867658], [-73.98486148821404, 40.7234080677555], [-73.98477879823649, 40.72337323102222], [-73.98467149108242, 40.72332802205987], [-73.98458248842196, 40.72329052478852], [-73.98446697555144, 40.72324185842816], [-73.98436033994778, 40.72320009279316], [-73.98429421516603, 40.72327987676521], [-73.98439774779274, 40.72332347473833], [-73.98456567126404, 40.723394190326694], [-73.98467109510943, 40.723438584858414], [-73.9840099037762, 40.723842256240566], [-73.98410272016592, 40.72388131270009], [-73.98424794449336, 40.72394242010175], [-73.98424918439619, 40.72405164790327], [-73.98415133763785, 40.72401043452018], [-73.98406769508264, 40.72397520373275], [-73.98395709007616, 40.723936384362744], [-73.9838467542564, 40.72388214167297], [-73.98332694071759, 40.72434457753431]]}}, {"type": "Feature", "properties": {"cell_id": 100, "tree_count": 22, "tree_ids": ["11537346", "2146868", "2146867", "2122347", "12689360", "10164126", "6161889", "6161890", "4599927", "14051521", "6544539", "6544538", "4608200", "5233731", "2118795", "2118796", "2118797", "4603983", "5364163", "6544547", "14529197", "6544546"]}, "geometry": {"type": "LineString", "coordinates": [[-73.9832381545449, 40.724424136879804], [-73.98331704372178, 40.72445739935926], [-73.98342938183526, 40.72450476436391], [-73.98349572945921, 40.72441135950232], [-73.98364130321858, 40.72447825858119], [-73.98371959604272, 40.72451390692332], [-73.98380996313554, 40.72454895477927], [-73.98365570885667, 40.72460968876438], [-73.98400564793057, 40.72475448154618], [-73.98402068509827, 40.72463456003578], [-73.98409728733537, 40.7246694679448], [-73.9841706254777, 40.72470069623539], [-73.98427498304576, 40.724742009413085], [-73.98443047151399, 40.72465754119196], [-73.98448429195737, 40.72458420853812], [-73.98452685470714, 40.72452621353764], [-73.98457891784824, 40.724455277118516], [-73.98466409044941, 40.72433862143203], [-73.98465088865507, 40.724232517066184], [-73.98456896158537, 40.72420015800351], [-73.98447666462155, 40.724154543164545], [-73.98442258893037, 40.72413478046827]]}}, {"type": "Feature", "properties": {"cell_id": 101, "tree_count": 23, "tree_ids": ["2123433", "2123432", "2123431", "2123430", "2123429", "4612470", "4600088", "6669866", "284985", "6582162", "6582161", "6582160", "2122304", "2110182", "2110183", "2110184", "2110185", "2122301", "4599653", "2122297", "2122298", "2122299", "2122300"]}, "geometry": {"type": "LineString", "coordinates": [[-73.98212148784947, 40.72225494166863], [-73.98224131843989, 40.72230560557954], [-73.9823043860187, 40.722332270324046], [-73.9823690325751, 40.722359602595056], [-73.98243052508508, 40.72238560199701], [-73.98234529059167, 40.72246953338802], [-73.98228433214811, 40.72243891367994], [-73.98204904016997, 40.72256440189255], [-73.98183010180479, 40.722922620246806], [-73.98178700694439, 40.723025189621815], [-73.98171498709955, 40.72299658697701], [-73.98163983561962, 40.722964409312134], [-73.98140362155458, 40.72285216797844], [-73.98157093778929, 40.72281176287821], [-73.98149519951629, 40.72277983948611], [-73.98142388020834, 40.72274977918989], [-73.98133425639676, 40.72271200254097], [-73.98114178423323, 40.722741643156404], [-73.98091018955368, 40.72253780440661], [-73.9807304173062, 40.722567998250774], [-73.98082947424368, 40.722609811164276], [-73.98091748938764, 40.72264696350759], [-73.98099793241997, 40.72268092032167]]}}, {"type": "Feature", "properties": {"cell_id": 102, "tree_count": 23, "tree_ids": ["6663881", "6663879", "6663878", "6663877", "6663876", "2122296", "2122295", "6582159", "2142335", "2142334", "2110046", "2110047", "2110048", "2110049", "2110050", "2142343", "2142344", "2142370", "2142371", "1591180", "16504147", "10164537", "2142342"]}, "geometry": {"type": "LineString", "coordinates": [[-73.98092337082103, 40.72271202268508], [-73.9809265115073, 40.722765423619215], [-73.98090705202686, 40.72276728968863], [-73.98084479579575, 40.72287582595501], [-73.98078905156267, 40.72292592508583], [-73.98051085510355, 40.72247531483915], [-73.98037583686013, 40.72241832044458], [-73.98045133383862, 40.72234206846276], [-73.98025088861519, 40.72201932443499], [-73.98020796058499, 40.72207779299833], [-73.98034633520912, 40.72216589714273], [-73.98039231891762, 40.72210056658115], [-73.98044068532712, 40.722031848344216], [-73.98049825043438, 40.721950063735406], [-73.98054559554132, 40.721882797142925], [-73.98000744580389, 40.72147236697914], [-73.97992037734087, 40.72143561551995], [-73.97993656487019, 40.72133117913057], [-73.98000848241283, 40.721361549815306], [-73.98007044950684, 40.72139032906023], [-73.98015200206812, 40.72142215890371], [-73.98023062117483, 40.72145683301353], [-73.98018000563482, 40.72154520325209]]}}, {"type": "Feature", "properties": {"cell_id": 103, "tree_count": 22, "tree_ids": ["2142341", "4600011", "2142373", "2142374", "2122808", "4600098", "4599976", "2123441", "6534140", "4608581", "2123439", "2123438", "14108790", "2123436", "2110097", "2110098", "2110099", "2110100", "2110101", "2110102", "2123434", "2123435"]}, "geometry": {"type": "LineString", "coordinates": [[-73.98029199541828, 40.72159247292381], [-73.98039333884232, 40.721640667601584], [-73.98034315159649, 40.721502881883154], [-73.98065099183346, 40.721497240370184], [-73.98077735002903, 40.72154687762271], [-73.9808161612382, 40.72170353147106], [-73.98089522688268, 40.72172975363106], [-73.98100044754486, 40.7217809579301], [-73.9811410266243, 40.72184654074324], [-73.9814815518182, 40.721987765807114], [-73.98155071743787, 40.722013617668026], [-73.98161378521566, 40.72204028279202], [-73.98169104372529, 40.72207294857958], [-73.98175411311823, 40.72209961477035], [-73.98159806750436, 40.72214246592087], [-73.98169406727088, 40.722182812017735], [-73.98176354041368, 40.72221200954499], [-73.98182732995639, 40.72223881762173], [-73.98189048753058, 40.72226536195242], [-73.98196722862289, 40.72230622972503], [-73.98199377411541, 40.722200944377725], [-73.98193070377926, 40.72217427774668]]}}, {"type": "Feature", "properties": {"cell_id": 104, "tree_count": 23, "tree_ids": ["2116823", "2116822", "2116821", "11142888", "2116866", "10196390", "2116865", "2116824", "2116825", "11775860", "2116819", "2116867", "2116868", "5792471", "2116810", "939094", "4608553", "2116854", "10089079", "10089080", "2116853", "2118646", "2130992"]}, "geometry": {"type": "LineString", "coordinates": [[-73.98410003158038, 40.72634514483208], [-73.98417546851799, 40.726376920637904], [-73.98427331801425, 40.726418133987075], [-73.98430098011397, 40.72630893132267], [-73.98421124371653, 40.72626877412505], [-73.98411387041106, 40.72623325844567], [-73.98400616588673, 40.72618223794749], [-73.98392958643815, 40.726273352068624], [-73.98383426337108, 40.726233201230805], [-73.98387554655457, 40.72612712216644], [-73.9844147232782, 40.72647769499369], [-73.9849498463799, 40.72658043209206], [-73.98509327447807, 40.7266468852985], [-73.98537105113469, 40.72675815905068], [-73.98573706703021, 40.72678420753734], [-73.9860414785861, 40.72679797377211], [-73.98614163307353, 40.72666485945415], [-73.98618055455724, 40.72660414725502], [-73.98619223954694, 40.72650290944899], [-73.98628816144893, 40.72636297148278], [-73.98640267622389, 40.72629689932465], [-73.9864636304808, 40.726463627608084], [-73.98647920770104, 40.726584994003375]]}}, {"type": "Feature", "properties": {"cell_id": 105, "tree_count": 23, "tree_ids": ["11177415", "2118647", "13518639", "13519399", "2118650", "11776400", "2130995", "2118651", "4684342", "2118652", "13826741", "2130997", "15218048", "2130999", "2140471", "2140470", "2140469", "15218046", "15218047", "671004", "5240936", "2131000", "2131001"]}, "geometry": {"type": "LineString", "coordinates": [[-73.98659167645515, 40.72663218837906], [-73.98662133726548, 40.726530257855266], [-73.98690224387245, 40.72665151461841], [-73.98700298727545, 40.72669150284309], [-73.98711464480687, 40.72673867660175], [-73.98704975962495, 40.72682440522663], [-73.98722793966077, 40.72689917171263], [-73.98730641702174, 40.72681969681435], [-73.9874645651586, 40.72699845955035], [-73.98766220739799, 40.726970011482], [-73.98775293828938, 40.727014008179076], [-73.98780141928285, 40.72715143013198], [-73.98790022581436, 40.72718126290824], [-73.98801869655975, 40.72723097368697], [-73.98818060800792, 40.72771117468189], [-73.9882636441301, 40.72759244044344], [-73.98831685436815, 40.727516352631795], [-73.98824151441507, 40.7273296409155], [-73.98819062619883, 40.72730759645719], [-73.9882570002914, 40.72722109881528], [-73.98834288207293, 40.72725757792139], [-73.9887245866428, 40.72731884858882], [-73.98893034083471, 40.72702967414944]]}}, {"type": "Feature", "properties": {"cell_id": 106, "tree_count": 23, "tree_ids": ["2118545", "2118546", "2118547", "4929384", "6528500", "6528501", "6528502", "15188104", "15218034", "2118637", "2118638", "2146540", "6533726", "15218037", "2118718", "2146542", "2146543", "2146544", "2118717", "15641986", "2125469", "2125468", "2118835"]}, "geometry": {"type": "LineString", "coordinates": [[-73.9878850752667, 40.72308954591282], [-73.98778135728405, 40.72304620551666], [-73.98757265837786, 40.72295899308186], [-73.98770675958463, 40.722868283502855], [-73.9877939763184, 40.72282677031032], [-73.98807271258025, 40.722766144943], [-73.98818964293112, 40.722799790004586], [-73.98826067918297, 40.72282018224464], [-73.98832151753408, 40.72299190678633], [-73.98838611789748, 40.72304336095075], [-73.98836443410778, 40.72309080304725], [-73.98869182846833, 40.72342774326748], [-73.98877387346481, 40.72346233352982], [-73.9888044156704, 40.7233648861626], [-73.98892567739638, 40.723407927687866], [-73.98914875766009, 40.72362038746664], [-73.98928507928514, 40.72367785945056], [-73.98958612329905, 40.723804780082425], [-73.9897555840496, 40.723761229117706], [-73.98991782402119, 40.723160084286064], [-73.98981908007248, 40.72312762054951], [-73.98968066568992, 40.72308603257741], [-73.98964069593782, 40.72281641026176]]}}, {"type": "Feature", "properties": {"cell_id": 107, "tree_count": 23, "tree_ids": ["2118834", "15216673", "15216665", "15208686", "15216672", "2118832", "2118831", "15208685", "15216679", "15216670", "2116284", "15216675", "15216678", "15216667", "2118828", "2118874", "2125484", "2125483", "2125482", "2125481", "2125478", "2125477", "2125475"]}, "geometry": {"type": "LineString", "coordinates": [[-73.98967108190884, 40.722742186726954], [-73.98956048438268, 40.7227486086353], [-73.98959415918497, 40.72268547252565], [-73.98962313605719, 40.722624719919146], [-73.9896646425663, 40.72255562722443], [-73.98977497572827, 40.72254085998385], [-73.98981532069502, 40.72246268026575], [-73.98970928379241, 40.722453179691946], [-73.9897601877879, 40.722361453838005], [-73.98979699590568, 40.722281640106836], [-73.98983693914928, 40.722189913245025], [-73.98987223520926, 40.72213757095461], [-73.98990904147601, 40.7220732433405], [-73.98993331983515, 40.72202082801449], [-73.99003470640302, 40.722037543835576], [-73.99020989974797, 40.72203678347148], [-73.9904056110752, 40.72197678923539], [-73.99049975226036, 40.72200465405226], [-73.99058716780338, 40.722030529436175], [-73.99066785994356, 40.72205441368724], [-73.99071308429446, 40.72237077304088], [-73.99066183851043, 40.72247046480526], [-73.99058036924673, 40.72262895079957]]}}, {"type": "Feature", "properties": {"cell_id": 108, "tree_count": 23, "tree_ids": ["2125474", "5095900", "5108807", "1956059", "2125473", "2125472", "2125471", "2125470", "2147623", "2147622", "2147621", "2147620", "2147619", "2147618", "2147617", "2147616", "6528503", "6528504", "6528505", "2123469", "2123468", "2123470", "2123467"]}, "geometry": {"type": "LineString", "coordinates": [[-73.99054489148443, 40.72269796940986], [-73.99074201891672, 40.722730277508695], [-73.99072361570616, 40.72279164310059], [-73.99044935825619, 40.72288397664058], [-73.99041217513356, 40.72295614696325], [-73.99036881123475, 40.723040501766434], [-73.99033070468234, 40.72311463334237], [-73.9902978540088, 40.72317853769358], [-73.99008481111603, 40.72335748691023], [-73.99000898537419, 40.72333622277736], [-73.98994805289546, 40.72331913650236], [-73.98987696592003, 40.72329920218817], [-73.98979911030852, 40.72327736877302], [-73.98964508802376, 40.723234176550825], [-73.9895381196407, 40.72320417982859], [-73.9894460452574, 40.72317836040787], [-73.98935771727147, 40.72316462105399], [-73.98922540998625, 40.72312708276076], [-73.98906961648028, 40.72308179901141], [-73.98872845668322, 40.722631756740746], [-73.98880682507105, 40.7226190572994], [-73.98875885178688, 40.72254901726143], [-73.9888383710617, 40.722534567555705]]}}, {"type": "Feature", "properties": {"cell_id": 109, "tree_count": 22, "tree_ids": ["2123466", "2123465", "2123464", "2123463", "2123471", "2123472", "2123462", "2123461", "2123473", "2123474", "2123475", "2123476", "2116285", "10183267", "15216697", "15216688", "10408117", "2111105", "6515298", "2116138", "2116139", "2116140"]}, "geometry": {"type": "LineString", "coordinates": [[-73.988869128194, 40.72245219004631], [-73.98890018226265, 40.72236902115115], [-73.98893162951377, 40.722284794980695], [-73.98896080887052, 40.72220664250475], [-73.98888276320054, 40.72221171279819], [-73.98891315867264, 40.72212897327354], [-73.98899363650462, 40.722118720173256], [-73.98902074641958, 40.72204611189444], [-73.98895277952315, 40.722021120658084], [-73.98899016476048, 40.72191934688177], [-73.98902706639348, 40.72181889510447], [-73.98906406416182, 40.72171818028381], [-73.98869120810954, 40.72154694395393], [-73.9887583960076, 40.72149038048753], [-73.98863377993986, 40.72134511505492], [-73.98854644849526, 40.72131184907471], [-73.9884185928076, 40.721389130975304], [-73.98838341104764, 40.72145410673212], [-73.98841837786337, 40.72153612764421], [-73.98850893903959, 40.72159158999047], [-73.98846773804553, 40.721672462468675], [-73.98839419928679, 40.72181680250051]]}}, {"type": "Feature", "properties": {"cell_id": 110, "tree_count": 22, "tree_ids": ["2116141", "2116142", "17042427", "2146537", "2146536", "2116143", "2116144", "15216707", "2116145", "2116146", "2118549", "2118550", "2118551", "2118688", "2118687", "2118686", "2124436", "2124435", "2124433", "2124432", "12230454", "12230455"]}, "geometry": {"type": "LineString", "coordinates": [[-73.9883764677148, 40.72185160768005], [-73.98829458601742, 40.722012326719806], [-73.98817874921238, 40.72202442327216], [-73.98814697881382, 40.72206997041489], [-73.98810495902613, 40.7221526610762], [-73.9882288703074, 40.72214131222708], [-73.98818819117345, 40.722221160514714], [-73.98816886534698, 40.7222723722896], [-73.98809379084864, 40.722406447707975], [-73.98805336928092, 40.72248578361692], [-73.98730071849432, 40.722845353297686], [-73.98718688327749, 40.722797782033346], [-73.98708316620319, 40.72275443986284], [-73.9872217181157, 40.72265861465882], [-73.98737827106346, 40.72270223355409], [-73.98748865556968, 40.72273024156315], [-73.98736306198685, 40.72255000931294], [-73.98742500666334, 40.722568913755254], [-73.98755793433659, 40.722609481998845], [-73.98764499088962, 40.72263605091165], [-73.98771434613808, 40.72249382210429], [-73.98764077808005, 40.722470396296615]]}}, {"type": "Feature", "properties": {"cell_id": 111, "tree_count": 22, "tree_ids": ["13765568", "13765177", "15372186", "6525732", "6525731", "6525730", "6525729", "6525728", "15218035", "15218036", "16487830", "6525727", "6523314", "6523313", "6523312", "6523311", "6523310", "13883688", "14051120", "14500027", "2118566", "2142496"]}, "geometry": {"type": "LineString", "coordinates": [[-73.98731304570109, 40.7222442503225], [-73.9872856307574, 40.722313938427156], [-73.98700721085642, 40.72227681365198], [-73.98696046334217, 40.72240634037235], [-73.98680418712146, 40.722366907267016], [-73.9866764010283, 40.722346528159555], [-73.9865745202204, 40.72231892521395], [-73.98648386422316, 40.7222893535604], [-73.98654818925384, 40.72253643965748], [-73.98676999004196, 40.72252691988909], [-73.98688099451714, 40.72256793413196], [-73.9868922077553, 40.72262837212522], [-73.98605999376532, 40.72213450093816], [-73.98597183251637, 40.72210620835444], [-73.98588906930284, 40.72207782544473], [-73.98581011412155, 40.722058187859375], [-73.98569832735114, 40.72202367584583], [-73.98576785146135, 40.7218990707127], [-73.98585149734673, 40.72192473479243], [-73.98595120301958, 40.72195532646974], [-73.98609440438926, 40.721999261704276], [-73.98563242160613, 40.722194992027255]]}}, {"type": "Feature", "properties": {"cell_id": 112, "tree_count": 22, "tree_ids": ["2118562", "2118561", "2118559", "5240534", "2118557", "2118556", "2118555", "2118554", "2118614", "2118740", "6082649", "2118756", "2118757", "2118758", "10576007", "10183268", "2118759", "2118809", "2118775", "2118774", "12230458", "2118811"]}, "geometry": {"type": "LineString", "coordinates": [[-73.98573615184186, 40.72166970447725], [-73.9857772786145, 40.721589399073444], [-73.98590196813895, 40.721345928588065], [-73.9859412606433, 40.7212692048077], [-73.98598147111693, 40.721190689598004], [-73.98600766625869, 40.72113953905928], [-73.98603386211151, 40.721088389658036], [-73.98607354754944, 40.72101089848876], [-73.98603236738069, 40.720865257169855], [-73.98597119117076, 40.720725536931376], [-73.9858326084738, 40.72068316947586], [-73.98593118380701, 40.72062287520746], [-73.98581273403671, 40.72058655323007], [-73.98569227857162, 40.7205496155979], [-73.98564180457065, 40.72062483515129], [-73.98556280556387, 40.72060068225837], [-73.98555709935282, 40.7205081625804], [-73.98545612498532, 40.720330057897066], [-73.9853545410915, 40.720291225549694], [-73.98539475235307, 40.72021300616811], [-73.98543680489996, 40.72013120852495], [-73.98556090832064, 40.72012663926464]]}}, {"type": "Feature", "properties": {"cell_id": 113, "tree_count": 22, "tree_ids": ["2118810", "2116310", "2116262", "2116263", "2116264", "6675465", "2116268", "2116269", "6675466", "6201510", "15971231", "2118523", "15657306", "14051140", "2118593", "2118592", "2118591", "2118590", "2118589", "14051520", "2116244", "12230453"]}, "geometry": {"type": "LineString", "coordinates": [[-73.98550956937879, 40.72022630302273], [-73.98625042039241, 40.72043763739838], [-73.98634818665998, 40.720478276611836], [-73.98628249975091, 40.72060609165683], [-73.98625070808046, 40.720667953586975], [-73.98637648633824, 40.72067377198839], [-73.98632620884807, 40.720743270185146], [-73.98643532848412, 40.72077514402519], [-73.9865024967006, 40.7207100433795], [-73.9865305595135, 40.72070803212732], [-73.98649239112878, 40.72088363618367], [-73.9866952834611, 40.72094558442636], [-73.98699598633483, 40.721129955065656], [-73.98697366872001, 40.72115367869468], [-73.98672113713, 40.7211904856518], [-73.9866240577565, 40.72137969178732], [-73.98656240053351, 40.721499863863784], [-73.98650730102632, 40.72160725124556], [-73.98645456376931, 40.721710037404016], [-73.98639421647903, 40.72182765233926], [-73.98663130265356, 40.7218162401875], [-73.9867127466128, 40.721657157122266]]}}, {"type": "Feature", "properties": {"cell_id": 114, "tree_count": 16, "tree_ids": ["2123415", "5780558", "5787295", "2123418", "2123384", "5244538", "2123385", "2123414", "2123413", "2123386", "2123412", "2123410", "2123409", "13584048", "2123387", "15936569"]}, "geometry": {"type": "LineString", "coordinates": [[-73.98403674786026, 40.730167207786394], [-73.98396641098857, 40.73014332264509], [-73.98390847525758, 40.73011710615233], [-73.98384495946095, 40.730086193600414], [-73.9837669672024, 40.73016269268842], [-73.98383975799582, 40.730206318805195], [-73.98411403227034, 40.73030915377599], [-73.98414999050398, 40.73021504278617], [-73.9842326367593, 40.73024995255307], [-73.98425790639806, 40.73036986865191], [-73.98442947242421, 40.730333097390336], [-73.98462851757354, 40.73041717483006], [-73.98472567350142, 40.7304582138441], [-73.98492124918414, 40.73054082358743], [-73.98487757883531, 40.73063136561944], [-73.9849555118454, 40.730664252276654]]}}, {"type": "Feature", "properties": {"cell_id": 115, "tree_count": 16, "tree_ids": ["2123389", "2123390", "2123406", "2123405", "2123404", "2123391", "15208739", "2123392", "2121493", "2122139", "16159636", "2118098", "2118097", "5250132", "2122142", "4680804"]}, "geometry": {"type": "LineString", "coordinates": [[-73.98503565394074, 40.73069807181299], [-73.98511453264456, 40.73073135761829], [-73.98512691883751, 40.73062769896517], [-73.98523732493067, 40.73067433226743], [-73.98531618716441, 40.730707643092856], [-73.98553575129326, 40.730909103313735], [-73.98567786103702, 40.73087069622082], [-73.98566953067927, 40.73096555563537], [-73.98592896402275, 40.730805727374786], [-73.98616786843338, 40.73117361411], [-73.98633626898936, 40.73124483487455], [-73.98647202806603, 40.7311945395451], [-73.98661357250248, 40.7312539245646], [-73.98677182300197, 40.73132042310429], [-73.98666991506869, 40.731385937801285], [-73.98645606696626, 40.7321392942761]]}}, {"type": "Feature", "properties": {"cell_id": 116, "tree_count": 19, "tree_ids": ["2128028", "2128020", "2128021", "2128022", "2128023", "2128027", "16309831", "16309819", "16309834", "16309820", "589710", "4918330", "4918331", "4918332", "4918333", "4918334", "4918335", "4918336", "5249732"]}, "geometry": {"type": "LineString", "coordinates": [[-73.98924298540449, 40.729195212859146], [-73.98913102472099, 40.729257830236804], [-73.98919951934951, 40.72928668406397], [-73.98924591855828, 40.72930622877979], [-73.98932009481346, 40.72933747614934], [-73.98959070011152, 40.729341906834414], [-73.98948864747385, 40.72940847847373], [-73.98955275123984, 40.72944136476451], [-73.98963037115723, 40.729468180037486], [-73.98972272470377, 40.72959278992791], [-73.98970299652706, 40.73003313557672], [-73.98986811831148, 40.72991201559008], [-73.98999496576772, 40.72989892218966], [-73.99005604307139, 40.72987748407838], [-73.99011085423686, 40.72986676709767], [-73.99017506109244, 40.72986319869356], [-73.99023770248543, 40.72985248232029], [-73.99028468479035, 40.729836999582965], [-73.99028635031974, 40.729781612273456]]}}, {"type": "Feature", "properties": {"cell_id": 117, "tree_count": 19, "tree_ids": ["5250534", "4918337", "580274", "580273", "11797662", "11797670", "11797660", "11797661", "11797659", "11797667", "11797665", "11797668", "11797672", "11797663", "11797664", "11797671", "11797669", "11797673", "11797666"]}, "geometry": {"type": "LineString", "coordinates": [[-73.99019817413395, 40.72975345047192], [-73.99009265534015, 40.72972486567762], [-73.99029258021599, 40.729606360158854], [-73.99050222815319, 40.72964021247234], [-73.99061051456228, 40.72969089754577], [-73.99077459202552, 40.72954261795591], [-73.99079280683208, 40.72949791535089], [-73.99081708154063, 40.7294211201711], [-73.99083844611143, 40.729368723916075], [-73.9908547536305, 40.72929807920465], [-73.9908755767691, 40.729235856673505], [-73.99089009698577, 40.729163398559905], [-73.99091647127494, 40.72909473886342], [-73.99093224598995, 40.729033079168694], [-73.99095865389933, 40.72896522973875], [-73.99098463712714, 40.72887467027354], [-73.99099764686213, 40.72881468408072], [-73.99104087203838, 40.72867717461088], [-73.99105928371412, 40.72861307341127]]}}, {"type": "Feature", "properties": {"cell_id": 118, "tree_count": 22, "tree_ids": ["2116207", "2116206", "2116205", "2124236", "2124237", "2124238", "2124239", "2124240", "2124241", "2124242", "14145059", "2124243", "2124244", "2124245", "2124246", "2124247", "2124248", "2124249", "2124250", "2124251", "2124253", "2124254"]}, "geometry": {"type": "LineString", "coordinates": [[-73.99560382289235, 40.71410597728519], [-73.99576750182365, 40.71409357481095], [-73.99589241498744, 40.714084110481096], [-73.99589529592154, 40.71424807919041], [-73.9959502394296, 40.71424409551429], [-73.99598650645486, 40.71424146753188], [-73.99602852101003, 40.7142384205885], [-73.9961412779956, 40.71423024675017], [-73.99620483750927, 40.71422563937963], [-73.99631148845363, 40.714217907194055], [-73.99637364186052, 40.714227452932235], [-73.99641761653227, 40.71422032421987], [-73.99648936514224, 40.714216072050284], [-73.99655806614393, 40.71421663965999], [-73.99662737826237, 40.71421439157906], [-73.9966953792941, 40.71420623131742], [-73.99673336545085, 40.71420891483382], [-73.99679530139473, 40.71419406855994], [-73.99682901789006, 40.714188588548474], [-73.99689930652418, 40.71417881282296], [-73.99695352935422, 40.714155512963025], [-73.99702489389234, 40.71413329255605]]}}, {"type": "Feature", "properties": {"cell_id": 119, "tree_count": 22, "tree_ids": ["2124255", "2124256", "2124274", "2124273", "2124275", "2124276", "2124278", "2124277", "2124279", "2124280", "2124281", "14148185", "5349729", "14148183", "2124252", "14148182", "2124282", "2124283", "2124284", "2124285", "2124286", "2124287"]}, "geometry": {"type": "LineString", "coordinates": [[-73.99708123794917, 40.71413139668212], [-73.99714140510048, 40.714124846789815], [-73.99722645215903, 40.71417490931286], [-73.99726034163777, 40.714183268494175], [-73.99723845230112, 40.714208122356055], [-73.99720275535867, 40.71420181426162], [-73.99717845655513, 40.71422940252188], [-73.99721395209724, 40.714235939349045], [-73.99718795786019, 40.71426425150087], [-73.9971568473908, 40.7142916794787], [-73.99710913407326, 40.71429739368382], [-73.9970891001166, 40.71425326771149], [-73.99705280297727, 40.71427494811436], [-73.9970260508453, 40.71424247232646], [-73.99698068782243, 40.714208048408864], [-73.99705031549627, 40.71419002170713], [-73.99709651047287, 40.71434487316029], [-73.99703692811771, 40.71441167512648], [-73.99700748963481, 40.71445551849358], [-73.99696282712415, 40.71451470924158], [-73.99692514471413, 40.714570225609535], [-73.9968743303261, 40.71464275626853]]}}, {"type": "Feature", "properties": {"cell_id": 120, "tree_count": 22, "tree_ids": ["2124288", "15373573", "2124290", "2124291", "2124292", "2124293", "2124295", "2124294", "14582166", "5790423", "14529237", "14529238", "2122837", "14529227", "2122835", "2122834", "13868744", "13869140", "2122831", "13869943", "14495881", "14495060"]}, "geometry": {"type": "LineString", "coordinates": [[-73.99682227858086, 40.71472076152492], [-73.99679867710024, 40.71475841899261], [-73.99677321095034, 40.71479904875047], [-73.99674228005797, 40.71478782466589], [-73.99673631193419, 40.71485689469239], [-73.996700556243, 40.714847170929104], [-73.99665923310238, 40.714902673951215], [-73.99670353477855, 40.71491717557185], [-73.9968720668913, 40.71492864022317], [-73.99690239648368, 40.71487899231975], [-73.99716233984886, 40.71452806073323], [-73.99719215360825, 40.71449388747274], [-73.99722118668853, 40.71445570111593], [-73.9972510780931, 40.7144141936111], [-73.9972781625884, 40.714372598542724], [-73.99732128108231, 40.71431463191325], [-73.99735203459723, 40.714266589582515], [-73.99738930716423, 40.71422377158681], [-73.99741346910976, 40.71417668689672], [-73.99745290082593, 40.71412943613896], [-73.99688795076281, 40.71401324051043], [-73.99641622535202, 40.71345429672954]]}}, {"type": "Feature", "properties": {"cell_id": 121, "tree_count": 22, "tree_ids": ["14495061", "14495062", "14495444", "14495064", "14495065", "14495063", "15197088", "15197089", "15197087", "3904848", "3904849", "15197091", "15197090", "2112801", "2112802", "2112803", "2112804", "15197086", "13807460", "13807459", "2143609", "15325090"]}, "geometry": {"type": "LineString", "coordinates": [[-73.99633920975724, 40.71345516233707], [-73.99620014646172, 40.71347699698333], [-73.9958276603688, 40.71350570572772], [-73.99547815089693, 40.713701617034005], [-73.99536592968848, 40.713711270128854], [-73.9951840488776, 40.71355640036349], [-73.99457985070325, 40.71331441190885], [-73.99456498407446, 40.71322923325039], [-73.99455058255343, 40.713172902627555], [-73.99466267542829, 40.71308556727654], [-73.99472933844284, 40.713079969890494], [-73.99475098994455, 40.71304782514614], [-73.99486396099908, 40.71303642861611], [-73.99506628668969, 40.713012970324485], [-73.99516165521958, 40.71300494022606], [-73.99532442682609, 40.712991235723806], [-73.99547715989871, 40.71297837747076], [-73.9961442611343, 40.712936918676746], [-73.99675036081017, 40.712881482330175], [-73.99695890360293, 40.712865383138706], [-73.99709338197243, 40.71239709765313], [-73.99706686762327, 40.71239124263222]]}}, {"type": "Feature", "properties": {"cell_id": 122, "tree_count": 22, "tree_ids": ["14155381", "14514584", "2143612", "2143614", "2143615", "2143616", "14204050", "14204036", "14155384", "2143620", "14204045", "14155383", "2125449", "2125450", "13807457", "2125451", "2125452", "13804607", "13804608", "14177846", "12246717", "12231919"]}, "geometry": {"type": "LineString", "coordinates": [[-73.99707293599569, 40.712319595351524], [-73.99705220304791, 40.712241015719066], [-73.99700057380862, 40.712177794511796], [-73.99713214887036, 40.71213284209442], [-73.99722893456229, 40.71212783184329], [-73.99733279177893, 40.712120204429894], [-73.99749496359674, 40.712179950676855], [-73.99776400454381, 40.71233489688531], [-73.99779969912689, 40.71231570253802], [-73.99775550646812, 40.71225464331191], [-73.99773226658887, 40.71217478457889], [-73.99776016017573, 40.71214944296636], [-73.99789341327461, 40.712158447157556], [-73.9979109262545, 40.71221565346268], [-73.99794417955522, 40.71233008089942], [-73.99799996587419, 40.712506496306254], [-73.99801944323013, 40.7125701185071], [-73.99882795705697, 40.71223061911428], [-73.99879742986181, 40.7121329327207], [-73.99851406282905, 40.711969124301575], [-73.99764458842536, 40.71189329146106], [-73.99740295535165, 40.71192564014641]]}}, {"type": "Feature", "properties": {"cell_id": 123, "tree_count": 21, "tree_ids": ["2128081", "2128080", "2128079", "2128077", "2123033", "2128071", "2128072", "2128073", "2128074", "2128075", "2128076", "5042233", "2114776", "2122364", "2122365", "10197193", "12733003", "156568", "2114587", "2114588", "10202004"]}, "geometry": {"type": "LineString", "coordinates": [[-73.98123646240602, 40.73068693724572], [-73.98130271755257, 40.7307149033543], [-73.98141314141738, 40.73076151230651], [-73.98231074184164, 40.73114037614276], [-73.98266931331996, 40.73100148602083], [-73.98281105111164, 40.73122324916185], [-73.98289488165288, 40.731109534436946], [-73.98297182851857, 40.73100515537338], [-73.98301912715839, 40.73094099570268], [-73.98306007096427, 40.73088545475201], [-73.98309395538988, 40.73083948965822], [-73.98307576995985, 40.73077634332321], [-73.98326031302362, 40.730791826128964], [-73.98328457038765, 40.73057793374078], [-73.98339588853531, 40.730424968624995], [-73.98349880771066, 40.73028669292635], [-73.98353619887915, 40.730131251917946], [-73.98331952781521, 40.730105944397046], [-73.98320877495196, 40.73027815998394], [-73.98313828287684, 40.73036630607753], [-73.9830756200461, 40.73045207048725]]}}, {"type": "Feature", "properties": {"cell_id": 124, "tree_count": 21, "tree_ids": ["4608326", "2114635", "2114636", "2114637", "2122362", "2122363", "2114554", "15208846", "2114619", "2114618", "2114617", "5243736", "2114638", "2114639", "2114640", "164941", "14041170", "2114552", "2114616", "2114615", "2114614"]}, "geometry": {"type": "LineString", "coordinates": [[-73.98302907924878, 40.73049364153327], [-73.98284753588585, 40.730494364867305], [-73.9827570860243, 40.730456579523505], [-73.98268371274393, 40.73042592732312], [-73.98265156816649, 40.73053054626524], [-73.9827423726981, 40.7305689790495], [-73.98320729029096, 40.729926508567544], [-73.98327483527058, 40.729954968360275], [-73.98338351421651, 40.72989157909937], [-73.9832850235608, 40.72985010931587], [-73.98320231588657, 40.729815285203266], [-73.98304284900702, 40.729857221136264], [-73.9825141987929, 40.73035511046508], [-73.98244715198179, 40.730327100901015], [-73.98229028799302, 40.73026156872208], [-73.98272308433353, 40.729731204192134], [-73.98279413510812, 40.72975242607273], [-73.98290081698254, 40.729797376471005], [-73.98302869333665, 40.72974218120079], [-73.98297376500284, 40.72971905252938], [-73.98292578222336, 40.72969884917011]]}}, {"type": "Feature", "properties": {"cell_id": 125, "tree_count": 21, "tree_ids": ["2114613", "2114612", "2114611", "5354540", "2114610", "2114550", "2114549", "13868743", "243046", "15763356", "14040364", "2114547", "2114548", "2114644", "10202002", "2114642", "2122361", "2122360", "2122359", "2122358", "2122357"]}, "geometry": {"type": "LineString", "coordinates": [[-73.98284559953944, 40.72966508819584], [-73.98278120121515, 40.729637972407296], [-73.98270670224548, 40.72960660469776], [-73.98257492754621, 40.72965943452901], [-73.98257538051729, 40.7295513100975], [-73.98234058166446, 40.72956132013325], [-73.9822648315917, 40.729529402422614], [-73.98235577361766, 40.729462715972566], [-73.98200124501348, 40.72930850189975], [-73.98187409146296, 40.72936475916708], [-73.98196688346302, 40.72940385848541], [-73.98207609031893, 40.729449873638366], [-73.98214931411086, 40.72948072748912], [-73.98184689669321, 40.73007633333171], [-73.98192912228214, 40.730110685442504], [-73.98205942101444, 40.73016511887725], [-73.9820266549331, 40.73026605100245], [-73.98198062172324, 40.730246568625255], [-73.98188540468527, 40.73020626639526], [-73.98182297545306, 40.73017984286151], [-73.98175991868669, 40.730153153868066]]}}, {"type": "Feature", "properties": {"cell_id": 126, "tree_count": 20, "tree_ids": ["2122356", "15208702", "2114645", "2114646", "15192624", "2114647", "2122355", "2122354", "2122353", "2114649", "2114648", "2114543", "242646", "2114609", "11142892", "3735102", "3754790", "2114727", "3736105", "3741386"]}, "geometry": {"type": "LineString", "coordinates": [[-73.98169591495952, 40.730126063269005], [-73.98157202083596, 40.730080166637066], [-73.98162931319634, 40.729985431980374], [-73.98153443707118, 40.72994579568806], [-73.98140474711047, 40.73000789435202], [-73.9813921219682, 40.72988633910104], [-73.98123432859661, 40.72993069161548], [-73.98110947422089, 40.72987784437841], [-73.98101394181694, 40.72983740871072], [-73.98109231414907, 40.729761085380424], [-73.98120616518193, 40.72980865061821], [-73.98165568146645, 40.729272728945446], [-73.9817201808034, 40.72919171058247], [-73.98162457017565, 40.72915095346807], [-73.98150513045519, 40.72920929185601], [-73.98153623916295, 40.72894090490557], [-73.98158659388437, 40.72887175655767], [-73.98143164739115, 40.72877304111847], [-73.98169778898252, 40.7287190543515], [-73.98176807304446, 40.72862253643755]]}}, {"type": "Feature", "properties": {"cell_id": 127, "tree_count": 17, "tree_ids": ["2122507", "157367", "2122506", "1440900", "15197077", "15197078", "1440898", "14161747", "14495059", "3904861", "1440897", "14495058", "14520754", "14495057", "3904863", "3904884", "3904883"]}, "geometry": {"type": "LineString", "coordinates": [[-74.00022262850267, 40.71326472987337], [-73.9996337695914, 40.71335164867118], [-73.99919054025446, 40.713416286685785], [-73.99898354215243, 40.71357702113669], [-73.999302772832, 40.71372800140315], [-73.99938146038413, 40.71377071148391], [-73.99975749879944, 40.71393856133794], [-73.99985573793656, 40.71399285345383], [-73.99986495930368, 40.71414721941177], [-73.99990998404701, 40.714217119375604], [-74.00011647699164, 40.71411283615077], [-74.00013501013825, 40.71427321081458], [-74.00014733419341, 40.71432913016262], [-74.00021047413794, 40.71430987499286], [-74.00035366677677, 40.714457893322155], [-73.99975594919083, 40.71496833624839], [-73.99976391204136, 40.71501919153899]]}}, {"type": "Feature", "properties": {"cell_id": 128, "tree_count": 17, "tree_ids": ["3904882", "3904881", "14198151", "14198149", "3904870", "14198148", "14198153", "11137681", "11137682", "16434527", "2125935", "2125934", "2125933", "2125932", "11137692", "2125930", "15197060"]}, "geometry": {"type": "LineString", "coordinates": [[-73.99976532474764, 40.71505868522082], [-73.99976937898374, 40.71511113761019], [-74.00051877594323, 40.715235545818686], [-74.00059845581056, 40.71527927690626], [-74.00060606922567, 40.71534019454591], [-74.0005094106292, 40.71534398621511], [-74.00051267408215, 40.71539151573692], [-74.00052528346818, 40.715540486999664], [-74.00046735472013, 40.71562864381785], [-74.00039063714208, 40.71573526604867], [-73.99992186767209, 40.71606742103246], [-73.99985784978887, 40.716045239874894], [-73.99979087620439, 40.71602203510938], [-73.99972456024963, 40.715999057320964], [-73.99965725984555, 40.715975738683554], [-73.99958601850518, 40.71595105561794], [-73.99966228169473, 40.71609167566959]]}}, {"type": "Feature", "properties": {"cell_id": 129, "tree_count": 18, "tree_ids": ["2123380", "2123382", "15197131", "15192614", "262465", "2123396", "2123397", "15197130", "15197129", "15197128", "6423226", "15197127", "15197125", "15197133", "2123375", "2123376", "15197132", "2123378"]}, "geometry": {"type": "LineString", "coordinates": [[-73.97863612890265, 40.71364964877373], [-73.9789211767368, 40.713739591686746], [-73.9790132603273, 40.713762966430735], [-73.97909454319719, 40.71360977721006], [-73.9789713373105, 40.71357439252082], [-73.97884377521315, 40.71353400285556], [-73.97876264391988, 40.71350948806103], [-73.97868588897416, 40.71349570603735], [-73.9785903967133, 40.71346411898492], [-73.97848277678833, 40.71343057108522], [-73.97835213098759, 40.713385980240844], [-73.97821923243505, 40.71353900193614], [-73.97829828698525, 40.713566417020175], [-73.97736379831628, 40.713815726165784], [-73.97741674096976, 40.71371300357194], [-73.97748337796075, 40.713583705190686], [-73.97754277154979, 40.71346846139445], [-73.97779556016285, 40.713395121222575]]}}, {"type": "Feature", "properties": {"cell_id": 130, "tree_count": 18, "tree_ids": ["12163045", "12163044", "2123399", "15197134", "5028321", "5028322", "2137200", "2137201", "2137202", "2137203", "2137204", "2137205", "2137207", "2137208", "2137212", "2137209", "2137210", "2137211"]}, "geometry": {"type": "LineString", "coordinates": [[-73.97783323099962, 40.7133231533985], [-73.9777596567799, 40.713298122421065], [-73.97773963945288, 40.71308369090641], [-73.97779724254596, 40.71299870247729], [-73.97785177064671, 40.71286772780195], [-73.97800445983441, 40.71257365126841], [-73.97806977052534, 40.71220195262113], [-73.97811864395042, 40.71211936230952], [-73.9782454956149, 40.71198749938837], [-73.97832262405858, 40.71192167967429], [-73.9783974432616, 40.711862189582426], [-73.97858138691234, 40.71171985771293], [-73.97881704079113, 40.71154745991303], [-73.97887926262754, 40.7115126431714], [-73.97914492604073, 40.71141870293934], [-73.97918329034545, 40.71139428778851], [-73.97925296769183, 40.71136273102567], [-73.97934827968425, 40.7113247028985]]}}, {"type": "Feature", "properties": {"cell_id": 131, "tree_count": 22, "tree_ids": ["2116413", "2116412", "2116411", "2116410", "13485476", "2116408", "15192625", "15208728", "15208731", "15208714", "2116425", "5250533", "15208709", "15208712", "5242934", "2111184", "2111185", "2111186", "156929", "2116420", "2116419", "2030868"]}, "geometry": {"type": "LineString", "coordinates": [[-73.98761263826276, 40.73290306265243], [-73.9877729647893, 40.733444032530656], [-73.98784934407735, 40.73347758436943], [-73.9879526807199, 40.73352070387689], [-73.98856187361307, 40.733777483414045], [-73.98877434712072, 40.73386269004893], [-73.98975452590264, 40.73402734829432], [-73.98974368800512, 40.73377004437518], [-73.98974828862139, 40.73372079703642], [-73.98937981533938, 40.7333845489976], [-73.9892367555538, 40.73331838485303], [-73.98912982176229, 40.73327775702162], [-73.98900653176501, 40.73321698618099], [-73.98887655572675, 40.73316813079825], [-73.98894006003063, 40.73306906672653], [-73.98878889829629, 40.73300476024333], [-73.98866922770077, 40.732953849921344], [-73.98854640933506, 40.73290160109385], [-73.98832399042774, 40.73280677665748], [-73.98824156554028, 40.73289304733578], [-73.98816766243098, 40.73286198458611], [-73.98794189878194, 40.73264412488008]]}}, {"type": "Feature", "properties": {"cell_id": 132, "tree_count": 22, "tree_ids": ["589787", "2122152", "2122151", "2122150", "4608542", "15208843", "2122147", "2118089", "13587730", "2122146", "2122145", "2118093", "2118094", "2118095", "13584049", "2118096", "436306", "2122143", "2122144", "2118070", "2118069", "2118068"]}, "geometry": {"type": "LineString", "coordinates": [[-73.98789605077664, 40.732517614909895], [-73.98765470085173, 40.73241825204916], [-73.98772068838001, 40.73232745118864], [-73.98783241284553, 40.732173715621215], [-73.98793618492682, 40.73204256844011], [-73.98791541967283, 40.73191900312604], [-73.9877856574537, 40.7318577871236], [-73.98771939803594, 40.73171786563174], [-73.98763345814915, 40.731681811514214], [-73.98725585240048, 40.73163373255957], [-73.98711141737755, 40.73157265140775], [-73.987217034805, 40.731507105283264], [-73.98713299259664, 40.73147184583714], [-73.98705906000018, 40.73144082754042], [-73.98697963556249, 40.73140212554893], [-73.98691246001717, 40.73137932217255], [-73.98680353929527, 40.73144224983033], [-73.986898234143, 40.731482495318836], [-73.98698527371553, 40.73151930548982], [-73.98749499393296, 40.73090507666247], [-73.9873946036035, 40.73086281478678], [-73.98715720014367, 40.73076287432147]]}}, {"type": "Feature", "properties": {"cell_id": 133, "tree_count": 22, "tree_ids": ["2118101", "2118100", "2118099", "2121494", "2121495", "2119525", "2119524", "2119523", "13826743", "15971272", "10196366", "10196367", "2119538", "164956", "2119537", "2119527", "2119528", "2119536", "2119535", "2119529", "2121512", "2121514"]}, "geometry": {"type": "LineString", "coordinates": [[-73.98635373258142, 40.7305722352854], [-73.98630905910228, 40.73063373594369], [-73.98626054556878, 40.73070052149519], [-73.98608323867487, 40.730594617269205], [-73.9861256648221, 40.730536562238846], [-73.98567740267025, 40.730023583492915], [-73.98541755347304, 40.7299136886117], [-73.98527343878797, 40.729852738986814], [-73.9851823453431, 40.72992489264025], [-73.98527535449317, 40.72996308583507], [-73.98539097201473, 40.73001882424311], [-73.98547062407354, 40.73004637050787], [-73.98558076582519, 40.73009197759898], [-73.98566988042148, 40.73012919102371], [-73.98577638059228, 40.73017453157572], [-73.98583602503133, 40.730090667209005], [-73.98592842272996, 40.73012974441193], [-73.98594675724861, 40.730246433634726], [-73.98602689633731, 40.73028025477005], [-73.98615547746458, 40.730225768037755], [-73.98636407172489, 40.73020654304406], [-73.98646815224647, 40.73006590719513]]}}, {"type": "Feature", "properties": {"cell_id": 134, "tree_count": 22, "tree_ids": ["2121515", "2121516", "13518640", "13519400", "2114569", "2114568", "13519401", "2114567", "2114634", "2114633", "2114632", "16153939", "2114565", "2114630", "2114562", "2114561", "2114560", "2114627", "2114626", "2114625", "11796974", "11795713"]}, "geometry": {"type": "LineString", "coordinates": [[-73.9865626743478, 40.729938187639725], [-73.98663276887665, 40.729843473715306], [-73.9865676421895, 40.729733202446276], [-73.9865026594034, 40.729704007803484], [-73.9864503889566, 40.729564444568304], [-73.98636084786804, 40.72952654321806], [-73.9862584250446, 40.72948671207054], [-73.98615717331232, 40.729440331299394], [-73.98618024351751, 40.72956108959357], [-73.98608501589695, 40.72952080112425], [-73.98601627662563, 40.729491718973264], [-73.98593113880396, 40.72945569912428], [-73.98590179392552, 40.729332232995034], [-73.98577473961647, 40.729389529010945], [-73.98576874521386, 40.72927591482732], [-73.98570190489217, 40.7292476218396], [-73.98562150792844, 40.729213589437826], [-73.98554392650243, 40.7292918755961], [-73.98546320486885, 40.72925772353201], [-73.98535410501403, 40.72921156464532], [-73.9853853116207, 40.72911501382159], [-73.98540765908203, 40.729120785789284]]}}, {"type": "Feature", "properties": {"cell_id": 135, "tree_count": 22, "tree_ids": ["2123494", "2123495", "2123496", "2123498", "2123499", "15740091", "15971179", "2123502", "2123503", "2123504", "2123505", "2123507", "2123510", "2123512", "2116279", "2116278", "2116277", "2116276", "2116275", "2116274", "2116273", "2116272"]}, "geometry": {"type": "LineString", "coordinates": [[-73.99154736730992, 40.72124669861071], [-73.991489066378, 40.72127481608376], [-73.99146827547722, 40.72139679676522], [-73.99134106228848, 40.72145923853198], [-73.99138289069559, 40.72153181994884], [-73.991277279672, 40.721579937906434], [-73.99132968058743, 40.72161854975242], [-73.99129057603474, 40.72169474129748], [-73.9912409363206, 40.72171977201662], [-73.99125317793737, 40.72176760779759], [-73.99122234455798, 40.72178030167447], [-73.99119310759727, 40.72184946678318], [-73.9911162253995, 40.72198292018041], [-73.99108268124527, 40.72206045129341], [-73.9908888551549, 40.72202789014587], [-73.99092703637264, 40.72195378182515], [-73.99096785102066, 40.72187456387234], [-73.99099944866401, 40.72181323243191], [-73.9910428958923, 40.72172890254412], [-73.99108634301065, 40.721644572067106], [-73.99111794043583, 40.72158324173591], [-73.99115743751143, 40.72150657737947]]}}, {"type": "Feature", "properties": {"cell_id": 136, "tree_count": 22, "tree_ids": ["2116271", "2116270", "13824643", "2116229", "2116209", "5243734", "13883309", "2116232", "11139392", "2145220", "2145221", "2118662", "2145222", "2145223", "2118661", "2118660", "2145224", "2118659", "2118658", "2145226", "2118657", "2118656"]}, "geometry": {"type": "LineString", "coordinates": [[-73.99119825161179, 40.72142735876839], [-73.99123116519277, 40.72136347187666], [-73.99129801118383, 40.72123092912209], [-73.99130916293008, 40.72100230357148], [-73.99122779897915, 40.72089421165935], [-73.99114244694441, 40.72086884412507], [-73.99112553863405, 40.72094807257298], [-73.99093453348377, 40.72089302299087], [-73.99081013940824, 40.720855720434194], [-73.99061411998714, 40.720898600054994], [-73.99056672946452, 40.72099177673985], [-73.99040788627887, 40.72107766370003], [-73.99050293319351, 40.72111720696976], [-73.99045684446907, 40.72120782193927], [-73.99036126531205, 40.721168415825346], [-73.99032081796942, 40.72124715498426], [-73.99040268357305, 40.721314309499], [-73.99027485383685, 40.72133663024319], [-73.99023545655479, 40.72141332404204], [-73.99033315796667, 40.72145100181117], [-73.99018870505608, 40.72150433283164], [-73.9901487813134, 40.721582048976806]]}}, {"type": "Feature", "properties": {"cell_id": 137, "tree_count": 22, "tree_ids": ["2118655", "2118654", "2145229", "2145228", "2145227", "1498738", "2116248", "2118645", "15216659", "15216662", "2116199", "2118734", "2118733", "15725577", "15725580", "15728929", "15728938", "15728937", "15728936", "15728934", "15728933", "15728932"]}, "geometry": {"type": "LineString", "coordinates": [[-73.99010885898096, 40.72165976396384], [-73.9900628935275, 40.721749240276715], [-73.99016702730701, 40.72177762944812], [-73.99020582655787, 40.72170134791114], [-73.99024592559009, 40.72162250698312], [-73.9895634123972, 40.72123818550803], [-73.98973984059893, 40.72089180251933], [-73.9900727679859, 40.72063361222764], [-73.9901409410647, 40.72057905570936], [-73.99040622766323, 40.72073741983021], [-73.99080058355234, 40.72053102899156], [-73.99175623224447, 40.72033669754003], [-73.99169842062403, 40.72045005593495], [-73.99188839166978, 40.720554915836615], [-73.9919090940699, 40.720503394737214], [-73.99182382170598, 40.72051059370539], [-73.99180172576735, 40.7205686186252], [-73.9917802026946, 40.72061281056823], [-73.99181339430874, 40.72069447751556], [-73.99171946702573, 40.72072787508578], [-73.99177103940426, 40.72078380781954], [-73.99167212642512, 40.720807788755984]]}}, {"type": "Feature", "properties": {"cell_id": 138, "tree_count": 22, "tree_ids": ["15728931", "15763351", "15763350", "15725573", "15725579", "15725576", "15725581", "15725575", "15725578", "15725574", "15725582", "2147362", "2147360", "3929221", "2116156", "2116155", "2116154", "5930395", "5096371", "12251647", "5101310", "5100980"]}, "geometry": {"type": "LineString", "coordinates": [[-73.99164208586515, 40.720873373162966], [-73.99149365996972, 40.720851542031895], [-73.99152250203272, 40.720790808364576], [-73.99196664510546, 40.72040439988605], [-73.99189028496329, 40.720381364861204], [-73.99193012315703, 40.720304687671266], [-73.99195946081907, 40.72024233280153], [-73.99198589550929, 40.72019536495542], [-73.99201538845415, 40.72014088639618], [-73.99204394636665, 40.72008666165468], [-73.99207428523856, 40.72003424513836], [-73.9925306430799, 40.71985977930233], [-73.99268833264084, 40.71990718512547], [-73.99299724437704, 40.719773578587244], [-73.99323159952415, 40.719581210140355], [-73.99332983836673, 40.719390580902854], [-73.99341517062896, 40.7192249927661], [-73.9932688380863, 40.71919401541196], [-73.99312650332047, 40.719242306762446], [-73.99309169118783, 40.71930585272069], [-73.99250214541524, 40.7193160452113], [-73.99257957775885, 40.719190754820445]]}}, {"type": "Feature", "properties": {"cell_id": 139, "tree_count": 22, "tree_ids": ["5101441", "5095590", "5096531", "5109356", "5107268", "2110858", "2110859", "2110860", "2110861", "13842560", "2110862", "2147370", "2147371", "2147372", "2147373", "2147374", "1959660", "2112709", "2112710", "2112711", "2112712", "2112713"]}, "geometry": {"type": "LineString", "coordinates": [[-73.9925997929054, 40.7191463287592], [-73.9926138813684, 40.71912173776292], [-73.9926170016218, 40.71906947145284], [-73.99263645599682, 40.719039849310285], [-73.99265092621528, 40.71901526004902], [-73.99246072714068, 40.71896123717409], [-73.99243223601123, 40.71901700710243], [-73.99240021397287, 40.719079685006726], [-73.99235995819043, 40.71915847981169], [-73.9922690579549, 40.719305663754405], [-73.99223631338552, 40.71940049241526], [-73.99176655461888, 40.71962883804952], [-73.99164445389138, 40.71959207578262], [-73.99158004947179, 40.71957268508444], [-73.9915263777731, 40.719556524807324], [-73.99143715096122, 40.71952966016415], [-73.99141934312334, 40.7196835534881], [-73.99153252005515, 40.71971825905526], [-73.99166919999949, 40.71975980924179], [-73.9917462514984, 40.71978323273386], [-73.99182531041318, 40.7198072675976], [-73.99190236127025, 40.71983069098506]]}}, {"type": "Feature", "properties": {"cell_id": 140, "tree_count": 22, "tree_ids": ["2147368", "15208618", "2110889", "2110890", "2110891", "516754", "2145846", "2145845", "2145844", "2145843", "1445837", "2112671", "2112672", "2112673", "2112674", "1445836", "2116187", "2116188", "4610196", "2116238", "2116189", "2116190"]}, "geometry": {"type": "LineString", "coordinates": [[-73.99195909944608, 40.71968680782153], [-73.99201217582174, 40.719542365700455], [-73.99195186336199, 40.71951258658], [-73.9918174525219, 40.71947264371676], [-73.99170521815088, 40.71943929086228], [-73.9916156657471, 40.71941441342499], [-73.99109967166281, 40.7192528050029], [-73.99099085900701, 40.71922033289761], [-73.99089850270636, 40.71919277225174], [-73.99078398163108, 40.7191585960329], [-73.9906285491091, 40.719282327533385], [-73.99063282273512, 40.71944633983355], [-73.9907146059168, 40.719471105903075], [-73.99083459933443, 40.71950744183589], [-73.99096196843398, 40.719546011198695], [-73.9911588782144, 40.719444966737356], [-73.99120483052224, 40.71973945376476], [-73.9911632821466, 40.71982081153643], [-73.99108016903584, 40.71976093678248], [-73.99100658904929, 40.719900767390115], [-73.99109011592296, 40.71996408289802], [-73.99102478808122, 40.72009200418462]]}}, {"type": "Feature", "properties": {"cell_id": 141, "tree_count": 22, "tree_ids": ["2116191", "2116192", "2116193", "2116194", "2116196", "2116195", "2116197", "2116198", "2116242", "2116241", "2116240", "2116239", "2116201", "2116351", "2116350", "2116349", "2116348", "2123477", "2123444", "2123478", "2123479", "2123446"]}, "geometry": {"type": "LineString", "coordinates": [[-73.99099107948119, 40.720158011292455], [-73.99095737081431, 40.72022401896164], [-73.99101695055694, 40.72024363607274], [-73.99097779711379, 40.720306772189886], [-73.99089073663008, 40.72035449726563], [-73.99095273570997, 40.72037467441742], [-73.99092297967196, 40.72042232395043], [-73.99086434405032, 40.72040617727078], [-73.99074664591453, 40.720406966138825], [-73.99076765206809, 40.72036606119522], [-73.99080703759716, 40.72028936319981], [-73.9908332955681, 40.720238232719915], [-73.99017159396578, 40.72004482758381], [-73.98982396286083, 40.719837098598454], [-73.98978772864523, 40.71990824812554], [-73.98965660610313, 40.720165718270785], [-73.98962636715171, 40.720225095553374], [-73.98976841000034, 40.72032160198342], [-73.98985196232523, 40.72030235375003], [-73.98980836155312, 40.72024183653935], [-73.98984857162894, 40.72016155817652], [-73.9899341220251, 40.720143189525835]]}}, {"type": "Feature", "properties": {"cell_id": 142, "tree_count": 22, "tree_ids": ["2123480", "2123447", "2123448", "2123482", "2123449", "2123483", "2123450", "2123451", "2123484", "2123485", "2116352", "2116353", "2112662", "2147379", "2147380", "2110938", "4817597", "4663664", "13842551", "4817596", "2110809", "2110810"]}, "geometry": {"type": "LineString", "coordinates": [[-73.98988890941406, 40.720081021917], [-73.98997157547105, 40.72007063337207], [-73.99000889576915, 40.71999833394322], [-73.99000251054596, 40.71992744083472], [-73.99005439241273, 40.71991019222955], [-73.99001069577798, 40.719837876050434], [-73.99009593379944, 40.71982971661218], [-73.9901320667632, 40.71975971577481], [-73.99005116097578, 40.71975708413596], [-73.99010074828217, 40.719658080941585], [-73.98994517705323, 40.7195990785806], [-73.9899815424949, 40.71952767283492], [-73.98997906904118, 40.71924812288149], [-73.99007557856092, 40.71911657663689], [-73.99002264260764, 40.719100494633025], [-73.99007165706574, 40.71894407902939], [-73.99034641784733, 40.71882271769208], [-73.99070427322837, 40.71857259146628], [-73.99049502373845, 40.718528308841314], [-73.99057194752153, 40.71838433650892], [-73.99047518109305, 40.71813488248841], [-73.99038953743546, 40.71811009991089]]}}, {"type": "Feature", "properties": {"cell_id": 143, "tree_count": 22, "tree_ids": ["2110845", "2110846", "2110847", "10183263", "2110849", "987910", "2110850", "327008", "16154668", "2110841", "16293530", "16293531", "2116114", "10183638", "2116116", "2116117", "2111110", "2111109", "2111108", "2111107", "2111106", "15208589"]}, "geometry": {"type": "LineString", "coordinates": [[-73.99034398008389, 40.718011502609734], [-73.99039624097419, 40.71790857791356], [-73.9904427808311, 40.7178169182416], [-73.99047216173723, 40.71775905370342], [-73.99051194236372, 40.71768070838715], [-73.99055407417218, 40.71759918676139], [-73.99058006243874, 40.7175465461089], [-73.99048361503918, 40.71750804234557], [-73.99051248110733, 40.71743864118254], [-73.9905540544359, 40.71737254906265], [-73.9908759804292, 40.717311641923224], [-73.99095714486111, 40.71733610013685], [-73.99074271656721, 40.71699894019966], [-73.9904387895169, 40.71704581301936], [-73.9902507244745, 40.71698820131277], [-73.99018379948424, 40.71696769798515], [-73.99006206635354, 40.71685291253148], [-73.99009775196829, 40.716783662444776], [-73.99013541160092, 40.71671057842847], [-73.99021758202106, 40.716551124011424], [-73.99026024499284, 40.71646833135889], [-73.99019315238645, 40.71638512568402]]}}, {"type": "Feature", "properties": {"cell_id": 144, "tree_count": 21, "tree_ids": ["10183251", "4614207", "923093", "2110957", "2110956", "10183645", "10183644", "13851728", "2110935", "2110936", "2110937", "2116393", "2125023", "3892013", "2125022", "2111067", "15192619", "2111100", "14179392", "15319665", "15208592"]}, "geometry": {"type": "LineString", "coordinates": [[-73.99036756982164, 40.71606543699411], [-73.99070357162616, 40.71562817621073], [-73.99069957805757, 40.71540728268721], [-73.9908313358347, 40.71535692174842], [-73.9909151247175, 40.71519176297777], [-73.99081654738976, 40.71517210895847], [-73.99085497892384, 40.715096897563065], [-73.99100949042408, 40.715056792192975], [-73.99091118916128, 40.714986894854725], [-73.99093524247961, 40.714939823528546], [-73.99099119085682, 40.71483033368546], [-73.99097135098575, 40.71468587707244], [-73.99103183445763, 40.71453160449639], [-73.99106661015264, 40.71456215296065], [-73.99108934085292, 40.71453533268778], [-73.99113358862085, 40.714446993107366], [-73.99141136020678, 40.71467786973347], [-73.99165222660594, 40.714743491815305], [-73.9920060249624, 40.71475560188037], [-73.99189923330219, 40.71446921461918], [-73.99214193926852, 40.71454631805837]]}}, {"type": "Feature", "properties": {"cell_id": 145, "tree_count": 21, "tree_ids": ["15208594", "15216543", "13807975", "13807977", "13804630", "12158987", "12158988", "12158986", "12158989", "14496830", "14495882", "1448004", "2124934", "2124933", "1448005", "1448006", "2124932", "1448007", "2124931", "13436528", "15208596"]}, "geometry": {"type": "LineString", "coordinates": [[-73.99223558063122, 40.71445865902842], [-73.99219010890671, 40.71436485145212], [-73.99294910073199, 40.71420880586955], [-73.9929361145478, 40.71411131687152], [-73.99292410983203, 40.71402120161804], [-73.9930577261388, 40.71402155856656], [-73.99306824308785, 40.71409694235398], [-73.99308571955365, 40.71415961945687], [-73.99309206366577, 40.71421117674702], [-73.99303624611295, 40.71450193623024], [-73.99299424794778, 40.7145892616883], [-73.99274587760347, 40.7145317098227], [-73.99267401120701, 40.71452887416508], [-73.99267986513537, 40.7146002028734], [-73.9927412657609, 40.71463373401804], [-73.9927043753864, 40.71473254365667], [-73.99259752208562, 40.714805326754785], [-73.99265375885783, 40.71483535689907], [-73.9925258423488, 40.71493811308919], [-73.99241680462083, 40.71479295842164], [-73.99249213190777, 40.71455642327995]]}}, {"type": "Feature", "properties": {"cell_id": 146, "tree_count": 17, "tree_ids": ["2125507", "2125508", "2125509", "2125510", "2125511", "15218043", "2125563", "2125564", "2137804", "2125565", "2137803", "2137802", "2125567", "2125568", "2125569", "2137801", "2125570"]}, "geometry": {"type": "LineString", "coordinates": [[-73.99120012162565, 40.72755728694253], [-73.99124991176473, 40.72746745600565], [-73.99128365358823, 40.72737488365069], [-73.99130775569253, 40.72730875914455], [-73.99134245981247, 40.72721354044031], [-73.99123688121462, 40.7270035362811], [-73.99112961269998, 40.726958267032124], [-73.99101603385716, 40.72691033191774], [-73.99106474596742, 40.726808785432816], [-73.9908425110445, 40.7268371007228], [-73.9907891483666, 40.72669221334467], [-73.99070653316059, 40.72665726709775], [-73.99061851032066, 40.72674256413696], [-73.99055856565177, 40.726717265161284], [-73.99048600166718, 40.72668664142803], [-73.99055895956931, 40.72659484618743], [-73.9903471843185, 40.726628055623536]]}}, {"type": "Feature", "properties": {"cell_id": 147, "tree_count": 16, "tree_ids": ["2137800", "2137799", "2125571", "2137798", "2137797", "6605402", "2137805", "2137808", "2137807", "2137806", "2140455", "2140441", "12216775", "2140454", "2140453", "2140442"]}, "geometry": {"type": "LineString", "coordinates": [[-73.99022597486817, 40.726453997516636], [-73.99016101822801, 40.726426520400395], [-73.9900723906344, 40.72651208001236], [-73.98994975262197, 40.72633715517486], [-73.98983497465834, 40.726288605219096], [-73.98962211039887, 40.726088476873905], [-73.98969203440235, 40.72599230172699], [-73.98950670723251, 40.72589516748096], [-73.98961373906317, 40.72574824291075], [-73.98966742996932, 40.725674541294474], [-73.9901784839908, 40.72576449854251], [-73.99046215931882, 40.72576350454295], [-73.99057832804954, 40.72580717690079], [-73.99051063550044, 40.7259042202297], [-73.99057757149008, 40.72593237778368], [-73.99079658116408, 40.72590464143036]]}}, {"type": "Feature", "properties": {"cell_id": 148, "tree_count": 23, "tree_ids": ["2117735", "4634305", "1166511", "2117745", "2117744", "2117743", "2117742", "16456361", "2117741", "2117740", "2561960", "2117295", "2117294", "2117293", "2117292", "2123277", "2123278", "2123279", "2123280", "5242135", "2123281", "2123283", "1623180"]}, "geometry": {"type": "LineString", "coordinates": [[-73.98785820007818, 40.73015678604294], [-73.98797933001916, 40.730207948982915], [-73.98804705442713, 40.730238036835786], [-73.98796533822394, 40.730311642089966], [-73.98789149750358, 40.73028050139015], [-73.98783974567817, 40.73025867627552], [-73.98772235583041, 40.73020916959031], [-73.98769745511811, 40.73006477164302], [-73.98751282522095, 40.730120802533214], [-73.98741941940985, 40.73008140912926], [-73.98751910788774, 40.72993167469949], [-73.98762929216785, 40.72992478410137], [-73.98770985754993, 40.72991989391183], [-73.98777927235307, 40.729915680666394], [-73.9878497665742, 40.729911400589586], [-73.9880344934789, 40.7300052236655], [-73.98815829978277, 40.72999851924693], [-73.988297939649, 40.729990957425706], [-73.98839547059909, 40.72998567506445], [-73.9884736012333, 40.72998116893278], [-73.98856678208267, 40.72997639834521], [-73.9887719232783, 40.72996528911959], [-73.9889422546544, 40.72984614661933]]}}, {"type": "Feature", "properties": {"cell_id": 149, "tree_count": 22, "tree_ids": ["15389717", "580235", "14051594", "13851737", "13852138", "580231", "589711", "589712", "589713", "589714", "589715", "589716", "589733", "15976905", "4918338", "5251332", "5227352", "580288", "2117239", "10196385", "2117241", "465909"]}, "geometry": {"type": "LineString", "coordinates": [[-73.98910048546637, 40.730031370940125], [-73.98927748503701, 40.73061484590751], [-73.98934660139462, 40.7305206591863], [-73.98942468562217, 40.7304142487927], [-73.98950206662292, 40.73030879722939], [-73.98974054206242, 40.730298528178594], [-73.98979231351642, 40.73019648048974], [-73.98988944222857, 40.73023755803233], [-73.98996891133253, 40.73027116536211], [-73.99020542724729, 40.73037118973799], [-73.99028363541699, 40.730404263230895], [-73.99036247504287, 40.730437604908865], [-73.99055163057552, 40.730081186660904], [-73.9905639704226, 40.730000053847114], [-73.99054295746646, 40.72986004443609], [-73.99046840967789, 40.7298273985724], [-73.99038721002444, 40.72980218581793], [-73.99026580610727, 40.72925706544499], [-73.9899869417362, 40.729217477595334], [-73.99006972091904, 40.72911911500626], [-73.99011142752843, 40.72904778582441], [-73.98976282319774, 40.72873006531213]]}}, {"type": "Feature", "properties": {"cell_id": 150, "tree_count": 22, "tree_ids": ["463910", "2140479", "2124682", "2124683", "2124684", "10196373", "2131027", "13852133", "11776828", "2131013", "2131012", "2131011", "2131010", "11142887", "2125502", "2131009", "5248132", "2131008", "5240934", "2131007", "2131006", "2125499"]}, "geometry": {"type": "LineString", "coordinates": [[-73.98969470769839, 40.72870146802897], [-73.98970898017303, 40.72858590192933], [-73.98984330010063, 40.72855049392374], [-73.98987956947072, 40.728501141258604], [-73.9899248200238, 40.72843957120099], [-73.9900723870621, 40.72823136282299], [-73.99025651410717, 40.72805790767769], [-73.99042482028678, 40.72813380629767], [-73.99058829574588, 40.728205591716566], [-73.9908091259572, 40.72809020285362], [-73.99098306609115, 40.727852868391196], [-73.99096644296114, 40.7276769716717], [-73.99083249428027, 40.727620760484605], [-73.99094483154389, 40.72755378473963], [-73.99083130519605, 40.727505779688606], [-73.9906897001168, 40.72756083728709], [-73.99067362722836, 40.727439104898856], [-73.99048309083169, 40.72747413298526], [-73.99046234268896, 40.72734976006702], [-73.99033871741754, 40.72741354647638], [-73.9901959241421, 40.72735362266482], [-73.9902668251362, 40.72726708307915]]}}, {"type": "Feature", "properties": {"cell_id": 151, "tree_count": 22, "tree_ids": ["2131005", "2125498", "2131004", "14177510", "2125497", "2125496", "2125495", "5242134", "2131002", "6582166", "5240535", "2125493", "2131003", "2131031", "15218045", "10665973", "2140507", "2140506", "2140505", "2131034", "2131033", "5242133"]}, "geometry": {"type": "LineString", "coordinates": [[-73.99004997212865, 40.72729237177048], [-73.99005869391115, 40.72717907126508], [-73.98989390981473, 40.7272268797268], [-73.98976729546271, 40.72717446370994], [-73.98985371620306, 40.72709239227406], [-73.98972442436086, 40.727037717838975], [-73.98962351310546, 40.7269950455519], [-73.98953031253292, 40.72695621596485], [-73.98946142491737, 40.72704538110208], [-73.98932968698045, 40.727004114707], [-73.98917012997482, 40.726930357923024], [-73.98926086364376, 40.72684168905439], [-73.98959158021239, 40.72710000330264], [-73.9895536294126, 40.7277617474755], [-73.98892997048684, 40.727498963992296], [-73.9888667585452, 40.72747242982755], [-73.98880503624302, 40.727567824139946], [-73.98888894133877, 40.72760326707106], [-73.98903340923447, 40.72766429113526], [-73.98918120123957, 40.72760482224457], [-73.9892601046664, 40.72763806920178], [-73.98916147436414, 40.72771838696814]]}}, {"type": "Feature", "properties": {"cell_id": 152, "tree_count": 22, "tree_ids": ["2140503", "2140502", "2140501", "2140500", "2140499", "2140498", "2131030", "14786092", "2140477", "2140478", "2117259", "2117260", "2117261", "2117262", "2117263", "2117264", "2117265", "10666779", "2140473", "2140474", "2140475", "4614200"]}, "geometry": {"type": "LineString", "coordinates": [[-73.98924033205425, 40.727751697406504], [-73.98932329209215, 40.72778673908312], [-73.98941855302454, 40.72782697799747], [-73.98952579922052, 40.72787227971155], [-73.98962453132995, 40.72791398435613], [-73.98971916127365, 40.727953954778656], [-73.98974489346821, 40.7278423381316], [-73.98983453045064, 40.72788010591985], [-73.98943400359848, 40.72847016497612], [-73.98957101787227, 40.7285278339255], [-73.98954358424142, 40.72863854402752], [-73.98947920072412, 40.72861140968155], [-73.9893819934374, 40.728570442710186], [-73.98926522173673, 40.72852122927352], [-73.98909858216446, 40.72845099932879], [-73.98900958069665, 40.728413490067624], [-73.98890543135354, 40.72836959600564], [-73.9887653679488, 40.72831063478653], [-73.98877545704936, 40.72819297665521], [-73.98887332333462, 40.72823417007503], [-73.98899265724613, 40.72828439914401], [-73.98908125628584, 40.728327144002904]]}}, {"type": "Feature", "properties": {"cell_id": 153, "tree_count": 24, "tree_ids": ["2137759", "2137758", "2137757", "2137756", "2143959", "5246936", "121624", "2137528", "2137810", "15971564", "2137812", "13851733", "2137527", "2137526", "2125512", "2118857", "2118856", "2125513", "2125514", "2125515", "2125516", "2125517", "2125518", "2125519"]}, "geometry": {"type": "LineString", "coordinates": [[-73.98925955253628, 40.72605498446726], [-73.9891929724919, 40.72602690680817], [-73.98912386717629, 40.72599776299134], [-73.98906265130813, 40.725971946756715], [-73.98899240004945, 40.726050871837046], [-73.98906956056767, 40.726085218383666], [-73.98913082622812, 40.72611056000471], [-73.98917711274625, 40.72634743344777], [-73.98943864683388, 40.72633939501059], [-73.98939724039121, 40.72639631059876], [-73.98933416903235, 40.726483003061915], [-73.98925229878728, 40.72659835528619], [-73.9890479888103, 40.726522696829704], [-73.9889709025092, 40.72662732931803], [-73.98864365734377, 40.726580254093506], [-73.98860456267018, 40.72668676337297], [-73.98828207824165, 40.72655075232908], [-73.98838039547162, 40.72646883301991], [-73.9882394181487, 40.72637932705665], [-73.98813773997644, 40.72633629313574], [-73.98801793299164, 40.72628558678805], [-73.98791546669568, 40.726242218071064], [-73.98769150724654, 40.72617726884066], [-73.98758510004649, 40.72613223082422]]}}, {"type": "Feature", "properties": {"cell_id": 154, "tree_count": 23, "tree_ids": ["2125520", "2125521", "5246933", "2118853", "2118852", "2118851", "2125524", "2125523", "5240933", "2116852", "2116851", "10089970", "4608247", "4607983", "2116850", "4610268", "14051126", "2143974", "2143973", "2137743", "2137742", "2116849", "2116848"]}, "geometry": {"type": "LineString", "coordinates": [[-73.9874747524637, 40.72608552769985], [-73.98733209021904, 40.72602514573927], [-73.98708657640823, 40.726046655658806], [-73.98697511622792, 40.72599951048183], [-73.98689686374446, 40.7259665044787], [-73.9868122996215, 40.72593083642891], [-73.98689858247752, 40.725841662263235], [-73.9870081416031, 40.725888033050666], [-73.98708408939837, 40.72592172948391], [-73.98656422773612, 40.726073799291825], [-73.9866105339779, 40.726009850706326], [-73.98663556555032, 40.725890954746546], [-73.9868309482966, 40.72572634559055], [-73.98688106987585, 40.72565963770513], [-73.98700346461517, 40.725469515400356], [-73.9870709193397, 40.72539036820161], [-73.98731210913388, 40.725347702049774], [-73.98738640816299, 40.72537334395765], [-73.98747632983411, 40.72541128174248], [-73.9874934491596, 40.7253101661778], [-73.98741077800082, 40.7252753004677], [-73.98730042891634, 40.72506312890864], [-73.98738423370467, 40.72494846387738]]}}, {"type": "Feature", "properties": {"cell_id": 155, "tree_count": 23, "tree_ids": ["2116847", "16339142", "10343286", "2116827", "2130823", "2130824", "13842555", "5246934", "11142873", "2130826", "2146558", "2146557", "2130827", "2146556", "13841745", "2130828", "2130829", "11410601", "2146555", "2146554", "10196375", "2130831", "13841744"]}, "geometry": {"type": "LineString", "coordinates": [[-73.98743648064058, 40.724876977239205], [-73.9875455452573, 40.72474359959858], [-73.98750847346398, 40.72468471367458], [-73.98771821413904, 40.72449073335115], [-73.9877624323317, 40.72463197298502], [-73.98784126161287, 40.7246653152716], [-73.98777408585369, 40.72474873620305], [-73.98782685482412, 40.72477885121073], [-73.98798315632109, 40.724725333995906], [-73.98806198732636, 40.72475867613106], [-73.98824301257103, 40.72494314073583], [-73.98832067680519, 40.72497582040103], [-73.98845929411642, 40.72492672666724], [-73.98849210642659, 40.72504795444448], [-73.98857060272942, 40.72497677355207], [-73.98867150775143, 40.72501648529466], [-73.98871880570616, 40.72503649006984], [-73.98871584264566, 40.72515722307352], [-73.98882360071124, 40.72518744020877], [-73.98893599358752, 40.725234732365514], [-73.98898052552659, 40.72514718803012], [-73.98916656915024, 40.72522587728859], [-73.98924223441428, 40.72536359113763]]}}, {"type": "Feature", "properties": {"cell_id": 156, "tree_count": 23, "tree_ids": ["15378278", "2130833", "2130834", "2130835", "2130836", "1107296", "6532927", "2140430", "2140428", "2140427", "2140403", "2140402", "377062", "2140401", "2118701", "2140400", "2118704", "4609943", "2140395", "14157386", "10203057", "2118708", "2118707"]}, "geometry": {"type": "LineString", "coordinates": [[-73.98933694846698, 40.725403442956896], [-73.98944090421634, 40.72534190879188], [-73.98950396927916, 40.72536858216103], [-73.98960172060195, 40.725409926501], [-73.98967739958952, 40.72544193431952], [-73.98983639855996, 40.725429134451225], [-73.98987167247645, 40.725380470156416], [-73.9901376528735, 40.72538403798544], [-73.99026255979842, 40.72521264196223], [-73.99031329205829, 40.72514302776206], [-73.99052146696495, 40.725050682862545], [-73.99066936487456, 40.725112651547484], [-73.99075778995382, 40.7251514146513], [-73.99085455368969, 40.725190245253025], [-73.99086385755929, 40.725084499073056], [-73.99106186439064, 40.7252771085093], [-73.99115408731635, 40.72520702368206], [-73.99172108798112, 40.725545541862886], [-73.99179030200987, 40.725582317414165], [-73.9918330449798, 40.72549743826952], [-73.99175298112746, 40.72545532741708], [-73.99164810800615, 40.725415578633935], [-73.99153769411132, 40.7253689674551]]}}, {"type": "Feature", "properties": {"cell_id": 157, "tree_count": 23, "tree_ids": ["2140396", "2140397", "2140398", "2140399", "2118705", "2118706", "2140394", "2140392", "2140391", "2140390", "6602588", "2140448", "2140447", "10196773", "2140445", "10197186", "10196365", "10196391", "10196389", "2140451", "2140450", "2140449", "2140389"]}, "geometry": {"type": "LineString", "coordinates": [[-73.99152168058389, 40.725469767482245], [-73.99141170406821, 40.72542368858365], [-73.99132384848048, 40.72538687880681], [-73.99124294668779, 40.725352980649866], [-73.99131245045548, 40.72527387858268], [-73.99141844769936, 40.72531862664513], [-73.99187418575457, 40.72571141043149], [-73.9917739038955, 40.72600041363802], [-73.9917421328672, 40.72609197130707], [-73.99171855905912, 40.72615991035166], [-73.99149111850335, 40.726329236114864], [-73.99147110668169, 40.7261893086478], [-73.99139191676365, 40.72615588819941], [-73.99131304409907, 40.726122602099075], [-73.99123416925838, 40.72608931537253], [-73.99111901422198, 40.726040717489525], [-73.99103730080192, 40.72600623243675], [-73.9909436761886, 40.725966852144914], [-73.99090498887331, 40.726070106278215], [-73.99098707961942, 40.7261046383437], [-73.99109664055632, 40.726150724473285], [-73.9911642076314, 40.72617914648873], [-73.99150697399087, 40.72675685837091]]}}, {"type": "Feature", "properties": {"cell_id": 158, "tree_count": 21, "tree_ids": ["2143765", "2143766", "15763345", "13851727", "2143768", "13852125", "2116184", "2116183", "2116180", "2116179", "2116178", "13851726", "2116176", "2116175", "13852124", "2145917", "2145916", "2145915", "2145914", "2145913", "13851725"]}, "geometry": {"type": "LineString", "coordinates": [[-73.9808620972545, 40.712782235336874], [-73.98088109338606, 40.71294463289666], [-73.98089721318779, 40.713082423755594], [-73.98090940590981, 40.713193427372055], [-73.98091998252275, 40.71327708088346], [-73.98092891642897, 40.713371120184426], [-73.98097893221708, 40.71399244982617], [-73.98099242295952, 40.71409072651959], [-73.98116119976949, 40.714136805067504], [-73.9812911510124, 40.71412431815354], [-73.98141106449414, 40.71410871874299], [-73.9815340102047, 40.71409593936436], [-73.98166124481821, 40.714082713370345], [-73.98178919558353, 40.714069413583594], [-73.98191786099693, 40.71405603942953], [-73.98190455181029, 40.71418641750423], [-73.98199710291438, 40.714176707554074], [-73.98211716732342, 40.714164109514435], [-73.982233303467, 40.714151924744876], [-73.9823244258273, 40.71414236412929], [-73.98242857802809, 40.714134519763256]]}}, {"type": "Feature", "properties": {"cell_id": 159, "tree_count": 21, "tree_ids": ["2116172", "2116171", "2145912", "2145911", "2145910", "2145909", "2145908", "2116167", "2116168", "2116169", "2116170", "2116173", "4987005", "2143775", "2143774", "2116302", "2116301", "2116300", "2116299", "2116298", "2116297"]}, "geometry": {"type": "LineString", "coordinates": [[-73.98240213112518, 40.71403201661405], [-73.98250720679697, 40.714021094182456], [-73.98259135820396, 40.71411435677426], [-73.98268462531016, 40.71410457032683], [-73.9827903984902, 40.71409347219139], [-73.98291868275871, 40.71408001280355], [-73.98299551020523, 40.71407195114798], [-73.98304473749425, 40.71396521406764], [-73.9828867668889, 40.71398163696021], [-73.98281671677815, 40.7139889195854], [-73.98274666590066, 40.713996201596025], [-73.98215838432213, 40.71405735498664], [-73.98214073818511, 40.71364544647509], [-73.98178372379483, 40.71337682991397], [-73.98170812175236, 40.713385574287464], [-73.98175975314984, 40.71350666534939], [-73.98167126470284, 40.713516657094424], [-73.98158348867072, 40.71352656711434], [-73.98148643584511, 40.713537525447116], [-73.98135298834582, 40.71355259266372], [-73.98126378508034, 40.71356266517886]]}}, {"type": "Feature", "properties": {"cell_id": 160, "tree_count": 21, "tree_ids": ["2116296", "2116295", "2143769", "2143770", "2143771", "2143772", "11139381", "11139380", "11139382", "2116303", "2116304", "15197119", "15197118", "15197117", "2116305", "2116306", "2116165", "2116166", "2145905", "2145904", "2145903"]}, "geometry": {"type": "LineString", "coordinates": [[-73.98117743606583, 40.71357241329485], [-73.9810646845762, 40.71358514307812], [-73.98104409163956, 40.71346237851318], [-73.9811717621951, 40.713447612633615], [-73.98126091729208, 40.71343730058699], [-73.98149486089306, 40.71341024134312], [-73.98245274377878, 40.71329944463846], [-73.9825240679925, 40.71329119375544], [-73.98264180661272, 40.71341316132673], [-73.98305781696497, 40.713366666999214], [-73.98316231557688, 40.71335379281591], [-73.98314624190587, 40.7132317434946], [-73.98333533437221, 40.71320986096283], [-73.98341629524138, 40.713202757431375], [-73.98350378743524, 40.71331360404848], [-73.98368192536262, 40.71329223402015], [-73.98357507373342, 40.71387045487392], [-73.98347431591552, 40.71388109527494], [-73.9835301261389, 40.71404217559165], [-73.98361231407276, 40.71403355047146], [-73.98369557440611, 40.71402481508219]]}}, {"type": "Feature", "properties": {"cell_id": 161, "tree_count": 21, "tree_ids": ["2145902", "14090746", "2145900", "2116163", "3904827", "3904828", "3904829", "3904830", "3904831", "3904832", "3904833", "10202012", "15197107", "2116320", "2116319", "2116318", "2116309", "12217070", "12158997", "12382236", "2146320"]}, "geometry": {"type": "LineString", "coordinates": [[-73.98379134153663, 40.71401476448068], [-73.98386924197429, 40.714006590887124], [-73.98394749786249, 40.71399837897807], [-73.98387377351948, 40.713838910045915], [-73.98416287790398, 40.71377560623329], [-73.98424882036316, 40.71376191709002], [-73.98436822594866, 40.713749696304006], [-73.98446702576416, 40.713735856065576], [-73.98455692231987, 40.71372617343376], [-73.98462305807497, 40.713719251763926], [-73.98474054955015, 40.7137197157086], [-73.98483357908192, 40.713736281201044], [-73.98496777177068, 40.71360404361373], [-73.9849677977693, 40.71348876363325], [-73.98496782191067, 40.71338171850737], [-73.9849550961926, 40.71325809392606], [-73.98481680435877, 40.7131677977003], [-73.98468339627294, 40.7131813643107], [-73.98452193943461, 40.71320130227951], [-73.98437169558947, 40.71305432057895], [-73.9840471228188, 40.71309160939217]]}}, {"type": "Feature", "properties": {"cell_id": 162, "tree_count": 21, "tree_ids": ["2143756", "2143757", "2143758", "15197115", "15197116", "12247144", "15197114", "2143755", "2143754", "2143753", "2143752", "2143751", "4987006", "4987007", "4987008", "11184429", "4606793", "1419362", "1419361", "15307906", "15216528"]}, "geometry": {"type": "LineString", "coordinates": [[-73.98393076453121, 40.7130243196714], [-73.98372934691656, 40.7127656879321], [-73.98371973366582, 40.71269580379329], [-73.9838853677643, 40.71269772269939], [-73.98387677451288, 40.71262624332302], [-73.98364365955302, 40.71214273605956], [-73.98380176656457, 40.71204725956602], [-73.98377330377176, 40.711870225835575], [-73.98378726336615, 40.711724443191194], [-73.98377321403412, 40.711624555312234], [-73.9837247096464, 40.71152471174111], [-73.98374895713556, 40.71145207103032], [-73.98378735114505, 40.71136046371205], [-73.98389381197386, 40.711352139153476], [-73.98401556990707, 40.71134312242545], [-73.98441671736725, 40.71131885540214], [-73.98447608766575, 40.711204756219054], [-73.98462922849353, 40.710979197898126], [-73.98461588562918, 40.71089693043818], [-73.98485165244072, 40.71090002097108], [-73.98493231242824, 40.71073814775156]]}}, {"type": "Feature", "properties": {"cell_id": 163, "tree_count": 20, "tree_ids": ["1419384", "1419385", "1419386", "1419387", "1419388", "2146085", "2146084", "10239353", "5785036", "2112376", "2112377", "2112378", "2112379", "2112380", "2112381", "2146625", "2146623", "2146622", "2146621", "2146620"]}, "geometry": {"type": "LineString", "coordinates": [[-73.9854919564453, 40.7106722515632], [-73.98559746849956, 40.71065982703535], [-73.98570939742892, 40.71064664782603], [-73.98593279118246, 40.71064672737771], [-73.9860133516367, 40.710637241459246], [-73.98649383490024, 40.71092213542184], [-73.98650634558996, 40.71098765837152], [-73.98655734881399, 40.711112676830254], [-73.98664722387784, 40.711176097591355], [-73.98678338863432, 40.71118813536423], [-73.9867654269335, 40.71106731343493], [-73.98674117941451, 40.710904216288746], [-73.98673104292163, 40.7108360317898], [-73.98672106929993, 40.71076893949492], [-73.98671247278797, 40.71071111893662], [-73.98716565348288, 40.71050421182503], [-73.98734112608243, 40.71048402808658], [-73.98754869571509, 40.7104601547074], [-73.98786682858764, 40.7104235621082], [-73.98799450983053, 40.710408875575595]]}}, {"type": "Feature", "properties": {"cell_id": 164, "tree_count": 28, "tree_ids": ["2143634", "2143635", "2112500", "2112499", "2112498", "2112496", "2112495", "2112494", "2125000", "2124966", "2124965", "2124964", "2125001", "2125002", "2125003", "2125004", "2124963", "2124962", "2124961", "2124960", "2125005", "2125006", "2124959", "2146016", "2146014", "2146013", "2124969", "2124970"]}, "geometry": {"type": "LineString", "coordinates": [[-73.99276942734805, 40.712372713340194], [-73.99266041613551, 40.71238175843769], [-73.9926122818738, 40.71232276813772], [-73.99260217848189, 40.71225237292235], [-73.99259262251701, 40.71218579639074], [-73.9925734325514, 40.712052097225154], [-73.99256340733456, 40.711982247530344], [-73.9925521281454, 40.71190366540669], [-73.99237233149236, 40.71187912232267], [-73.99228597653149, 40.711895228321936], [-73.99229336944738, 40.711941825728026], [-73.99230625620169, 40.71202303037548], [-73.9923886117054, 40.71198931702016], [-73.99239344674554, 40.712022048055346], [-73.99239844323417, 40.71205587071562], [-73.99240670389673, 40.7121117849223], [-73.99231961682636, 40.712107231417484], [-73.99232515122262, 40.712142111421585], [-73.9923307284278, 40.71217726304523], [-73.99234110638666, 40.71224266226483], [-73.99242040336506, 40.71220452275549], [-73.99242776148212, 40.712300584761905], [-73.99235343005135, 40.71232032440792], [-73.99214029582153, 40.71207271422444], [-73.99209786444224, 40.71177942434229], [-73.9920656577428, 40.711557628188686], [-73.9922299806849, 40.71154234478155], [-73.99222332300984, 40.71150038092037]]}}, {"type": "Feature", "properties": {"cell_id": 165, "tree_count": 27, "tree_ids": ["2124971", "2124995", "2124996", "2124997", "2124998", "2124999", "5009441", "2112754", "10204515", "2112752", "11138957", "11139375", "11139374", "2124990", "2124974", "2124973", "2124991", "2124992", "2124993", "2124972", "2146012", "2146011", "2146010", "12158981", "12158984", "2149088", "2149089"]}, "geometry": {"type": "LineString", "coordinates": [[-73.99221674944457, 40.71145896144207], [-73.9923129794964, 40.71147735095325], [-73.99231862016524, 40.711515536690676], [-73.99232530908209, 40.71156081484875], [-73.99233042639506, 40.71159545408883], [-73.99233784068886, 40.71164564198735], [-73.99256901230893, 40.71159405847186], [-73.99255571463864, 40.71150947433413], [-73.99254319917053, 40.71143263504882], [-73.99254242338122, 40.71136115681446], [-73.99246036338648, 40.71128124114585], [-73.99242815671728, 40.71118960171066], [-73.99239384788672, 40.711094798216045], [-73.99223192517911, 40.71112596618846], [-73.99214921539067, 40.71116458967674], [-73.99218336962124, 40.711248593165045], [-73.99227411804655, 40.71122231361734], [-73.99228126737184, 40.71126268955077], [-73.9922871512918, 40.71130251129982], [-73.99220282739287, 40.711371217312255], [-73.99201337961746, 40.71123401881729], [-73.99199516056238, 40.711181007041866], [-73.99197080080219, 40.711113230300796], [-73.99183850343758, 40.71067475434457], [-73.9918264057767, 40.71060598860712], [-73.99197643407842, 40.710399368859186], [-73.99196673512151, 40.71032949167228]]}}, {"type": "Feature", "properties": {"cell_id": 166, "tree_count": 24, "tree_ids": ["2146797", "2146796", "2146795", "2114510", "2114509", "2114508", "2114507", "2114501", "2114500", "2114499", "2146804", "2146803", "2146802", "2146801", "2114502", "2114503", "2114504", "4600569", "2114505", "2146798", "2146799", "2146800", "10162576", "2110081"]}, "geometry": {"type": "LineString", "coordinates": [[-73.9768429683171, 40.724858100359384], [-73.97674644239254, 40.72481733784089], [-73.97663792996465, 40.724771515022375], [-73.97670987290836, 40.72469681386819], [-73.97679138918525, 40.724729773707764], [-73.97686461276078, 40.724763082923744], [-73.97694661945555, 40.72479328712956], [-73.97765633536591, 40.72509003124132], [-73.97775096163953, 40.72513000351056], [-73.97781783055093, 40.72515824910032], [-73.97772873870952, 40.72523214306926], [-73.97766754224709, 40.72520630076281], [-73.97758931034514, 40.7251732667043], [-73.97751612798805, 40.72514236305285], [-73.9775371052048, 40.72503966690573], [-73.97739327277138, 40.724978909855515], [-73.97731378774529, 40.72494533441673], [-73.97721074198768, 40.72490185883987], [-73.97709551584016, 40.72485313197139], [-73.97704106619973, 40.72494175391795], [-73.97712055935439, 40.72497532268474], [-73.97724358275373, 40.72502727329937], [-73.97769102868261, 40.7244352572109], [-73.97775545299456, 40.72446233069765]]}}, {"type": "Feature", "properties": {"cell_id": 167, "tree_count": 23, "tree_ids": ["2121593", "2110076", "2110077", "2110078", "2110079", "2110080", "2121594", "2121595", "2121596", "2121597", "2121598", "2121599", "2110083", "2110084", "2110085", "2110086", "2110087", "2110088", "2110089", "2110090", "2110091", "2110092", "2121609"]}, "geometry": {"type": "LineString", "coordinates": [[-73.97822992847807, 40.72455103759905], [-73.97819125899362, 40.72464547509934], [-73.97812683507902, 40.72461840242908], [-73.97806051664169, 40.72459053223838], [-73.97799293496, 40.72456213111478], [-73.97792977450564, 40.724535588084876], [-73.97803698403487, 40.72446993454279], [-73.97793088057294, 40.72442533481728], [-73.9778405665632, 40.7243873706259], [-73.9777682521518, 40.72435697336298], [-73.9776949924038, 40.72432617730969], [-73.977575626722, 40.72427600225615], [-73.97750281223543, 40.72435615899068], [-73.97745354762185, 40.72433545502569], [-73.97738786101631, 40.7243078516121], [-73.97729691169411, 40.72426962954784], [-73.97721669778822, 40.72423591894432], [-73.97713774800083, 40.72420274033257], [-73.97705943031049, 40.724169826547225], [-73.97690090061398, 40.724103203028264], [-73.97682194963781, 40.72407002419909], [-73.97674426427537, 40.72403737508072], [-73.97653102798718, 40.723836893591404]]}}, {"type": "Feature", "properties": {"cell_id": 168, "tree_count": 23, "tree_ids": ["2121610", "13765983", "13868741", "13869138", "2110095", "2110094", "2110093", "2121608", "2121607", "2121606", "2121605", "2121604", "2121603", "2121602", "2121601", "2121600", "1775190", "2146575", "2110277", "2110278", "2110279", "2146574", "12163050"]}, "geometry": {"type": "LineString", "coordinates": [[-73.97639461251269, 40.723779548299845], [-73.9763478598748, 40.72387936268732], [-73.97639280682345, 40.72389289842106], [-73.9764300564208, 40.72391094883201], [-73.97649794311745, 40.72393385627602], [-73.9765636289854, 40.72396146134232], [-73.97662615633686, 40.723987739097005], [-73.97665576008028, 40.72388932781082], [-73.97671891640701, 40.723915874972256], [-73.97681586041337, 40.72395662731038], [-73.97689575213313, 40.723990211756664], [-73.97700753785097, 40.72403720094119], [-73.97709248289684, 40.724072909444025], [-73.97716195373805, 40.724102112599056], [-73.97723774106804, 40.724133970226745], [-73.97731668631191, 40.72416715505941], [-73.97796340721388, 40.72364021339701], [-73.97789430754888, 40.72361176331604], [-73.9778461188168, 40.72370441479185], [-73.97797040221641, 40.72375689667843], [-73.97809184811634, 40.723808180489975], [-73.97810506671938, 40.723700679990095], [-73.97821171017641, 40.72374567193346]]}}, {"type": "Feature", "properties": {"cell_id": 169, "tree_count": 23, "tree_ids": ["12163049", "2110280", "2146571", "2110281", "2110282", "6505693", "2110284", "2116856", "2116855", "13868740", "11139780", "2114530", "2114529", "11139408", "259209", "2121912", "2121913", "2121914", "2114533", "11139411", "11139414", "11139413", "11783528"]}, "geometry": {"type": "LineString", "coordinates": [[-73.97831360736322, 40.72378829838945], [-73.97823726660663, 40.72386958657], [-73.97849125295139, 40.723863605550534], [-73.97846533133318, 40.72396589210836], [-73.9785378838229, 40.72399652857395], [-73.978655361284, 40.72393761417351], [-73.97866690134568, 40.724051007971866], [-73.97882173255778, 40.72425928646497], [-73.97876588897665, 40.72433678584728], [-73.97887665794198, 40.72482549714276], [-73.97879525896447, 40.72479114698098], [-73.97871449360396, 40.72475706392065], [-73.97863372682284, 40.72472298080321], [-73.97856647183758, 40.724806385484456], [-73.97864497892981, 40.72484163303596], [-73.97874986372825, 40.72488361520705], [-73.97884424315167, 40.724923360662615], [-73.97894967011541, 40.72496775699366], [-73.97902998843641, 40.72489020080363], [-73.97911349236999, 40.72503674485286], [-73.97919871861492, 40.72507263425952], [-73.97929562220827, 40.72511344167793], [-73.97937766421384, 40.72503691770001]]}}, {"type": "Feature", "properties": {"cell_id": 170, "tree_count": 25, "tree_ids": ["2140416", "2140417", "2118845", "2118844", "13842556", "2118843", "2140418", "2140419", "2118842", "2140420", "2140421", "2140422", "2140423", "2140424", "2118839", "2140425", "2118838", "2118837", "2118836", "2140426", "6533724", "2145239", "2145238", "2145237", "2116817"]}, "geometry": {"type": "LineString", "coordinates": [[-73.99000998684659, 40.72483320680926], [-73.98955246589837, 40.724640231489566], [-73.989721548163, 40.72460357617654], [-73.9896382814806, 40.72456839407493], [-73.98955766786639, 40.72453474978952], [-73.98945913477768, 40.724492700847854], [-73.98916878241874, 40.72447839773068], [-73.9890798027559, 40.72444086734748], [-73.98906172957001, 40.724324786977576], [-73.9889460185435, 40.72438443723445], [-73.98885672422574, 40.724346772841244], [-73.98876774491438, 40.724309242216236], [-73.98867687326525, 40.72427091306918], [-73.98856707060074, 40.72422459701478], [-73.98861670286932, 40.724136750247396], [-73.98843707287253, 40.72416976379034], [-73.98846278912353, 40.72407171619435], [-73.98841926551046, 40.72405332537973], [-73.98836816995721, 40.72403173556945], [-73.98827236905694, 40.72410029046898], [-73.98796959135458, 40.724049028901696], [-73.98819498058917, 40.72383207799265], [-73.98825597741084, 40.723748590415454], [-73.98836464813054, 40.7235998504442], [-73.98807643309597, 40.72357221441243]]}}, {"type": "Feature", "properties": {"cell_id": 171, "tree_count": 24, "tree_ids": ["2116816", "605404", "2116815", "14051560", "10183257", "14051156", "10209582", "14051158", "2118580", "2118579", "14051157", "2118578", "2118644", "11142876", "4603822", "6534144", "14051972", "15840603", "5786190", "14051147", "2118664", "2118665", "13878237", "13765180"]}, "geometry": {"type": "LineString", "coordinates": [[-73.9880210266835, 40.72364738872123], [-73.98797194457472, 40.72371635708001], [-73.98793174044458, 40.72376852785886], [-73.98768350102411, 40.723743953716706], [-73.98745691253067, 40.723648450568824], [-73.98737379311191, 40.723610281916685], [-73.9871394391646, 40.72351464062428], [-73.98704413540082, 40.72347447070135], [-73.98694630505291, 40.723433237391085], [-73.98636879792873, 40.723189821946214], [-73.98626844219494, 40.72315625535505], [-73.98613527199235, 40.7230913910573], [-73.98585428021886, 40.722701493155284], [-73.98576184727587, 40.72284764928132], [-73.9856137155514, 40.72286522819806], [-73.98553775073114, 40.722964096875465], [-73.9855621322226, 40.723077481315315], [-73.98556384896139, 40.72310142611328], [-73.98566955712445, 40.72327161088211], [-73.98545023521959, 40.723258341062234], [-73.9853980681592, 40.72332838868626], [-73.98530834127209, 40.72345122634558], [-73.98553108480033, 40.72346590584109], [-73.98555172989128, 40.723691703077336]]}}, {"type": "Feature", "properties": {"cell_id": 172, "tree_count": 24, "tree_ids": ["2145251", "2145250", "2145249", "2118640", "10187627", "10188026", "15218038", "15218040", "10187626", "10187624", "14596925", "2145256", "2145257", "14051124", "10184509", "2145259", "10184508", "2145261", "2145262", "2145240", "16498118", "2145242", "2145243", "10196369"]}, "geometry": {"type": "LineString", "coordinates": [[-73.98547171656162, 40.72378042416584], [-73.98563964533213, 40.723851129606444], [-73.9857160353981, 40.72388329337353], [-73.98576311428775, 40.723780893437045], [-73.98600051600854, 40.723889570922644], [-73.9860309873844, 40.72390290042224], [-73.98608343902829, 40.72392673298623], [-73.98613980548804, 40.72394877904591], [-73.98622050081677, 40.723978945041154], [-73.9861333367122, 40.7240589940112], [-73.98600896662722, 40.72400663071889], [-73.98580387983783, 40.72459782868079], [-73.9859017239698, 40.72463904523027], [-73.98597104040154, 40.72466951249871], [-73.98609046821183, 40.72471855350196], [-73.98618610236707, 40.724758839183664], [-73.98629025931291, 40.72480271457104], [-73.98644807326512, 40.72486919297857], [-73.98662229863496, 40.7249425830036], [-73.98716397267334, 40.724492927029296], [-73.98702002964458, 40.72443232380154], [-73.9869259624466, 40.72439271774431], [-73.98683063199402, 40.72435258195602], [-73.98684516822925, 40.72424251712428]]}}, {"type": "Feature", "properties": {"cell_id": 173, "tree_count": 23, "tree_ids": ["2142423", "10164123", "2131224", "2131225", "11537807", "2131226", "2131227", "2142421", "11537806", "2142487", "6523304", "6523305", "6523306", "6523307", "6523308", "15188105", "6523309", "12230462", "10183659", "10183658", "2142491", "2142492", "2142493"]}, "geometry": {"type": "LineString", "coordinates": [[-73.98297969131215, 40.72175510598015], [-73.98291355781971, 40.721727294639976], [-73.98286960624768, 40.7218301925366], [-73.98294850419947, 40.72186343984272], [-73.98303107319123, 40.72190774615323], [-73.98310314173794, 40.721928603764596], [-73.98319529508991, 40.72196743728544], [-73.98327931614999, 40.721881132011156], [-73.98317196955993, 40.72183598110562], [-73.98398376043451, 40.72166861458854], [-73.9839782870668, 40.721535429563794], [-73.98404657514712, 40.7215557708455], [-73.98411367533036, 40.72157791888881], [-73.98419562070352, 40.721600972414706], [-73.98430488388047, 40.72162177147368], [-73.98439030893906, 40.72163000992902], [-73.98445808208264, 40.721651729565906], [-73.98434369621101, 40.7217835368148], [-73.98443950022906, 40.721814124696685], [-73.98474754398306, 40.72191247573132], [-73.9848253851357, 40.72193733008364], [-73.98488992112925, 40.721957933980555], [-73.98495578888743, 40.721978964024636]]}}, {"type": "Feature", "properties": {"cell_id": 174, "tree_count": 23, "tree_ids": ["2142494", "2142495", "2124440", "2124441", "2124442", "2124443", "2124444", "2124445", "2124446", "2124447", "2124448", "12230456", "5361344", "5917607", "12230457", "4642913", "5240533", "5241332", "5239728", "2122513", "2118690", "2118691", "2118692"]}, "geometry": {"type": "LineString", "coordinates": [[-73.98509217955969, 40.722022510202926], [-73.98521393191979, 40.722061381961055], [-73.98536742793188, 40.72193952000183], [-73.98530844170973, 40.72192164010997], [-73.9852303528594, 40.7218979703013], [-73.98517270820987, 40.72188049765104], [-73.98509227465236, 40.72185611666854], [-73.98501686669557, 40.721833259053014], [-73.9849749729077, 40.72182055965739], [-73.98491464915769, 40.721802274537], [-73.98485532724088, 40.72178429315566], [-73.9849617171848, 40.72165702407078], [-73.98472373336972, 40.721510052090444], [-73.98485413002456, 40.721506198064574], [-73.98488196754221, 40.721432195597224], [-73.9847831701501, 40.72139570416789], [-73.98480936160672, 40.72134532529415], [-73.98483442550669, 40.72129886783959], [-73.98486262236361, 40.721244071871176], [-73.98489434654202, 40.72118181175825], [-73.98503070192675, 40.721160866472616], [-73.9850641838301, 40.72109538144921], [-73.98509374295183, 40.72103757036759]]}}, {"type": "Feature", "properties": {"cell_id": 175, "tree_count": 23, "tree_ids": ["14051553", "1958059", "2118693", "2122511", "2122510", "14051136", "2118694", "14051138", "1922846", "14051543", "2118847", "2118848", "2122574", "2122573", "2122572", "2118849", "2121933", "14177847", "13765178", "2121930", "2121929", "16259636", "14500411"]}, "geometry": {"type": "LineString", "coordinates": [[-73.98497394815342, 40.721028666351735], [-73.98502318629527, 40.72093256732531], [-73.9851879149395, 40.72085339262254], [-73.98513288335451, 40.72072288654104], [-73.98516100967316, 40.72066877553235], [-73.98520399419765, 40.72058607633155], [-73.98529568680424, 40.72064261238603], [-73.98526534293495, 40.72070926211759], [-73.9851484024599, 40.720477686076286], [-73.98513488421789, 40.72038181962092], [-73.98505815674717, 40.72035851983674], [-73.98489934211612, 40.720310290283045], [-73.98489089552679, 40.72039829644217], [-73.98476350801131, 40.720359756961564], [-73.9846441694319, 40.72032365209993], [-73.98470568197622, 40.72025147941471], [-73.98463312475306, 40.720038145931895], [-73.98466121887328, 40.719984025314986], [-73.98468825201492, 40.71993194710806], [-73.98472138001898, 40.71986812556488], [-73.98475318386558, 40.71980685589062], [-73.98464307812478, 40.719785563654455], [-73.98461385631198, 40.719847970431374]]}}, {"type": "Feature", "properties": {"cell_id": 176, "tree_count": 23, "tree_ids": ["12776279", "2118680", "6675469", "14495899", "14495900", "2122618", "14500056", "6454062", "2122615", "14495903", "5917606", "14582140", "2122598", "2122546", "14051129", "15378277", "14495896", "2122544", "2122543", "2122542", "14495897", "15600909", "2122540"]}, "geometry": {"type": "LineString", "coordinates": [[-73.98459642881426, 40.71988109677287], [-73.98456694731674, 40.71993834163962], [-73.98443271625119, 40.71992267672533], [-73.98421211773729, 40.720101619278985], [-73.98428565385446, 40.72012956126621], [-73.9842594368683, 40.72020246134572], [-73.98419047010839, 40.720181398450265], [-73.98407444106401, 40.72014639421432], [-73.98397486453102, 40.720115552177965], [-73.98390873389104, 40.72009650976528], [-73.98391218211562, 40.72000925549762], [-73.98403796753158, 40.720048183397296], [-73.98436780859466, 40.72032288297284], [-73.98445597288193, 40.72037022999466], [-73.98438077648403, 40.720533502099464], [-73.98428729447676, 40.72048047207264], [-73.98424285432222, 40.72056745427271], [-73.9843265830309, 40.72062762052456], [-73.98429204541533, 40.72069632685436], [-73.98425673399133, 40.72076657070422], [-73.9842255460944, 40.720828610565945], [-73.98411676693446, 40.72079760213673], [-73.98416533894869, 40.72098532803024]]}}, {"type": "Feature", "properties": {"cell_id": 177, "tree_count": 23, "tree_ids": ["14495898", "14051546", "15218024", "2122606", "1445450", "1445451", "1445452", "1445453", "2142465", "2142466", "2142467", "2142468", "2142469", "2142470", "2122731", "2122702", "2122701", "1957260", "6533721", "2131228", "2131229", "2131230", "2142388"]}, "geometry": {"type": "LineString", "coordinates": [[-73.9841054348897, 40.72106754131255], [-73.98420689575693, 40.7214308229452], [-73.98412024051385, 40.721407302168295], [-73.98389464904275, 40.72124897774113], [-73.98371672454081, 40.721435927390985], [-73.98359768444352, 40.72139998617783], [-73.98342667025946, 40.7213483516476], [-73.9832935483514, 40.721308158290235], [-73.98311467274237, 40.72140021541813], [-73.98320039800068, 40.72142635806075], [-73.98328679143499, 40.72145270487786], [-73.98337251607646, 40.721478848535696], [-73.98345824153705, 40.721504990986084], [-73.9835432966995, 40.72153093027893], [-73.98362264323345, 40.72165326976443], [-73.98368327224559, 40.721788803112304], [-73.9836445412384, 40.721841195056584], [-73.98349018299368, 40.72185479846446], [-73.98370907008591, 40.722064419398194], [-73.98356793022757, 40.72212427052739], [-73.98367901030878, 40.72217109303463], [-73.98376105792283, 40.722205678298444], [-73.9838420109981, 40.7221175068915]]}}, {"type": "Feature", "properties": {"cell_id": 178, "tree_count": 23, "tree_ids": ["2142387", "2142386", "2142385", "2131232", "2131231", "2122733", "2122734", "2122736", "14051149", "2123443", "2123442", "10202526", "4603620", "16499393", "5820396", "2110144", "2110143", "12689359", "4600082", "5240539", "2110103", "2123428", "6534141"]}, "geometry": {"type": "LineString", "coordinates": [[-73.98392146887323, 40.722151117288554], [-73.98400565688323, 40.722186726814954], [-73.98410214208616, 40.72222753986712], [-73.98402108710664, 40.72231528486025], [-73.98391884215137, 40.72227218649688], [-73.98340704777111, 40.72215782671362], [-73.98337210553593, 40.72220554158397], [-73.98329993829016, 40.72230408797704], [-73.98322163780989, 40.722199593364394], [-73.98312196328776, 40.72234034315514], [-73.98305215581398, 40.722434861232465], [-73.98310295003014, 40.722672882694766], [-73.9831866871243, 40.722813468313866], [-73.98330122614114, 40.72275256621968], [-73.98333699071442, 40.72288020379766], [-73.98270960655864, 40.72290650671507], [-73.98274659165683, 40.722856202562674], [-73.98291874522788, 40.7228272047016], [-73.98278978407234, 40.72265203676098], [-73.98260859481735, 40.72256715533496], [-73.98249364749412, 40.72251884789645], [-73.98253931866098, 40.7224315989667], [-73.9826254724402, 40.72246730758109]]}}, {"type": "Feature", "properties": {"cell_id": 179, "tree_count": 22, "tree_ids": ["2143636", "2143637", "2143638", "2143639", "15840300", "2143642", "2143645", "2143644", "2143623", "2143622", "14495878", "2125465", "2125464", "10183245", "2125462", "2125461", "3904852", "3904853", "14155380", "2125453", "2125454", "2125455"]}, "geometry": {"type": "LineString", "coordinates": [[-73.9977083731057, 40.71355567430312], [-73.99771295800413, 40.713620929954466], [-73.99772387693896, 40.71365250922318], [-73.99773799294432, 40.713722898336435], [-73.99762505751568, 40.71379122975625], [-73.9974278601532, 40.71375493233979], [-73.99730956934934, 40.713669712227684], [-73.99729392838294, 40.713614997900756], [-73.99728768631019, 40.71324891976034], [-73.99725694134402, 40.713136037851505], [-73.99737854944324, 40.71282721897024], [-73.99737282718115, 40.71272364754203], [-73.99744521296363, 40.71271730476871], [-73.9975861656234, 40.71271998681235], [-73.9976931895676, 40.712695582927985], [-73.99780714392364, 40.71268559936855], [-73.99765590784443, 40.712814920413834], [-73.9977874186102, 40.71280717935745], [-73.99791826121083, 40.712849524894146], [-73.99809015218351, 40.71280108111395], [-73.99812256014786, 40.712906939673324], [-73.99815300474732, 40.7130063823102]]}}, {"type": "Feature", "properties": {"cell_id": 180, "tree_count": 22, "tree_ids": ["14155385", "2143629", "2143628", "2143627", "3514838", "3514839", "1441175", "1441174", "2122580", "2122581", "13807458", "13803306", "2122582", "2122583", "2122584", "2122585", "2122586", "2122587", "11137694", "11137693", "2122590", "2122591"]}, "geometry": {"type": "LineString", "coordinates": [[-73.99797451713984, 40.7130156228649], [-73.99805720808918, 40.71317380604739], [-73.99822156621518, 40.71348676870406], [-73.99813991817949, 40.713521883206184], [-73.99822743853174, 40.71362335041307], [-73.99835738601152, 40.71356259590191], [-73.9984228776178, 40.713683667673614], [-73.9983111931011, 40.713736201966654], [-73.9985263284334, 40.71322844634463], [-73.99849741056225, 40.71317994431778], [-73.99834025700842, 40.71302461724162], [-73.99839427087686, 40.71297458271772], [-73.99851381851057, 40.713051590327424], [-73.99857300869775, 40.712994127203444], [-73.99864376970291, 40.712925430676414], [-73.99871052505006, 40.712860622472924], [-73.99879018956268, 40.71278328395734], [-73.99898155513053, 40.71259750146112], [-73.99903940910275, 40.71254133441021], [-73.9991270822776, 40.71245621947127], [-73.99919561697105, 40.71238968236781], [-73.9992672679612, 40.712320120858266]]}}, {"type": "Feature", "properties": {"cell_id": 181, "tree_count": 22, "tree_ids": ["2122592", "2122593", "2134568", "2134569", "2134570", "2134571", "2134572", "2134573", "2134574", "2134553", "2134554", "2134555", "2134556", "2134557", "2134558", "2134559", "2134560", "2134561", "2134562", "2134563", "2134564", "2134565"]}, "geometry": {"type": "LineString", "coordinates": [[-73.99938831642525, 40.71220260229505], [-73.99948266265991, 40.712111006619324], [-74.00013977296386, 40.71166281378103], [-74.00023247647908, 40.71165659445755], [-74.00032302399458, 40.711650520309185], [-74.00041572747567, 40.71164430198175], [-74.00050627420624, 40.71163822768919], [-74.00059754008181, 40.71163210471648], [-74.00068952359888, 40.71162593363381], [-74.00077483255008, 40.71155971170065], [-74.00076341090593, 40.71149552036619], [-74.00073609787796, 40.71143080648432], [-74.00069962073643, 40.711369707160266], [-74.00065805922507, 40.711310672715115], [-74.00061566739141, 40.71124942986898], [-74.00056495167436, 40.71119702746988], [-74.00043049555812, 40.71119242028145], [-74.00036054229952, 40.71125950480023], [-74.00030269731313, 40.7113149777566], [-74.00024754249189, 40.711367871172996], [-74.0001905930707, 40.71142248347295], [-74.00013409218506, 40.711476665159296]]}}, {"type": "Feature", "properties": {"cell_id": 182, "tree_count": 22, "tree_ids": ["2134566", "2134567", "15197076", "17666406", "17666405", "5607080", "5607090", "5607089", "5607088", "5607087", "5607079", "5607081", "5607082", "5607083", "5607084", "5607085", "5607086", "6423238", "6423239", "6423240", "6423241", "6423242"]}, "geometry": {"type": "LineString", "coordinates": [[-74.00007579819217, 40.711532568585106], [-74.00001862605312, 40.711587396949], [-73.99984581643193, 40.711470167481345], [-73.99989119578579, 40.71139296823587], [-73.99995616663787, 40.71133995548299], [-73.9998975852454, 40.71110680847226], [-74.00009662609908, 40.71104795333819], [-74.00004553071744, 40.71102043884227], [-73.99999543257661, 40.710987082554254], [-73.99993750720171, 40.71095074817311], [-73.99987645035944, 40.711004356764604], [-73.99982087312318, 40.711060347556995], [-73.99974729168427, 40.711024608325424], [-73.99965570752454, 40.71096563858313], [-73.99972693996473, 40.71095134313658], [-73.99977625520266, 40.710898926286134], [-73.99975981705474, 40.71084531761143], [-73.99961862302811, 40.710757719851344], [-73.99959670559815, 40.710664798701075], [-73.99951216660676, 40.710664798373855], [-73.99947146223403, 40.71063978025556], [-73.9994291926437, 40.71060880655214]]}}, {"type": "Feature", "properties": {"cell_id": 183, "tree_count": 22, "tree_ids": ["6423243", "6423246", "6423247", "6423245", "6423244", "6423249", "6423252", "6423250", "6423251", "6423253", "6423254", "6423255", "6423256", "6423257", "6423258", "6423267", "6423266", "6423265", "5604282", "6423264", "6423263", "15197073"]}, "geometry": {"type": "LineString", "coordinates": [[-73.99940414462431, 40.7105504327594], [-73.99950308749199, 40.71045274655686], [-73.99956884080909, 40.71039199035784], [-73.99963459412395, 40.71030979066265], [-73.99968469126895, 40.71024903491739], [-73.99953126879939, 40.710241886003615], [-73.9996017186791, 40.71015134741236], [-73.99950778645179, 40.710138243094434], [-73.99955318765205, 40.710088208542444], [-73.99928297943805, 40.70978466385993], [-73.99933151118287, 40.70972867270531], [-73.99929394079507, 40.70958214274238], [-73.99928454739008, 40.70953568185369], [-73.99927672078672, 40.70948802986102], [-73.99926889349535, 40.70943561284461], [-73.99928611516323, 40.70937247368315], [-73.99928924735644, 40.709287890971424], [-73.99938004665759, 40.70926287469677], [-73.99936098088851, 40.70918613673606], [-73.99930333737919, 40.709181865435966], [-73.99926889667043, 40.709146126119954], [-73.99937249951414, 40.70898026870269]]}}, {"type": "Feature", "properties": {"cell_id": 184, "tree_count": 17, "tree_ids": ["2146001", "2146000", "2145999", "2145998", "2145997", "2145996", "2120948", "2120947", "11139376", "11139776", "2112359", "2112360", "13845931", "13846309", "2112361", "2112362", "2120946"]}, "geometry": {"type": "LineString", "coordinates": [[-73.98981044346725, 40.71068996222086], [-73.98981796728515, 40.7107627488422], [-73.98982534779843, 40.710834165927544], [-73.98983275834439, 40.710905857490694], [-73.98984022367998, 40.71097809629446], [-73.989847634258, 40.711049787283464], [-73.98973187877606, 40.711371691321816], [-73.98973848468474, 40.71139306674713], [-73.98988885534898, 40.711371627448386], [-73.98989901933105, 40.71145382825248], [-73.98995422487249, 40.71180745223306], [-73.98996748324748, 40.71189691376394], [-73.98998510589168, 40.711988758468515], [-73.98999357596875, 40.71206782722232], [-73.99000515957113, 40.71215111402931], [-73.99003281022779, 40.71233767332321], [-73.98991960464052, 40.712466186370804]]}}, {"type": "Feature", "properties": {"cell_id": 185, "tree_count": 17, "tree_ids": ["13852122", "13851723", "13851722", "13846310", "2112411", "14113602", "11184820", "15971243", "2111126", "15838129", "14121311", "15320121", "15197096", "15197095", "15197094", "15196818", "5783010"]}, "geometry": {"type": "LineString", "coordinates": [[-73.99027051524595, 40.712546377334], [-73.99037695813183, 40.71253450317761], [-73.99048494740863, 40.712523525672815], [-73.99057967686652, 40.71251663896487], [-73.99064616982719, 40.71250563217349], [-73.99075222101028, 40.712504930534564], [-73.99092317441165, 40.712651700838386], [-73.99101476314736, 40.71264217740981], [-73.99109226068781, 40.71263860952393], [-73.99120576739446, 40.712627896525035], [-73.99131536091977, 40.71261837423136], [-73.99132553416152, 40.71263862733787], [-73.99141164603601, 40.7126112336376], [-73.99154393964852, 40.71260171338939], [-73.99169423896964, 40.71258504590053], [-73.99179678673438, 40.71257909654857], [-73.99193221166966, 40.71256957607724]]}}, {"type": "Feature", "properties": {"cell_id": 186, "tree_count": 24, "tree_ids": ["4599448", "4599278", "4599343", "4599299", "12767045", "12767049", "2144743", "15325113", "5780221", "4599472", "2144739", "4609988", "4599302", "4599275", "2144738", "2144736", "15325102", "15325104", "12767047", "15325106", "2123514", "12767044", "12767043", "15325111"]}, "geometry": {"type": "LineString", "coordinates": [[-73.97378122406992, 40.72387363754104], [-73.97374519310672, 40.723915920330064], [-73.9737121470384, 40.723968925499136], [-73.97367689182322, 40.724027886849484], [-73.9736707507371, 40.724120193935164], [-73.97376672795936, 40.7241593989743], [-73.97355098559093, 40.724306737958244], [-73.97360318363114, 40.724311400013896], [-73.97363241538753, 40.724336556697324], [-73.97372452304403, 40.72438280004384], [-73.97392368507151, 40.72446475060363], [-73.97386930347824, 40.724509812340514], [-73.97383562029057, 40.72455209625886], [-73.97380820351276, 40.72459199880015], [-73.97392334951772, 40.72456356237182], [-73.97397493135789, 40.7246685587305], [-73.97404241199189, 40.724672464085295], [-73.97410022713859, 40.72471603411895], [-73.9741344114677, 40.7246798321619], [-73.97412380777837, 40.72466770195394], [-73.9743958111232, 40.724588797231505], [-73.97436857722643, 40.72453315836771], [-73.97433723135914, 40.724487024591], [-73.97427744431945, 40.724282961394586]]}}, {"type": "Feature", "properties": {"cell_id": 187, "tree_count": 24, "tree_ids": ["15325099", "4603955", "15325101", "15325100", "2121024", "2121023", "12767051", "2121022", "15325097", "15326006", "15325098", "15325091", "15325092", "2121015", "2121014", "2144730", "15325103", "15325107", "2144731", "15325105", "12767042", "2144729", "2144727", "2144726"]}, "geometry": {"type": "LineString", "coordinates": [[-73.97433068160575, 40.724288334130435], [-73.97436043073643, 40.724297870786145], [-73.97439878828905, 40.724310983251755], [-73.97444497735864, 40.72432111995278], [-73.97454367973909, 40.72434708721058], [-73.97459661527108, 40.72441667965098], [-73.97470453503126, 40.724444453481894], [-73.97460785925786, 40.72450608117286], [-73.97468837993797, 40.72456062522637], [-73.9747092613483, 40.724558979529455], [-73.97485706492978, 40.72463786763999], [-73.97495961670808, 40.7246766070802], [-73.97506726028814, 40.72472689438316], [-73.97519143001347, 40.72468218851912], [-73.97526323370118, 40.72458380269565], [-73.97432603695731, 40.72481224555381], [-73.97430142517814, 40.7247631363523], [-73.97425688763514, 40.72472253201196], [-73.97425175779848, 40.724722558312514], [-73.97419181969217, 40.724747623971055], [-73.97419407755751, 40.72479811886536], [-73.97436219391722, 40.724731906553856], [-73.97447555970216, 40.72470446872662], [-73.97459452023267, 40.72470920229552]]}}, {"type": "Feature", "properties": {"cell_id": 188, "tree_count": 23, "tree_ids": ["15325112", "15325109", "15325110", "15325108", "2122226", "2122227", "2122228", "2122229", "2122230", "2122231", "2122232", "2122233", "2121992", "2121991", "2121990", "2121989", "5779230", "2121987", "5779105", "5783411", "12216780", "2121983", "10155861"]}, "geometry": {"type": "LineString", "coordinates": [[-73.97462408962303, 40.724713678768104], [-73.97472272497393, 40.72475360866606], [-73.97480178966343, 40.72478757750251], [-73.97495443888631, 40.724854324425124], [-73.97499489433012, 40.72495044776059], [-73.9749484386494, 40.72501433447064], [-73.97488905947426, 40.725095992934804], [-73.97481465932886, 40.7251983063843], [-73.97474322943864, 40.725296537037714], [-73.97455076761248, 40.72556120647938], [-73.9744133191897, 40.72575022288095], [-73.97420793022191, 40.72603266573664], [-73.97484688254426, 40.726430569828274], [-73.97492840202972, 40.72646418400289], [-73.97503529539918, 40.72650826000361], [-73.97510380913681, 40.726536510951746], [-73.97558573413653, 40.72627437721642], [-73.97563802806408, 40.72620228295684], [-73.97569380898047, 40.726125382653414], [-73.97575046060186, 40.72604728110259], [-73.97596172854999, 40.725756019764525], [-73.9760342467002, 40.725664906658274], [-73.97594662298503, 40.725580995456895]]}}, {"type": "Feature", "properties": {"cell_id": 189, "tree_count": 24, "tree_ids": ["4613535", "2111074", "15197113", "2112743", "6692352", "6692351", "2112744", "2112745", "6692350", "2112747", "2112493", "11139377", "2112686", "2112687", "2112748", "6692341", "2112688", "6692342", "6692343", "2112689", "6692344", "6692346", "6692345", "2112690"]}, "geometry": {"type": "LineString", "coordinates": [[-73.98570706459718, 40.71435229624905], [-73.98556346382762, 40.71436272271912], [-73.98534709672384, 40.71423047680283], [-73.98522871257664, 40.71434748914429], [-73.98515043644079, 40.71433751158807], [-73.98515201434486, 40.71427794646986], [-73.9852166608517, 40.71427893261076], [-73.98520489586421, 40.714212006957794], [-73.98513950330631, 40.714217189564955], [-73.98518108000012, 40.714076524764025], [-73.98532591434659, 40.71406193032163], [-73.98531240256352, 40.71391421583508], [-73.9851699643716, 40.713928582411185], [-73.9851466202703, 40.713990270772506], [-73.98516912444458, 40.71400851146941], [-73.98513954314681, 40.71403849360063], [-73.9851217596527, 40.71405506108476], [-73.98513013926743, 40.71408376207806], [-73.98512543652559, 40.71410996936655], [-73.98509453026114, 40.714116433284744], [-73.98513169264413, 40.71414094366246], [-73.98513951233703, 40.714176684323306], [-73.9851019376714, 40.71417429667096], [-73.9850650431108, 40.714178656060945]]}}, {"type": "Feature", "properties": {"cell_id": 190, "tree_count": 24, "tree_ids": ["6692348", "2112692", "6692354", "2112693", "6692353", "2112694", "15197109", "12158994", "2145898", "2145899", "2143727", "2143726", "2143725", "2143724", "2143723", "2143722", "5805977", "5805975", "5805974", "5805976", "5805973", "5805978", "5805979", "10183642"]}, "geometry": {"type": "LineString", "coordinates": [[-73.98506435286428, 40.71421717983964], [-73.98503500333491, 40.71423513991888], [-73.98506120928099, 40.71427436081451], [-73.98500084174451, 40.71429722368823], [-73.98502987946297, 40.71434940880994], [-73.9849619228984, 40.714356680432154], [-73.98471770634373, 40.71427974520834], [-73.98470323249157, 40.7138927490939], [-73.98450062218386, 40.71391401276479], [-73.98441307392356, 40.713923199897884], [-73.98406159012563, 40.71445414128324], [-73.98395696832934, 40.71446343206338], [-73.98386596260632, 40.714471513531535], [-73.98377065739434, 40.71447997687286], [-73.98367463445297, 40.71448850350609], [-73.9835836286613, 40.71449658532292], [-73.98350299493858, 40.71449340302539], [-73.98349986724044, 40.714477915833996], [-73.98350378507114, 40.71446183381034], [-73.98349596179708, 40.71444396314999], [-73.98350067021654, 40.71439750302316], [-73.98349832587388, 40.71437784619402], [-73.98349832897071, 40.71436533751699], [-73.98327315762351, 40.7140472094883]]}}, {"type": "Feature", "properties": {"cell_id": 191, "tree_count": 26, "tree_ids": ["6525293", "12266298", "5112289", "1442392", "6529738", "15733136", "15763297", "5028482", "5028481", "6529736", "6529737", "15728930", "5027434", "1442395", "1442393", "1442398", "1442394", "6529735", "1442397", "1442396", "1442399", "1442400", "1442401", "1442402", "1442404", "1442405"]}, "geometry": {"type": "LineString", "coordinates": [[-73.99127715829276, 40.723426110871124], [-73.99132048440391, 40.72332490348578], [-73.99114246976671, 40.723094886646834], [-73.9914206023825, 40.72256474224456], [-73.9915256699251, 40.72224495938669], [-73.99159715056634, 40.72223738966456], [-73.9915968933659, 40.72223265779686], [-73.99155645110652, 40.722176849326985], [-73.99163230760144, 40.7221501317835], [-73.99159158278209, 40.72211800427932], [-73.99167873430414, 40.72204782599609], [-73.99165368683484, 40.72200493618977], [-73.9917257186114, 40.721969202919134], [-73.99169284270494, 40.72191916646505], [-73.99175547669671, 40.721912022586956], [-73.99173356434542, 40.72183696902729], [-73.99180872777289, 40.72180123592868], [-73.99180560380726, 40.72173690542962], [-73.9918217924821, 40.721692447211296], [-73.99188233394891, 40.72169044953748], [-73.99190855847101, 40.72160923912529], [-73.99187264661983, 40.721611167076055], [-73.99187940865069, 40.7215680268108], [-73.99191144675629, 40.72153547508589], [-73.99198902691234, 40.721467965739166], [-73.99201500466636, 40.72140582964001]]}}, {"type": "Feature", "properties": {"cell_id": 192, "tree_count": 26, "tree_ids": ["1442407", "1442406", "1442410", "1442411", "5423686", "1442414", "1442415", "1442416", "12272667", "12272668", "1442419", "1442420", "1442422", "1442424", "1442426", "5102505", "6529733", "5105890", "5935192", "243850", "13841749", "13841748", "2147353", "2147352", "13842558", "13841747"]}, "geometry": {"type": "LineString", "coordinates": [[-73.9920220821408, 40.7213196509999], [-73.99207952955967, 40.72130020777938], [-73.99205269234228, 40.72125311216155], [-73.9920977173059, 40.7211721037082], [-73.99210308095194, 40.72112474269296], [-73.99217282891557, 40.72102557875094], [-73.9922225850409, 40.721000276018884], [-73.99219268378519, 40.72095202628243], [-73.99225418888722, 40.720923805739055], [-73.99223642858588, 40.7208955340991], [-73.99235047402846, 40.72075818485212], [-73.99236211186488, 40.72065632476411], [-73.99239946904565, 40.720583445310176], [-73.9924455773964, 40.72055779399813], [-73.99242874515737, 40.72051099475265], [-73.99256567054722, 40.72033917433032], [-73.9925700596288, 40.72032665508163], [-73.99263344740214, 40.72021034370097], [-73.99275438067032, 40.72019586876836], [-73.9928721103071, 40.72029738817104], [-73.99314930447866, 40.72021186744243], [-73.9933006881467, 40.72023653343604], [-73.99350499136247, 40.720156237495615], [-73.99358337420615, 40.720180081266875], [-73.99363201335593, 40.720356418151844], [-73.99356643286984, 40.72112380962495]]}}, {"type": "Feature", "properties": {"cell_id": 193, "tree_count": 22, "tree_ids": ["6423268", "6423269", "6423259", "5805972", "15325114", "6423262", "6423261", "6423260", "5805970", "5805971", "4597413", "4597339", "4597404", "4597517", "15325084", "15325089", "15325088", "15325085", "15325086", "4601315", "2143656", "13807456"]}, "geometry": {"type": "LineString", "coordinates": [[-73.999162439194, 40.70938081235465], [-73.99895422407835, 40.709452288281966], [-73.99879611104242, 40.70921879146378], [-73.99899564369531, 40.708727174278145], [-73.99913944943005, 40.708849629622236], [-73.99892135678449, 40.70891620258763], [-73.99882586050101, 40.708941219025675], [-73.99876793653962, 40.708959087400146], [-73.99876473110683, 40.70878435459874], [-73.99867080024589, 40.708807583970135], [-73.9985658580798, 40.70891623873536], [-73.99845102786081, 40.70893587088139], [-73.9983250829632, 40.70895496180456], [-73.99811205938337, 40.7089872866712], [-73.99796960347656, 40.70900803008131], [-73.99734477683074, 40.70910974743451], [-73.99717770734317, 40.70913479914375], [-73.9970679782095, 40.70914773395629], [-73.99697054240012, 40.70916755548455], [-73.99659030676428, 40.70923010714907], [-73.99636616142864, 40.709402095147475], [-73.9963784279389, 40.709474230763995]]}}, {"type": "Feature", "properties": {"cell_id": 194, "tree_count": 22, "tree_ids": ["14141699", "14142609", "14142610", "14142608", "14142606", "14144966", "5949616", "13765174", "2112822", "2112821", "2112818", "2143660", "2143659", "2143658", "2143657", "2112820", "2112819", "2143677", "2143678", "2143679", "2145978", "2145977"]}, "geometry": {"type": "LineString", "coordinates": [[-73.99620284207897, 40.709809737488584], [-73.99613236518115, 40.70989109734599], [-73.99610924507452, 40.7099309253624], [-73.9961280328495, 40.709984920626205], [-73.99622197927022, 40.709957461824445], [-73.9960943707785, 40.71016133110862], [-73.99623542960775, 40.71019662316349], [-73.99624786875223, 40.71028577403328], [-73.9961336020884, 40.710292517221816], [-73.9959830178338, 40.7103157910839], [-73.99528806938865, 40.71042319817624], [-73.99532784659034, 40.710282658229325], [-73.99546647263615, 40.710265012661], [-73.99560260998632, 40.71024415031185], [-73.99575446122718, 40.71020821849146], [-73.99578365342812, 40.710346604207984], [-73.99563801735023, 40.71036911326898], [-73.99524880082745, 40.71000402784056], [-73.99539440339862, 40.70997828273682], [-73.99550477575006, 40.70995743948283], [-73.99551402382245, 40.70980262550004], [-73.99541571448373, 40.70981766064003]]}}, {"type": "Feature", "properties": {"cell_id": 195, "tree_count": 22, "tree_ids": ["2145976", "2145975", "534311", "2112394", "2112395", "543109", "542710", "537512", "542709", "540311", "534312", "542309", "2145972", "2145973", "2145974", "5009449", "2143674", "2143673", "10204513", "2143671", "2145971", "13845820"]}, "geometry": {"type": "LineString", "coordinates": [[-73.99531775979115, 40.70983264195881], [-73.99515650627647, 40.70985730269916], [-73.99556527673862, 40.70934026702534], [-73.9954129593052, 40.70936403756606], [-73.99527307913743, 40.70938603632899], [-73.99518563412086, 40.70940041297576], [-73.99506743557319, 40.709420063905576], [-73.99497976592482, 40.709432569372865], [-73.9948443461252, 40.70945400741992], [-73.99471597170123, 40.70947723201446], [-73.99462673678318, 40.70948794904225], [-73.99449131675766, 40.709509385530176], [-73.99465930430782, 40.709933338654615], [-73.99473957807544, 40.70992106239649], [-73.99482126682167, 40.70990857056783], [-73.99499283905837, 40.710040809392694], [-73.99488403244634, 40.710061652797044], [-73.99476974744829, 40.71007534745829], [-73.99465642885605, 40.71007869543903], [-73.99451627247294, 40.71012119607323], [-73.99435695276847, 40.709979576342114], [-73.99421057838836, 40.70991487501471]]}}, {"type": "Feature", "properties": {"cell_id": 196, "tree_count": 20, "tree_ids": ["10183244", "11139389", "2121476", "2121475", "2121474", "2121473", "2141260", "2141261", "2141262", "2141263", "2141264", "2141265", "2141266", "13318004", "2141267", "2141268", "13318005", "2141269", "2141271", "2141272"]}, "geometry": {"type": "LineString", "coordinates": [[-73.9816439185908, 40.7154674099865], [-73.98135035794849, 40.715379541322406], [-73.98118801474153, 40.715514039069255], [-73.98115943482959, 40.71556860309975], [-73.98110120412144, 40.71567976951917], [-73.98104297397025, 40.715790937051324], [-73.98111380947738, 40.71587834988023], [-73.9812108828777, 40.7159080194724], [-73.98130460786096, 40.71593666658741], [-73.98139666092645, 40.715964801572305], [-73.98148871256666, 40.71599293648324], [-73.98159415382318, 40.7160251631553], [-73.9816878806388, 40.71605381052988], [-73.98166093081406, 40.716100725635464], [-73.98179499634716, 40.71608654849569], [-73.9818803535361, 40.716112637187514], [-73.98185751916083, 40.71615686655199], [-73.98198244815013, 40.716143841125096], [-73.98218831117856, 40.71620676077062], [-73.98228203850569, 40.71623540480167]]}}, {"type": "Feature", "properties": {"cell_id": 197, "tree_count": 20, "tree_ids": ["2141273", "2145207", "15216558", "15216562", "15192691", "15216563", "15216568", "15216570", "15193060", "15216577", "15216579", "15216582", "15216585", "15216587", "15216589", "12158979", "2141258", "2141257", "13885309", "2141255"]}, "geometry": {"type": "LineString", "coordinates": [[-73.98238748052897, 40.716267632461545], [-73.98266874384075, 40.71654080340449], [-73.98206408304564, 40.717044537856935], [-73.98197875962767, 40.71701950661456], [-73.98187543077326, 40.716989708029246], [-73.98177260658831, 40.7169615722983], [-73.98166693012051, 40.71693177315389], [-73.98157064684993, 40.71690316652803], [-73.98149315286284, 40.71687694563852], [-73.98125753611434, 40.71680542938764], [-73.98116594961178, 40.71677920541055], [-73.98107906135193, 40.716751792164764], [-73.98099060621836, 40.71672437687912], [-73.98090841558994, 40.71669815481971], [-73.98081369808077, 40.716670738931064], [-73.98056584374592, 40.71663910745318], [-73.98052469680991, 40.716718225652336], [-73.98049018504351, 40.716784582968565], [-73.98036744363253, 40.71702772842549], [-73.98021409670565, 40.717315440534186]]}}, {"type": "Feature", "properties": {"cell_id": 198, "tree_count": 19, "tree_ids": ["2122388", "2122387", "2122386", "11642073", "11743225", "14051170", "2144206", "2144207", "14051583", "14051582", "14051581", "13519385", "13518621", "13518622", "13519392", "13822471", "14052399", "14051580", "14051167"]}, "geometry": {"type": "LineString", "coordinates": [[-73.98001833774326, 40.71719089410901], [-73.97997926003468, 40.71726591248113], [-73.97993991754251, 40.717341441432886], [-73.97970890351111, 40.717634390939], [-73.97953899783548, 40.717724463334825], [-73.97943370892456, 40.718410807813335], [-73.97960607924483, 40.71850274790012], [-73.97957215856137, 40.71856928172426], [-73.9792612125929, 40.71869155035089], [-73.97922471028964, 40.71876398827015], [-73.9792018786315, 40.7188583867245], [-73.97940084828528, 40.71890862357755], [-73.97934769993901, 40.71901441710391], [-73.97930293873605, 40.719105994257966], [-73.97924406259739, 40.71921849764086], [-73.97918789597071, 40.71933235327581], [-73.97900033504736, 40.719209355137465], [-73.97903656327101, 40.71912097991188], [-73.9790772673629, 40.719040804884706]]}}, {"type": "Feature", "properties": {"cell_id": 199, "tree_count": 20, "tree_ids": ["10867898", "10206290", "15763349", "10183646", "2111148", "5279798", "3904835", "3904836", "3904837", "12158579", "2111076", "2111075", "2111043", "2111042", "2111041", "2111040", "2111039", "2111016", "2111019", "2111018"]}, "geometry": {"type": "LineString", "coordinates": [[-73.98860580571993, 40.71212341060747], [-73.98878284095547, 40.71265552925569], [-73.98940636778815, 40.712777371117], [-73.98965530167256, 40.71275535389018], [-73.99011893159732, 40.712916340586055], [-73.99017609724147, 40.71328979374702], [-73.9903327346502, 40.71330698578381], [-73.99042902103741, 40.71329865490044], [-73.99050443185283, 40.71329416945732], [-73.99050973860157, 40.71339129671405], [-73.99042296467377, 40.71339853684206], [-73.99033260529997, 40.71340607452462], [-73.99021074958624, 40.71352888487168], [-73.9902215779423, 40.71360032449983], [-73.99023199339733, 40.71366903591272], [-73.99024439241855, 40.713750836573226], [-73.99025695664078, 40.71383372771628], [-73.99012565239872, 40.713838043530735], [-73.99006908910498, 40.713677519299054], [-73.99010317071036, 40.71367480091746]]}}, {"type": "Feature", "properties": {"cell_id": 200, "tree_count": 19, "tree_ids": ["2111020", "2111021", "2111023", "17042424", "2111025", "2111024", "12158993", "2111034", "2111035", "13851724", "352242", "2111098", "2111037", "2111038", "15197097", "14104538", "2111099", "2111062", "13516331"]}, "geometry": {"type": "LineString", "coordinates": [[-73.99009414818862, 40.71360928611627], [-73.99006006511362, 40.71361200277964], [-73.99005074161845, 40.71354430414763], [-73.99008482315647, 40.71354158577143], [-73.99007504848466, 40.71347061111469], [-73.99004096698268, 40.71347332891621], [-73.98994017983554, 40.713345554362114], [-73.98986392992255, 40.713446126029915], [-73.98977144964043, 40.71345405021095], [-73.98958864954658, 40.71348442519596], [-73.98952303754538, 40.713486799180345], [-73.98936163792577, 40.713388102195566], [-73.98930832795682, 40.71349372997651], [-73.98913913823142, 40.713508224778145], [-73.98908489244681, 40.71352055906615], [-73.98895951354942, 40.71352938524222], [-73.98900732721695, 40.713417340646615], [-73.98865018290138, 40.71337688651649], [-73.98861287692476, 40.71314089166034]]}}, {"type": "Feature", "properties": {"cell_id": 201, "tree_count": 19, "tree_ids": ["2112695", "2112696", "2112697", "2112698", "2112649", "2112648", "2112647", "2112646", "2112645", "2112644", "2112643", "4899254", "10183252", "10183648", "10184065", "10183649", "15197104", "15197105", "15197106"]}, "geometry": {"type": "LineString", "coordinates": [[-73.98848503603128, 40.713232409310734], [-73.98846855989581, 40.713126100756], [-73.98845774598404, 40.71305631810963], [-73.98844355041076, 40.71296472856219], [-73.9883556490577, 40.712876008433525], [-73.98829110795383, 40.71288139877491], [-73.98824075754267, 40.71285937150431], [-73.9882265675912, 40.71288678793652], [-73.98816561112466, 40.712891877793936], [-73.9881260169725, 40.712868953240736], [-73.9879467352356, 40.712883922723826], [-73.98769362464921, 40.712720767318224], [-73.98749451036963, 40.71293777531722], [-73.98737473935644, 40.7129538442606], [-73.9872933271055, 40.712963365344706], [-73.98720878243918, 40.71296990910042], [-73.98699964013879, 40.7126746333637], [-73.9869787421053, 40.71256271848393], [-73.98696455339173, 40.712462352372455]]}}, {"type": "Feature", "properties": {"cell_id": 202, "tree_count": 19, "tree_ids": ["13377152", "15197063", "4599002", "4599001", "4598986", "11139384", "16166994", "15197062", "15763344", "4607954", "15763347", "4607995", "2146785", "2146784", "2146782", "2146783", "2146781", "2146780", "2146778"]}, "geometry": {"type": "LineString", "coordinates": [[-73.97945736056177, 40.712243214769046], [-73.97934235965751, 40.712250749719274], [-73.9793833374198, 40.71234247671883], [-73.9794748307499, 40.712339268544525], [-73.97958916894846, 40.71232939457857], [-73.97990658820683, 40.71221378271787], [-73.98000359208153, 40.71221264509304], [-73.98012406133732, 40.712200205879874], [-73.98023003078387, 40.7121925891143], [-73.9803578208528, 40.71219048951715], [-73.98042769003486, 40.71217963844983], [-73.98054334483797, 40.71217860818371], [-73.98057493684185, 40.71210735663678], [-73.98061642822194, 40.71209485437739], [-73.98061017514513, 40.712063879827916], [-73.98056947163053, 40.71205732098905], [-73.98055619620001, 40.71197671652112], [-73.98060394541693, 40.71197851153072], [-73.98058754705598, 40.71184031799833]]}}, {"type": "Feature", "properties": {"cell_id": 203, "tree_count": 19, "tree_ids": ["2146779", "2146777", "2146776", "2146774", "2146772", "11320666", "2146769", "11320266", "2146765", "2146763", "11793093", "525911", "15197139", "15197138", "2143763", "2143764", "15378280", "14085342", "14085341"]}, "geometry": {"type": "LineString", "coordinates": [[-73.98054057918355, 40.71184209645124], [-73.98054582225951, 40.711780245837204], [-73.98052461718665, 40.7116204256125], [-73.98051436483559, 40.711532939726865], [-73.98050507425276, 40.711453655695095], [-73.98047888348711, 40.71140119942071], [-73.9804888641355, 40.711315319786394], [-73.98045467483183, 40.711203736536824], [-73.98046381110707, 40.71110152828172], [-73.98045496965163, 40.71102607211758], [-73.98121324966277, 40.71156117713699], [-73.98078437919641, 40.7120519727539], [-73.98081564740224, 40.712355290184696], [-73.98082892166985, 40.712475257363806], [-73.9808376640457, 40.712573361184894], [-73.9808445075466, 40.71263186863896], [-73.98067749894139, 40.7126568660945], [-73.98066190447463, 40.71251565405379], [-73.98065084456726, 40.71242348766412]]}}, {"type": "Feature", "properties": {"cell_id": 204, "tree_count": 22, "tree_ids": ["13436529", "13436536", "13436535", "14529211", "14529212", "14529213", "14529214", "14529215", "14529217", "14529218", "15534527", "15534525", "15534526", "2146528", "14786093", "2146526", "14786094", "2146525", "14786095", "2111064", "1426707", "15530780"]}, "geometry": {"type": "LineString", "coordinates": [[-73.98671568824565, 40.71710642304074], [-73.98658652498396, 40.71706709566427], [-73.9863524678111, 40.71699797282], [-73.98640237358384, 40.71691305870157], [-73.98647830584117, 40.71693808499117], [-73.98656519728462, 40.716961921398465], [-73.98664425881451, 40.716988139055175], [-73.98672019196036, 40.71700959127851], [-73.9868039516963, 40.71703461882747], [-73.98689084361651, 40.71705726273345], [-73.98716900307396, 40.717033681127006], [-73.98720055196152, 40.71696245982581], [-73.98711398703477, 40.71689676062214], [-73.98713524382508, 40.71684804693514], [-73.98728936926972, 40.716563892153], [-73.98727939798614, 40.71652042834228], [-73.98733241422501, 40.71647547100933], [-73.98731761964247, 40.71642394164946], [-73.98737633805901, 40.71639654795984], [-73.98742815694628, 40.7165030091642], [-73.9881175918418, 40.71711921531729], [-73.98817273399878, 40.71670630612122]]}}, {"type": "Feature", "properties": {"cell_id": 205, "tree_count": 22, "tree_ids": ["2111087", "1426704", "1426705", "1426706", "15197176", "2111088", "10816122", "13436532", "13436531", "2111090", "13640800", "13640804", "15197178", "15197177", "15208588", "2110989", "12238093", "2110988", "2110987", "2110976", "2110975", "2110974"]}, "geometry": {"type": "LineString", "coordinates": [[-73.98823338167249, 40.71660128522377], [-73.98835608611503, 40.7166591012095], [-73.98831558814204, 40.71673723357181], [-73.9882758832117, 40.716813834080455], [-73.98825221068576, 40.71687333120877], [-73.98811496416371, 40.71683011573852], [-73.98804284984082, 40.71694398094182], [-73.98800870391692, 40.717035451100266], [-73.98796153592232, 40.717139907748695], [-73.98791787540722, 40.717210112424965], [-73.98773225847494, 40.717564128536885], [-73.98769097795109, 40.71765672375654], [-73.98781491506178, 40.717693074703966], [-73.98786364449175, 40.71759763882734], [-73.98802790104023, 40.71751307338565], [-73.98817372381842, 40.71743875978282], [-73.98821631444387, 40.7175659511848], [-73.98837461800977, 40.717500055297165], [-73.9884509570578, 40.71752334655126], [-73.98865818899526, 40.71744196100056], [-73.98870186263817, 40.71735711046461], [-73.98874842979244, 40.71726663629476]]}}, {"type": "Feature", "properties": {"cell_id": 206, "tree_count": 21, "tree_ids": ["2110973", "2110972", "10183241", "10183639", "10183242", "17659598", "2110899", "2110900", "13622971", "13622970", "2111001", "13622972", "2116153", "14051590", "14051591", "2116151", "15517073", "15517074", "13804610", "14051589", "14495874"]}, "geometry": {"type": "LineString", "coordinates": [[-73.98878868108763, 40.71718842999632], [-73.98883498638568, 40.717098466975514], [-73.98903084771172, 40.71717895016398], [-73.98896819690033, 40.71732190043547], [-73.98891494725726, 40.71741719853799], [-73.98848992123844, 40.71776415339523], [-73.98869553019702, 40.71781330725813], [-73.98864738016303, 40.7179062566743], [-73.98859423178376, 40.718019244036604], [-73.98856530674198, 40.718060071185775], [-73.98838069161768, 40.71797626833477], [-73.98898782604462, 40.71779231244192], [-73.98898628436402, 40.71768474801032], [-73.98914054236546, 40.71773128463026], [-73.98928673877677, 40.71777306328118], [-73.98934510279314, 40.717792996226564], [-73.98933780093036, 40.71803167758464], [-73.98924940468335, 40.718194677791566], [-73.9892886131889, 40.71838061604746], [-73.98922033539192, 40.718506730239866], [-73.98912884941277, 40.718448105578766]]}}, {"type": "Feature", "properties": {"cell_id": 207, "tree_count": 17, "tree_ids": ["14078295", "2143718", "3904823", "3904822", "14078294", "2143719", "2143720", "2143721", "3904818", "2112727", "2112728", "2112729", "2112730", "2112731", "2112732", "3904819", "3904820"]}, "geometry": {"type": "LineString", "coordinates": [[-73.98241406505356, 40.71475237187269], [-73.98266834935893, 40.71460704674316], [-73.98282610968559, 40.714683527422594], [-73.98289812544414, 40.71469783434593], [-73.98297484774763, 40.714677592239795], [-73.98305987658755, 40.71457101141237], [-73.98317022052669, 40.71456225808453], [-73.98324703186803, 40.71455458395666], [-73.98343748792362, 40.71470351194727], [-73.9835120556809, 40.714709845894475], [-73.9836123866957, 40.71470099807276], [-73.98370555113158, 40.714692783303654], [-73.98381268827512, 40.71465708736037], [-73.98397178543793, 40.71464305873127], [-73.9841588317423, 40.71462656573386], [-73.98427981475787, 40.71465597813764], [-73.98437688421672, 40.71465599135169]]}}, {"type": "Feature", "properties": {"cell_id": 208, "tree_count": 17, "tree_ids": ["2112739", "2112740", "2112741", "2112663", "15197120", "15197121", "15197122", "2112666", "2112667", "2112668", "2112669", "2112670", "15197123", "6465674", "2112780", "15197124", "14078296"]}, "geometry": {"type": "LineString", "coordinates": [[-73.98441993861343, 40.71472169418724], [-73.98435449160282, 40.714821998895104], [-73.98429096896224, 40.714919353208934], [-73.98410610378822, 40.71505443755157], [-73.98397541528107, 40.715014811389906], [-73.98390009831252, 40.71500046350815], [-73.98384003633004, 40.71497376286396], [-73.98370733573789, 40.714933525977585], [-73.98360345439556, 40.7149020276764], [-73.9835665460401, 40.71486276775623], [-73.9834894730293, 40.71483939709651], [-73.98335476427926, 40.71479855166469], [-73.9832300233552, 40.71478906527921], [-73.98313080618318, 40.71496603183214], [-73.98304897946765, 40.7149413604224], [-73.98299650190783, 40.71493030502038], [-73.98284105807849, 40.71487867301545]]}}, {"type": "Feature", "properties": {"cell_id": 209, "tree_count": 23, "tree_ids": ["14051575", "2147541", "14051574", "14051164", "14051579", "14051163", "2147538", "2147537", "6488093", "2124472", "2124471", "2124470", "2124469", "2124468", "2147534", "2147533", "2147532", "2147531", "2124466", "2144190", "2144189", "2144188", "2144187"]}, "geometry": {"type": "LineString", "coordinates": [[-73.98048587694151, 40.72060772481016], [-73.98048839954467, 40.72067340503201], [-73.98036522220852, 40.72066520013506], [-73.98030798323187, 40.720640993593754], [-73.98022245708407, 40.72060200793126], [-73.98020664904925, 40.72052398658434], [-73.98024138164344, 40.72053401721063], [-73.98030928807889, 40.720554131916685], [-73.98036680061627, 40.72057047705714], [-73.98042689224404, 40.72044981224382], [-73.9805458629772, 40.72048513458341], [-73.98068197354479, 40.72052554434303], [-73.98076632842184, 40.72055058780874], [-73.98085572375338, 40.72057712851627], [-73.98069152573068, 40.72069534073736], [-73.98081927174104, 40.720733181437154], [-73.9809470193994, 40.720771022567014], [-73.98107611166441, 40.72080926119422], [-73.98114407780339, 40.72066273710096], [-73.9811220019396, 40.72049217587658], [-73.98098799642536, 40.72045144733456], [-73.98085399032325, 40.72041071863623], [-73.98071998513674, 40.72036998920998]]}}, {"type": "Feature", "properties": {"cell_id": 210, "tree_count": 22, "tree_ids": ["2144186", "2144184", "2124473", "2124474", "2124475", "2124476", "2124477", "6523297", "15188106", "6523296", "6523295", "6523294", "2144183", "2144182", "15188107", "14235297", "14051161", "14051572", "2131212", "2131213", "2131214", "14051573"]}, "geometry": {"type": "LineString", "coordinates": [[-73.98058598086538, 40.72032926019951], [-73.98032132001717, 40.72024881955852], [-73.98024608453626, 40.7203961310457], [-73.98011736782395, 40.72035791671066], [-73.9800551941534, 40.72033945717324], [-73.97985489449617, 40.720279988545464], [-73.97973827820752, 40.720245365246875], [-73.97963177194796, 40.72020168705761], [-73.97958112882026, 40.72019418489477], [-73.97950965030589, 40.720173074147326], [-73.97940162477971, 40.72013135912071], [-73.97927950411687, 40.72010274596612], [-73.97942014144746, 40.71997490772817], [-73.97907106252438, 40.719868804459466], [-73.97906442412302, 40.72003804053099], [-73.97936111423786, 40.72028217409198], [-73.97947053527466, 40.72031536349672], [-73.97955191985389, 40.720343214983146], [-73.97962233238474, 40.72046165581433], [-73.97969238369124, 40.720491189790295], [-73.97976243430774, 40.7205207254388], [-73.97982923165893, 40.7204476373664]]}}, {"type": "Feature", "properties": {"cell_id": 211, "tree_count": 22, "tree_ids": ["2131215", "14051162", "16873076", "13765569", "2142377", "12382675", "2142375", "2122807", "2122806", "2122805", "2122804", "11536470", "11536475", "11536474", "2131220", "14051154", "4608442", "14042109", "2142431", "2142430", "2131222", "10162192"]}, "geometry": {"type": "LineString", "coordinates": [[-73.97986972007757, 40.72056595786128], [-73.97994942038468, 40.72054288377114], [-73.98050694015346, 40.72084317379821], [-73.98090810585796, 40.721014395603774], [-73.9808864226316, 40.72117726656388], [-73.98084236792181, 40.72123714130013], [-73.98079478757361, 40.72130180675044], [-73.98089101766534, 40.72139271601778], [-73.9809460866335, 40.72131802768057], [-73.9810029216301, 40.72124094709303], [-73.9810456333178, 40.72118301742205], [-73.9812941697242, 40.721041325589], [-73.98135588566277, 40.721071478769225], [-73.98140950988062, 40.721094423330875], [-73.98131250793193, 40.72117401535236], [-73.98141286251702, 40.72121630602818], [-73.98157660053293, 40.72129400329884], [-73.98165807054684, 40.721199203191254], [-73.98176794312255, 40.721245417790996], [-73.98187244564346, 40.7212893761635], [-73.98176316068482, 40.7213639282803], [-73.98203303605284, 40.72136124482274]]}}, {"type": "Feature", "properties": {"cell_id": 212, "tree_count": 22, "tree_ids": ["2142429", "6533720", "2131223", "2142428", "2142427", "2142426", "2142464", "2124458", "2124459", "2142463", "2142462", "2142461", "2142460", "2142459", "2124461", "2124460", "15218027", "17666410", "15218029", "1172109", "2124636", "2124635"]}, "geometry": {"type": "LineString", "coordinates": [[-73.9821897476129, 40.721422840969815], [-73.98206742399925, 40.72149838861871], [-73.98218793876778, 40.72154293417278], [-73.98253925507055, 40.721569851168674], [-73.98261439654188, 40.721601458141976], [-73.98274131836595, 40.72165484277776], [-73.98291275180286, 40.72133863498664], [-73.9828664403044, 40.72117920108213], [-73.98271688775908, 40.72113404517475], [-73.98270647765442, 40.72127572691335], [-73.98257521269484, 40.72123569483025], [-73.98248078228416, 40.72120689655853], [-73.98241280554558, 40.72118616555377], [-73.98231904563323, 40.72115756967757], [-73.98240504198041, 40.72103988702399], [-73.98253413916578, 40.72107886738769], [-73.98268777257815, 40.7209734821328], [-73.98254264337092, 40.720920839189404], [-73.98244509984248, 40.72089407096476], [-73.98232756096806, 40.72076395884657], [-73.98224174342636, 40.72068810223516], [-73.98229845838829, 40.72057707003056]]}}, {"type": "Feature", "properties": {"cell_id": 213, "tree_count": 22, "tree_ids": ["2124596", "2124634", "15216650", "2124632", "2124595", "2124594", "2124631", "15216647", "2124593", "2124629", "2124628", "2124592", "2124627", "2124591", "2118873", "2118872", "17666415", "2118871", "5929596", "2118870", "5930797", "15216596"]}, "geometry": {"type": "LineString", "coordinates": [[-73.98243307003509, 40.72055769034877], [-73.98234968457062, 40.72047678211473], [-73.9823747746131, 40.72042766220591], [-73.98240273937186, 40.720372913687385], [-73.98250593296532, 40.7204149173648], [-73.98253818529818, 40.72035171903783], [-73.98245553307743, 40.720269556405775], [-73.98250519095458, 40.7201723377333], [-73.98260621720866, 40.72021841352892], [-73.98258581796009, 40.720014487993986], [-73.98261705036003, 40.71995334348207], [-73.98274528200045, 40.719945917612144], [-73.98266723037177, 40.71985510181983], [-73.98295806609156, 40.719805366169176], [-73.98300564712932, 40.719734416601], [-73.98311817803884, 40.719768690611176], [-73.98308130159383, 40.71984292922002], [-73.98326386493146, 40.719813063759574], [-73.98327251740018, 40.71990121238759], [-73.98343567680097, 40.71986539113752], [-73.98350634292912, 40.7198869144767], [-73.98343734799883, 40.71996030972563]]}}, {"type": "Feature", "properties": {"cell_id": 214, "tree_count": 27, "tree_ids": ["15208697", "11143469", "1441887", "15307871", "12751327", "1441886", "1441885", "1441893", "1441892", "1441891", "12751326", "2123523", "2114518", "2114519", "2114520", "2114521", "2123524", "2114522", "2114523", "133257", "2114524", "2123525", "2123526", "2123527", "2114525", "2114526", "2123528"]}, "geometry": {"type": "LineString", "coordinates": [[-73.97742422483581, 40.72820687053146], [-73.97749176719819, 40.728239510899165], [-73.97743086038048, 40.72834707569069], [-73.97749736428025, 40.72838137356925], [-73.97756349672022, 40.72840288820719], [-73.97769207498709, 40.72844090290035], [-73.97780478467703, 40.728488898442194], [-73.97799502094527, 40.72844935728737], [-73.97793201923868, 40.72842259300784], [-73.97780853519866, 40.728370134713664], [-73.97769243317369, 40.728316226427275], [-73.97835827150433, 40.72788167903905], [-73.9784696929632, 40.72782086411941], [-73.97838764719764, 40.72778626767879], [-73.97828666762219, 40.72774368608801], [-73.97820525410341, 40.727709353819044], [-73.9781470216273, 40.72779228417164], [-73.9780664093264, 40.72765080295946], [-73.97794775970426, 40.7276007685489], [-73.97785631106895, 40.72756227294511], [-73.97776915392829, 40.727525450683], [-73.9777081262736, 40.727606556728574], [-73.97759777264469, 40.7275598572982], [-73.97748048314352, 40.72751022351886], [-73.97750787390781, 40.727415268877365], [-73.9774302474781, 40.72738253275995], [-73.97735940903257, 40.72745898833951]]}}, {"type": "Feature", "properties": {"cell_id": 215, "tree_count": 26, "tree_ids": ["2123529", "2114527", "2114528", "2123530", "2122252", "2122251", "2122250", "2122249", "2114494", "13519403", "16293537", "2122236", "2122240", "2149051", "2149052", "2149053", "2122241", "2149054", "2122242", "2122243", "3344617", "3639139", "3364932", "15541160", "15541158", "15541156"]}, "geometry": {"type": "LineString", "coordinates": [[-73.9772377045624, 40.727407484722264], [-73.97731159956291, 40.72733249769221], [-73.97717969836013, 40.727276874296514], [-73.97701321476094, 40.72731248527522], [-73.97657332475009, 40.727348495312384], [-73.97649755019354, 40.727452112153905], [-73.97645124248538, 40.72751543337278], [-73.9763956382256, 40.72759146717926], [-73.97619477537776, 40.727484887535866], [-73.97619630747195, 40.72788408064304], [-73.97609995550698, 40.72801152945233], [-73.97542132965258, 40.72749015908124], [-73.97460524929762, 40.72714611432002], [-73.97472728365338, 40.72707231293564], [-73.97459226405155, 40.72701530607686], [-73.97446544684144, 40.72696176270287], [-73.97435594555293, 40.727041010370165], [-73.97420171856024, 40.726850413754164], [-73.97415303197847, 40.72695546354355], [-73.97400250312165, 40.72689200290331], [-73.97328807190767, 40.726537921296604], [-73.9729318690783, 40.72638931474324], [-73.97284550659509, 40.72635328491372], [-73.97262173773201, 40.72703931990226], [-73.97275985191659, 40.7270977404945], [-73.97295062544399, 40.72717843613823]]}}, {"type": "Feature", "properties": {"cell_id": 216, "tree_count": 28, "tree_ids": ["2110855", "2110926", "2110925", "2110854", "2110853", "2110852", "12776277", "4699251", "4693766", "4817594", "4817595", "13842552", "4676824", "4668603", "14495904", "2110821", "2110822", "2116127", "2116126", "15347449", "12217055", "12776278", "14177513", "2110942", "2110941", "2110940", "1417698", "14075703"]}, "geometry": {"type": "LineString", "coordinates": [[-73.98985617131547, 40.718725939920795], [-73.98997159916998, 40.71873435071287], [-73.99000078832323, 40.71867760877763], [-73.98992373910629, 40.71859691985048], [-73.98994403465242, 40.71855816275945], [-73.99005112921805, 40.71835366916749], [-73.99012804216261, 40.7182068008339], [-73.99091873568008, 40.7181542460137], [-73.99097437545971, 40.71797395512044], [-73.9907755559147, 40.71792034106342], [-73.99080844419252, 40.71786137424268], [-73.99084881336844, 40.71777446577885], [-73.9911182516093, 40.71776505233986], [-73.99114355139548, 40.717715698930135], [-73.99043742494253, 40.71759955510787], [-73.98990094365737, 40.717168931347345], [-73.98987708203042, 40.71721546951948], [-73.98978133595705, 40.71717691490711], [-73.98981557020925, 40.717111654977174], [-73.98979996982817, 40.716851216448376], [-73.98896389915542, 40.71684800173391], [-73.98886908524759, 40.716692687776636], [-73.98874120508937, 40.716653624835395], [-73.98867759872903, 40.716634196558665], [-73.98859256961845, 40.716608222159785], [-73.98852695535928, 40.716588178888756], [-73.98887529329653, 40.7164967284959], [-73.98896042010446, 40.71652251856802]]}}, {"type": "Feature", "properties": {"cell_id": 217, "tree_count": 17, "tree_ids": ["2112799", "2112798", "2112797", "1803595", "14216524", "5109976", "10666768", "10666767", "10462423", "2111026", "2111027", "2111029", "4862061", "2111030", "2123331", "14500069", "2123332"]}, "geometry": {"type": "LineString", "coordinates": [[-73.99516080783522, 40.71713088140305], [-73.99508383562167, 40.71710731437579], [-73.9949754056117, 40.71707411582279], [-73.99460357305185, 40.71687961843591], [-73.99419519549876, 40.71707514729682], [-73.99417662682853, 40.717106148997296], [-73.99435163407719, 40.71737417382292], [-73.99430352065522, 40.71746890227161], [-73.99381089476499, 40.717894825278854], [-73.99322129064446, 40.71746454865899], [-73.99325382150471, 40.71740113803479], [-73.99337017649569, 40.71717434412155], [-73.99354728571883, 40.71724082369798], [-73.99348849558255, 40.71694371496433], [-73.99353415062394, 40.7166412661096], [-73.99342431796212, 40.71669511551768], [-73.99341188827438, 40.71660482705876]]}}, {"type": "Feature", "properties": {"cell_id": 218, "tree_count": 29, "tree_ids": ["1691589", "13883294", "13883708", "13883293", "13885312", "13883292", "2110894", "2110895", "2110921", "2110922", "2110923", "2110924", "2145215", "2145214", "13842561", "2145211", "2145212", "15326344", "15325117", "2116147", "13842559", "2116150", "12248928", "4595843", "12243240", "10461511", "2110844", "2110843", "2110842"]}, "geometry": {"type": "LineString", "coordinates": [[-73.99152021981106, 40.718903933214854], [-73.99179462931825, 40.718383734232106], [-73.99189624105918, 40.71840445693138], [-73.99192923194578, 40.718348402106024], [-73.991972547561, 40.718267513061726], [-73.99203353852786, 40.717924455485345], [-73.99189311645635, 40.717616889040634], [-73.99164217376503, 40.71754142221835], [-73.99177269193562, 40.71743678249603], [-73.9919154232048, 40.71749126237091], [-73.99204613331506, 40.71753085892091], [-73.99213662398016, 40.71755827213783], [-73.99246075665792, 40.717790078507875], [-73.99263486491029, 40.71784320374163], [-73.99271187318962, 40.717866701499936], [-73.99282251152962, 40.717766134156705], [-73.99290691625595, 40.71779182347902], [-73.99315254230615, 40.718111878495705], [-73.99358951167412, 40.718279937278275], [-73.99378210865673, 40.718495214771195], [-73.99371921779442, 40.71861678705546], [-73.99359660528546, 40.7188538017283], [-73.99328430216688, 40.71889595888061], [-73.99323423431993, 40.71897600400144], [-73.99292159635587, 40.718504886676676], [-73.99284915155377, 40.71859243946119], [-73.99268143174167, 40.718517764597124], [-73.99263288577178, 40.718594004634134], [-73.99261209122314, 40.71866684407583]]}}, {"type": "Feature", "properties": {"cell_id": 219, "tree_count": 18, "tree_ids": ["2112333", "2112336", "4817637", "2112338", "2112339", "2112340", "13846308", "14108806", "15838126", "2112342", "2112343", "2112374", "2112375", "4609673", "10408119", "2112383", "14500039", "14500041"]}, "geometry": {"type": "LineString", "coordinates": [[-73.9889931319054, 40.711230299248435], [-73.98850444146116, 40.7112781710327], [-73.98808522131121, 40.711319429645314], [-73.98782685396723, 40.71134454578037], [-73.98768303689747, 40.71135863227065], [-73.9875091678353, 40.71137566194102], [-73.98743210665955, 40.711391260958266], [-73.98733660546112, 40.711400781679394], [-73.98723842940952, 40.71141204780794], [-73.98702476775463, 40.71142310876055], [-73.98690813841395, 40.71143453206531], [-73.98681290768582, 40.711386687422745], [-73.98679968810507, 40.71129777505086], [-73.98666377960328, 40.71128083220818], [-73.98667458386078, 40.711365517954206], [-73.9863159041802, 40.71149218496794], [-73.98620821431804, 40.711502698851454], [-73.98610016596169, 40.71151324690047]]}}, {"type": "Feature", "properties": {"cell_id": 220, "tree_count": 19, "tree_ids": ["2111095", "2111096", "15197144", "15087858", "1417702", "1417703", "1417704", "1417705", "1417706", "16293528", "1417708", "1417709", "1417710", "1417711", "2112525", "2112526", "2112527", "2112528", "12158995"]}, "geometry": {"type": "LineString", "coordinates": [[-73.98810920154143, 40.71646284333236], [-73.98799660748985, 40.71642869940818], [-73.98804547701315, 40.71624532475758], [-73.987934879302, 40.7162118168488], [-73.98743619000331, 40.71606072848155], [-73.98728805866206, 40.716015848536614], [-73.98712786175368, 40.71596731194611], [-73.98698442156089, 40.71592385254791], [-73.98693239688488, 40.71579964852158], [-73.98696716110246, 40.71573277751147], [-73.98701519606723, 40.71564038342846], [-73.98706508559057, 40.71554441676903], [-73.98711819281182, 40.71542205842792], [-73.9871687121478, 40.715300834844896], [-73.98694458560827, 40.71532883422672], [-73.9868915536359, 40.71543799248562], [-73.98684127166635, 40.71554148596096], [-73.98679099029177, 40.71564498112855], [-73.98674006634471, 40.71574779915772]]}}, {"type": "Feature", "properties": {"cell_id": 221, "tree_count": 18, "tree_ids": ["2110878", "233812", "2116112", "2116111", "2116110", "2116109", "2110879", "13807461", "2110892", "2110893", "15208598", "15208600", "2110901", "15971228", "15208602", "15208603", "15208605", "15208607"]}, "geometry": {"type": "LineString", "coordinates": [[-73.99104078941984, 40.71664502636918], [-73.99094565186553, 40.71660917921768], [-73.99099430453182, 40.716514430473964], [-73.99102054952012, 40.71646388547354], [-73.99104467460728, 40.71641742599217], [-73.99108152481817, 40.716346459640114], [-73.9912050450407, 40.716325503747186], [-73.99128146606957, 40.71621343755769], [-73.99150000754537, 40.716115645502434], [-73.9916289916076, 40.716154078170156], [-73.99163853580798, 40.71631129531499], [-73.99161536008184, 40.716359916489395], [-73.99155446968638, 40.71646703432067], [-73.991504074614, 40.71656521126438], [-73.99148772337206, 40.71661961177917], [-73.9914544811815, 40.71667586203649], [-73.99139646214469, 40.71677485836136], [-73.99135761609841, 40.71685053592706]]}}, {"type": "Feature", "properties": {"cell_id": 222, "tree_count": 20, "tree_ids": ["2118610", "2118611", "2118612", "2118613", "6525292", "2124484", "2118760", "2118761", "2118762", "5044694", "2118764", "2118765", "2118766", "2116345", "2116377", "5786875", "2116379", "1431692", "1431693", "13842557"]}, "geometry": {"type": "LineString", "coordinates": [[-73.9921616013133, 40.72383505018176], [-73.99202659325007, 40.723793996490876], [-73.99189192131142, 40.723753043878055], [-73.99169225940352, 40.72369232875522], [-73.9915670017213, 40.72365200773493], [-73.99135428271921, 40.723735901490556], [-73.99135995740045, 40.723898134824154], [-73.99155708531714, 40.72395775872271], [-73.99181590009205, 40.72403603959991], [-73.99189904371032, 40.724061186887845], [-73.99198285780822, 40.72408653658818], [-73.992078738731, 40.72411553701399], [-73.99221216991607, 40.72415589405302], [-73.99235914362542, 40.72434284419075], [-73.99208691553353, 40.72474245219456], [-73.99200370681643, 40.72470719404021], [-73.99193751629927, 40.72467914772485], [-73.99190856636949, 40.724781828782916], [-73.99197865021374, 40.72481132438895], [-73.99212150441701, 40.725016356186636]]}}, {"type": "Feature", "properties": {"cell_id": 223, "tree_count": 30, "tree_ids": ["2122894", "2122898", "2110177", "2110176", "2110175", "2121611", "2110096", "2147314", "15208688", "2147316", "15208687", "2147317", "2114517", "2114516", "2114515", "11537810", "11537350", "11537351", "2114473", "2114472", "14529199", "2121012", "11789072", "11537811", "2114514", "2114513", "2114512", "2114511", "2146794", "2146793"]}, "geometry": {"type": "LineString", "coordinates": [[-73.97686645949081, 40.722682288098916], [-73.97666410359936, 40.722958158932094], [-73.97648342770202, 40.72320822223963], [-73.97642884890855, 40.723283118384494], [-73.97621543390102, 40.72357598134068], [-73.97624209340047, 40.723715433124575], [-73.9761701473569, 40.723796095838374], [-73.97600876650358, 40.723858408926525], [-73.97593905586446, 40.72395422759766], [-73.9758964256597, 40.72401282211818], [-73.97581085754759, 40.72414054862816], [-73.97575805406872, 40.72420301678489], [-73.97578905791342, 40.724301244460776], [-73.975874220516, 40.724337219805264], [-73.97596884615544, 40.72437719239985], [-73.9759625698616, 40.72448631464548], [-73.97585342799927, 40.724440224483715], [-73.9757538980209, 40.72440439134318], [-73.97559599633671, 40.72442283877996], [-73.97551702663665, 40.72453138403875], [-73.97537093921189, 40.7244362213009], [-73.9754173488784, 40.724372630038964], [-73.97609871805707, 40.724552113669084], [-73.97620987577494, 40.7245907514256], [-73.97630213732913, 40.72452516274119], [-73.97638966042234, 40.724565840301786], [-73.97646558922972, 40.72459978619586], [-73.97653416256226, 40.7246235703635], [-73.97646285937448, 40.7246975836346], [-73.97636318058042, 40.72465548951372]]}}, {"type": "Feature", "properties": {"cell_id": 224, "tree_count": 22, "tree_ids": ["2124296", "14148184", "2124297", "2124298", "15224553", "2124300", "2124301", "15224554", "14148180", "14233842", "2124305", "2124306", "15197083", "2124308", "15208674", "14148181", "15197085", "2124313", "2124312", "2124310", "2124309", "2124307"]}, "geometry": {"type": "LineString", "coordinates": [[-73.99656852889235, 40.71499899466685], [-73.996588587211, 40.71503463998662], [-73.99661081735137, 40.71508654807519], [-73.99656823946984, 40.71507372077478], [-73.99652346797366, 40.71508897858674], [-73.99653539997146, 40.71512839142585], [-73.99648034266991, 40.71515365756716], [-73.99645026003732, 40.71521458919154], [-73.99649521371367, 40.7151952948999], [-73.99651023663472, 40.715235930397334], [-73.99648919249742, 40.715268044031426], [-73.9964175357963, 40.71527502724026], [-73.9963978060037, 40.71530716091222], [-73.99638504378578, 40.71533415351956], [-73.99636727235803, 40.71536732053559], [-73.9963536410208, 40.715400545434306], [-73.99633986984055, 40.715434628064564], [-73.99633259387076, 40.715457782177545], [-73.996374038715, 40.71545582556101], [-73.99640327068587, 40.715411085733386], [-73.99642276454718, 40.715378633546976], [-73.99644450863167, 40.71534243539994]]}}, {"type": "Feature", "properties": {"cell_id": 225, "tree_count": 17, "tree_ids": ["2118577", "2118569", "2118567", "2116283", "2116228", "2116227", "2116226", "5927596", "2146532", "15224556", "15224557", "15224558", "10183651", "2118742", "2118741", "10202524", "13841746"]}, "geometry": {"type": "LineString", "coordinates": [[-73.99284332383155, 40.7230454877811], [-73.99246812054214, 40.72267594393104], [-73.99221081904214, 40.72260152785468], [-73.99227018715209, 40.7225297438492], [-73.9920005999589, 40.72197414804319], [-73.9920280019116, 40.72192041157687], [-73.99210629306938, 40.72176687518361], [-73.99216316701323, 40.72132875784893], [-73.9924547303858, 40.72108625502303], [-73.99277751057221, 40.72145552924969], [-73.99283889551353, 40.721463436273304], [-73.9929319587673, 40.721488442200084], [-73.99309539948251, 40.721539419996866], [-73.99317877350698, 40.72156411692889], [-73.9932567663877, 40.72158721923818], [-73.99330685356239, 40.721745594726826], [-73.99325755213063, 40.721999947470565]]}}, {"type": "Feature", "properties": {"cell_id": 226, "tree_count": 21, "tree_ids": ["2124605", "14495891", "2124604", "2124603", "2124602", "14051586", "14051171", "14051172", "10866517", "15936512", "14051587", "2124619", "2124618", "2124617", "2124616", "13518634", "13518632", "15216654", "5242532", "14022437", "5243733"]}, "geometry": {"type": "LineString", "coordinates": [[-73.98212755124152, 40.7192522770189], [-73.98208697580662, 40.71934790099074], [-73.98214374316731, 40.71946999670684], [-73.98244096565256, 40.71956092083115], [-73.98259125080118, 40.71960689492739], [-73.98280842111626, 40.71959996616455], [-73.98283635797394, 40.71954576591061], [-73.98286429315267, 40.71949791919532], [-73.98280835192828, 40.719486504665035], [-73.98288498677967, 40.7194362092182], [-73.98291883237685, 40.71936994889104], [-73.9830535599118, 40.7191061819784], [-73.98311902991615, 40.718978009611426], [-73.98314529634895, 40.71892658638669], [-73.98317195374466, 40.71887439582375], [-73.98323148880625, 40.7187769100775], [-73.98328189578545, 40.71867453101184], [-73.9831903460881, 40.718557573764414], [-73.98305525961953, 40.7184127581651], [-73.98291922315688, 40.718463916967416], [-73.98276558254148, 40.718324490581416]]}}, {"type": "Feature", "properties": {"cell_id": 227, "tree_count": 18, "tree_ids": ["2119540", "2119521", "2119520", "2119541", "2119542", "2119543", "2119544", "2119545", "2119546", "2119547", "2119548", "2119549", "15347450", "2116904", "13826744", "13827544", "2116905", "15396585"]}, "geometry": {"type": "LineString", "coordinates": [[-73.98506144151968, 40.72987280672015], [-73.9850432343499, 40.729755380857355], [-73.98494137720711, 40.72971230179597], [-73.98490274075426, 40.729805830571195], [-73.98483869322388, 40.72977880060995], [-73.98477559201898, 40.72975216929947], [-73.98470996772139, 40.729724472882886], [-73.98462856727171, 40.729690118291686], [-73.98456767520227, 40.729664419806866], [-73.98450457421401, 40.729637788347446], [-73.98437900298373, 40.72958479302379], [-73.98426762972024, 40.72953778821712], [-73.98402133165837, 40.729470895486905], [-73.98398311092305, 40.72961888739907], [-73.98392783781276, 40.729699760782005], [-73.98386887547971, 40.729779986887756], [-73.98381763967534, 40.729847242219726], [-73.98365912609357, 40.72998785996056]]}}, {"type": "Feature", "properties": {"cell_id": 228, "tree_count": 24, "tree_ids": ["2142367", "2142366", "6488092", "2142365", "2142364", "2142363", "2142362", "2142361", "2142360", "5783489", "11177417", "2142353", "2142352", "6488091", "2142351", "2142350", "282590", "2142349", "2142348", "2142368", "5128853", "10407717", "2142346", "12382242"]}, "geometry": {"type": "LineString", "coordinates": [[-73.97940128623927, 40.7211051252037], [-73.97935870340818, 40.72108714169454], [-73.97929595649417, 40.721068900655155], [-73.97924041922231, 40.721037189262354], [-73.97915967096614, 40.72100308762907], [-73.97906567493585, 40.72096339108482], [-73.97898587222012, 40.72092968977851], [-73.97891963303687, 40.72090171486685], [-73.97884267030709, 40.72086921195384], [-73.97870914539507, 40.720935263406346], [-73.97878899111892, 40.72096565690615], [-73.9788651530169, 40.72099020390978], [-73.9789408631835, 40.72102216277277], [-73.97902213817076, 40.72106355084637], [-73.97910932059447, 40.72109326899131], [-73.97921973224662, 40.72113987381877], [-73.97931031800726, 40.72117933460351], [-73.97937904092028, 40.7212071193165], [-73.97946011493497, 40.72124133979261], [-73.97957634764451, 40.72117905616173], [-73.97969874946403, 40.72122175194615], [-73.97979636022815, 40.72127507976441], [-73.97969860535633, 40.721342006662056], [-73.9797910362002, 40.7213810225131]]}}, {"type": "Feature", "properties": {"cell_id": 229, "tree_count": 28, "tree_ids": ["5422585", "5422586", "2114399", "2114398", "2114397", "10162187", "2114419", "2114418", "2114417", "2114416", "2114415", "2114414", "4599951", "2114413", "2114412", "2114411", "2114715", "2114716", "2114410", "2114409", "2114718", "2114719", "2114408", "2114721", "2114405", "2114404", "2114722", "10162568"]}, "geometry": {"type": "LineString", "coordinates": [[-73.97717945270689, 40.72611314485882], [-73.9772183398006, 40.72606164204887], [-73.97745991282692, 40.726127353899216], [-73.97735377851124, 40.726273087670954], [-73.97728960950438, 40.72636120002608], [-73.97728415023126, 40.72649159777122], [-73.97736066458448, 40.726515596296906], [-73.97744139829565, 40.726549727181826], [-73.97752087025904, 40.726583325395204], [-73.97760097359452, 40.726617189002894], [-73.97768044571937, 40.72665078539035], [-73.97777403563707, 40.726692450602584], [-73.97786357850518, 40.72673503902859], [-73.97793778636658, 40.7267595771004], [-73.97801284427618, 40.72679130826463], [-73.97811628575472, 40.72683503764884], [-73.97809324574429, 40.72693498358084], [-73.97816900590998, 40.72696688232059], [-73.97825000254902, 40.72689156608769], [-73.97838939523797, 40.72695049366734], [-73.97843353876856, 40.72707826007042], [-73.9785680147059, 40.72713487862836], [-73.9786591837872, 40.72706232248277], [-73.97874867511366, 40.72721094186909], [-73.97885425275483, 40.727147008479186], [-73.97893751245336, 40.72718220465619], [-73.9788970417596, 40.72727340893586], [-73.9786414772952, 40.72789687153753]]}}, {"type": "Feature", "properties": {"cell_id": 230, "tree_count": 18, "tree_ids": ["5823983", "12776281", "15378283", "15378276", "13525506", "6533723", "11537343", "11537345", "11537344", "14051153", "4635103", "10183258", "2131237", "16029022", "2142383", "2131236", "10666781", "14051155"]}, "geometry": {"type": "LineString", "coordinates": [[-73.98519698099219, 40.72282048956767], [-73.98530613456883, 40.72286821202008], [-73.98538049056602, 40.72289899365456], [-73.98545578061258, 40.722800101549964], [-73.98538392827217, 40.72277275294466], [-73.98530453605173, 40.72273123351842], [-73.98526166645284, 40.7227167911828], [-73.98521109574853, 40.72269660729486], [-73.98512656127934, 40.722661835759006], [-73.98506003378101, 40.72264017500649], [-73.9850026231499, 40.722735741165536], [-73.98494837734671, 40.722711510452534], [-73.98485167116229, 40.7226653846889], [-73.98489294463614, 40.72256203567025], [-73.98476587288293, 40.72250828742577], [-73.98446793453222, 40.72250363814064], [-73.9844010331377, 40.72247543756988], [-73.98441997511763, 40.722361978689776]]}}, {"type": "Feature", "properties": {"cell_id": 231, "tree_count": 22, "tree_ids": ["12158996", "14095816", "10183650", "14095819", "2146089", "10202530", "14500073", "2143732", "12401352", "2143735", "5778757", "2143736", "5782990", "2143740", "2143739", "14095817", "14095818", "12158973", "13518606", "2112388", "2112387", "12158974"]}, "geometry": {"type": "LineString", "coordinates": [[-73.98480572070567, 40.7130123661018], [-73.98490615185082, 40.71291766216082], [-73.98489359839428, 40.712790864528614], [-73.98487525260231, 40.712713399795064], [-73.98486401204427, 40.71259010933383], [-73.98485368698151, 40.71249263576303], [-73.98485290468564, 40.7124926356601], [-73.98481596577895, 40.71226022836892], [-73.98480221029395, 40.712159597288505], [-73.984791622154, 40.71206965861548], [-73.98477604639412, 40.71197678410099], [-73.98476356956385, 40.71188153920512], [-73.98474008346165, 40.71173779518764], [-73.98472746767129, 40.711665653730506], [-73.98471543319413, 40.71159178600741], [-73.98470218077813, 40.711497514815875], [-73.98468201727363, 40.71137307947993], [-73.98492052230293, 40.71138760274252], [-73.98493981149029, 40.71147900413631], [-73.98509696465806, 40.71161118546252], [-73.98529660281598, 40.71159169587502], [-73.98489830016834, 40.71115692314004]]}}, {"type": "Feature", "properties": {"cell_id": 232, "tree_count": 28, "tree_ids": ["4613519", "14103656", "2111045", "16293529", "11139378", "2111044", "2145854", "2145945", "2145944", "2145943", "10183640", "2145855", "2145941", "2145940", "15197098", "10183247", "15197100", "15197101", "10183641", "14103687", "2112441", "2112440", "2112439", "14096733", "14096734", "2112446", "2112447", "15197099"]}, "geometry": {"type": "LineString", "coordinates": [[-73.98891689895038, 40.714235802671034], [-73.98885977675863, 40.71424223476639], [-73.98873110492285, 40.71391300356322], [-73.98857349307379, 40.71380074329743], [-73.98855370495652, 40.71373730017415], [-73.98869056150481, 40.713646897827054], [-73.98838202102546, 40.71357042034904], [-73.98835819837184, 40.71347257119721], [-73.98822871524786, 40.7134830967708], [-73.98809851589628, 40.71349368216635], [-73.98812617844034, 40.71360355553858], [-73.98820018313738, 40.713585291613676], [-73.98783883475933, 40.71351479197799], [-73.9876910597685, 40.71352680404617], [-73.98755655560737, 40.71353773832545], [-73.9874313761187, 40.713547914081964], [-73.9873564123964, 40.71355400667751], [-73.98728575405347, 40.71355975031451], [-73.98713329942947, 40.713516539407266], [-73.98709231316018, 40.713363375980954], [-73.98707973127375, 40.71327606656246], [-73.9870673437921, 40.71319012153865], [-73.98705511394367, 40.71310526871662], [-73.98685848531383, 40.71312062625301], [-73.98686998418968, 40.71320305447295], [-73.98688254946258, 40.713293126401545], [-73.98689511476978, 40.71338319661225], [-73.98757611950887, 40.71364559927221]]}}, {"type": "Feature", "properties": {"cell_id": 233, "tree_count": 25, "tree_ids": ["14495911", "12382245", "2121903", "2121902", "2121901", "2121900", "2112660", "2112659", "14495885", "14495884", "2121898", "14495883", "2121897", "10230555", "10230951", "10230556", "14495902", "14500053", "14051139", "2118684", "14051536", "2121927", "2121928", "6134272", "14051130"]}, "geometry": {"type": "LineString", "coordinates": [[-73.98617503473501, 40.71870078928168], [-73.98619380997737, 40.718661384791865], [-73.98633156280717, 40.71863380095486], [-73.98629209344662, 40.718710471694585], [-73.98624920304432, 40.71879378890422], [-73.98621473410809, 40.71886074776686], [-73.98596436307463, 40.719101791460915], [-73.98601381456618, 40.7190068716871], [-73.98615710703555, 40.71897268872977], [-73.98611516887111, 40.719054325407754], [-73.98608288025322, 40.71910898796903], [-73.98605155405365, 40.71916497555574], [-73.9860284352468, 40.71922263671761], [-73.98573779848999, 40.71932751836608], [-73.98567739335917, 40.71931275263915], [-73.9856169461506, 40.71929110038821], [-73.98556267317431, 40.719182175250694], [-73.9853045741773, 40.71910204994274], [-73.98527831535016, 40.71919091732508], [-73.98491757527168, 40.71925754083925], [-73.98501333330087, 40.719313898108425], [-73.9849585811088, 40.719411160666596], [-73.98491697222279, 40.71949131992293], [-73.98478003372605, 40.719529911516254], [-73.98472579997582, 40.71963535569947]]}}, {"type": "Feature", "properties": {"cell_id": 234, "tree_count": 30, "tree_ids": ["2143624", "2143625", "14007369", "2143626", "10203059", "2143630", "2146759", "2146760", "2146761", "2143631", "2146762", "2143632", "2143633", "11139397", "11139396", "2111166", "2112708", "2112707", "2112706", "2112705", "2112704", "2112703", "10461510", "2112701", "2112700", "2112699", "2112595", "12216786", "12158972", "2143681"]}, "geometry": {"type": "LineString", "coordinates": [[-73.99450072697061, 40.71286390070539], [-73.99448565869397, 40.71275691832068], [-73.99448341821778, 40.712705949130694], [-73.99447293597844, 40.71266658302546], [-73.99431143722803, 40.7124164661685], [-73.99440800301537, 40.712173701280776], [-73.9942740440078, 40.712146693099555], [-73.99426519419251, 40.71208116432526], [-73.99425744986696, 40.71202382643225], [-73.99438691061071, 40.71202884086456], [-73.99423532318859, 40.71186000363053], [-73.99435287110092, 40.71179504551235], [-73.99434143202268, 40.71171647670635], [-73.99377279487818, 40.71168788466958], [-73.99393483328113, 40.71167240657223], [-73.99411765124843, 40.71165025782286], [-73.99410910663468, 40.71151802732337], [-73.99402036129585, 40.71152658869321], [-73.99392875429537, 40.71153542660732], [-73.99384287130127, 40.71154371237138], [-73.99374696953869, 40.71155296448446], [-73.99365858106053, 40.71156149071341], [-73.99356804707975, 40.71157022547093], [-73.99347858694279, 40.71157885557403], [-73.99334475327207, 40.71159176659529], [-73.99330891879403, 40.711505923795315], [-73.9931411078504, 40.71075436024333], [-73.99305482481033, 40.710644099675115], [-73.99315815198628, 40.71063576693096], [-73.99323486426951, 40.71062266751094]]}}, {"type": "Feature", "properties": {"cell_id": 235, "tree_count": 25, "tree_ids": ["6612189", "2143965", "2137751", "2137752", "2137753", "2143960", "10201996", "2143962", "2143963", "10202518", "2137750", "2137749", "2137748", "5240536", "2143966", "2143967", "15218044", "10183657", "14051125", "2143970", "2143971", "2143972", "2137744", "16497103", "2137745"]}, "geometry": {"type": "LineString", "coordinates": [[-73.98890550782322, 40.725905677292836], [-73.9882887883686, 40.72575404044438], [-73.98858049598702, 40.725768611238585], [-73.98869535408829, 40.72581705037875], [-73.9887849697084, 40.72585484358118], [-73.98876995735681, 40.7259570305628], [-73.9886515953396, 40.72591885025359], [-73.9885790666789, 40.72587650005993], [-73.98848125516125, 40.725835236047445], [-73.98842111774337, 40.725816879027946], [-73.98844228723878, 40.725710325685284], [-73.98837065802763, 40.72568011814018], [-73.98831322919231, 40.725655897278386], [-73.98825138337881, 40.72562981522073], [-73.98814680548736, 40.725694141035746], [-73.98805372718253, 40.72565487395694], [-73.98806968559542, 40.725555604610484], [-73.9878885009883, 40.725588048737144], [-73.98782339860816, 40.725557703727745], [-73.98774925207178, 40.72552642221472], [-73.98768299336366, 40.72549846951592], [-73.98761042450948, 40.72546785368561], [-73.98774462051048, 40.725416095637854], [-73.98781363586127, 40.72544560109658], [-73.98787146800164, 40.72546959237733]]}}, {"type": "Feature", "properties": {"cell_id": 236, "tree_count": 2, "tree_ids": ["1419378", "12216759"]}, "geometry": {"type": "LineString", "coordinates": [[-73.9823194945114, 40.71091529247686], [-73.98274501065241, 40.711460729322816]]}}, {"type": "Feature", "properties": {"cell_id": 237, "tree_count": 2, "tree_ids": ["2121011", "2121010"]}, "geometry": {"type": "LineString", "coordinates": [[-73.97577899006043, 40.72387709493481], [-73.97582329714606, 40.723816383342495]]}}, {"type": "Feature", "properties": {"cell_id": 238, "tree_count": 11, "tree_ids": ["2114714", "11142891", "2114712", "2114711", "2114710", "2114709", "2114571", "2114570", "2114491", "10162567", "2114493"]}, "geometry": {"type": "LineString", "coordinates": [[-73.97790952505028, 40.72685762982961], [-73.97778566536614, 40.726808876848544], [-73.97771886130137, 40.726777352990574], [-73.97758059829897, 40.72671913788253], [-73.97748274121982, 40.72667793542832], [-73.97734321604817, 40.726619188562694], [-73.9770716358743, 40.72666232583836], [-73.97703884859712, 40.72670749742874], [-73.9768558361825, 40.72660234461065], [-73.9767787285971, 40.72670853801991], [-73.97668836059579, 40.72683298990149]]}}, {"type": "Feature", "properties": {"cell_id": 239, "tree_count": 14, "tree_ids": ["2120997", "2120998", "6486099", "2144208", "14051554", "6486098", "2144210", "16491773", "2144212", "2144213", "13824646", "11142868", "12776282", "13824647"]}, "geometry": {"type": "LineString", "coordinates": [[-73.97613222630679, 40.722242939164275], [-73.97635199466185, 40.72233476866074], [-73.9765725836041, 40.72227054695493], [-73.9765082634871, 40.72224736751682], [-73.9763711399704, 40.72218876860032], [-73.97625305007743, 40.722140648703494], [-73.97616424414284, 40.7221024456166], [-73.97609480890978, 40.72207319611259], [-73.97601275039804, 40.72203862653961], [-73.9755764402647, 40.72185835056593], [-73.97549737812312, 40.72182378583469], [-73.9753296461593, 40.72192414699358], [-73.975182814514, 40.72187168140095], [-73.97511370924934, 40.721656987479996]]}}, {"type": "Feature", "properties": {"cell_id": 240, "tree_count": 6, "tree_ids": ["2121943", "14051570", "14051569", "14051568", "2121944", "2121945"]}, "geometry": {"type": "LineString", "coordinates": [[-73.98434370486912, 40.71848972295494], [-73.98443229999066, 40.718551524084376], [-73.98446224933069, 40.71848408023499], [-73.98449735575875, 40.71841663535629], [-73.98442012328641, 40.718342705119525], [-73.98446761855243, 40.71825132876268]]}}, {"type": "Feature", "properties": {"cell_id": 241, "tree_count": 3, "tree_ids": ["2120987", "2120986", "2120984"]}, "geometry": {"type": "LineString", "coordinates": [[-73.97610969492284, 40.71616486583541], [-73.97617503952756, 40.71601942307331], [-73.97622124915118, 40.715916573863524]]}}, {"type": "Feature", "properties": {"cell_id": 242, "tree_count": 12, "tree_ids": ["2112300", "2112299", "2112298", "2112297", "2112296", "4817640", "2146007", "2146005", "2146004", "2146003", "2146009", "2146008"]}, "geometry": {"type": "LineString", "coordinates": [[-73.99063550793463, 40.71005453568451], [-73.99038671622604, 40.710090378933], [-73.99031087374824, 40.71010130587934], [-73.9902300692626, 40.71011294713658], [-73.99014926550036, 40.71012458719356], [-73.99006141930408, 40.71013950657743], [-73.98987529959184, 40.71029770820137], [-73.98977925060788, 40.71038814707685], [-73.9897873956461, 40.710466952222134], [-73.98979562474165, 40.71054657965852], [-73.98991023475148, 40.710537504025055], [-73.98989850984746, 40.71045702712908]]}}, {"type": "Feature", "properties": {"cell_id": 243, "tree_count": 7, "tree_ids": ["2110823", "17090982", "2116133", "2116132", "2116131", "2116130", "2116129"]}, "geometry": {"type": "LineString", "coordinates": [[-73.98963687919706, 40.71768392036687], [-73.98960370148883, 40.71775180787], [-73.98950746478697, 40.71769899224484], [-73.98955320086753, 40.717611809102664], [-73.9895879693205, 40.71754553030045], [-73.98962193557172, 40.71748078047494], [-73.98969334477259, 40.71734465307959]]}}, {"type": "Feature", "properties": {"cell_id": 244, "tree_count": 2, "tree_ids": ["2118840", "2118841"]}, "geometry": {"type": "LineString", "coordinates": [[-73.98881382732054, 40.724220040938185], [-73.98890529195249, 40.72425868796896]]}}, {"type": "Feature", "properties": {"cell_id": 245, "tree_count": 12, "tree_ids": ["2122385", "6486107", "6486106", "6486105", "6486104", "6486103", "2149022", "2120862", "2122383", "14051166", "14051165", "14051577"]}, "geometry": {"type": "LineString", "coordinates": [[-73.97844469083049, 40.71995863350872], [-73.97848841902308, 40.719810716318875], [-73.97837470300097, 40.719764691706494], [-73.97831136874086, 40.71973839128897], [-73.97821708753449, 40.71969291741633], [-73.97811128679913, 40.71965784677366], [-73.97800553267417, 40.719616240656116], [-73.97797338735754, 40.719796243260106], [-73.97812003591662, 40.719822251513186], [-73.97877066593604, 40.71964244462932], [-73.97882934475521, 40.7195254617824], [-73.97889598947691, 40.71939094077972]]}}, {"type": "Feature", "properties": {"cell_id": 246, "tree_count": 3, "tree_ids": ["2134549", "2134550", "2134551"]}, "geometry": {"type": "LineString", "coordinates": [[-74.0007709701207, 40.712287300689574], [-74.0007703976122, 40.712427831931414], [-74.00076985133352, 40.71256232412266]]}}, {"type": "Feature", "properties": {"cell_id": 247, "tree_count": 2, "tree_ids": ["2120065", "15197079"]}, "geometry": {"type": "LineString", "coordinates": [[-73.99722791862516, 40.71649910477118], [-73.99717216944629, 40.71632008499313]]}}, {"type": "Feature", "properties": {"cell_id": 248, "tree_count": 5, "tree_ids": ["2134810", "2134811", "2134812", "2134808", "2134809"]}, "geometry": {"type": "LineString", "coordinates": [[-73.99916730826436, 40.71728710033721], [-73.99919538252145, 40.717306608347485], [-73.99922058059074, 40.71733146918547], [-73.99924248166117, 40.717357424469306], [-73.99926477115957, 40.7173275233117]]}}, {"type": "Feature", "properties": {"cell_id": 249, "tree_count": 11, "tree_ids": ["2125121", "2125120", "2125119", "2125118", "4598994", "4598996", "4599006", "4999996", "4999995", "4599022", "2125123"]}, "geometry": {"type": "LineString", "coordinates": [[-73.97891828866724, 40.71227853217469], [-73.97880328538686, 40.71228606601413], [-73.97868828283173, 40.71229360031062], [-73.97857328175398, 40.71230113334891], [-73.9785203976959, 40.71240360261364], [-73.97859517624687, 40.71239929468552], [-73.97869076083641, 40.712393532979114], [-73.97879461428691, 40.712386825202046], [-73.97890160985017, 40.7123795483691], [-73.9790113174381, 40.712370064113244], [-73.97921298182467, 40.712259225471456]]}}, {"type": "Feature", "properties": {"cell_id": 250, "tree_count": 7, "tree_ids": ["2122652", "2122651", "2122650", "2122649", "5805967", "5805968", "5805966"]}, "geometry": {"type": "LineString", "coordinates": [[-74.00064168080823, 40.70966183902552], [-74.00069036793228, 40.70970812402335], [-74.0008062276284, 40.70981826374143], [-74.00086483356257, 40.70987397742668], [-74.00115224366962, 40.70979765906563], [-74.00119138091334, 40.7097547723196], [-74.00112875968443, 40.70973690340085]]}}, {"type": "Feature", "properties": {"cell_id": 251, "tree_count": 4, "tree_ids": ["2118807", "2118636", "14051561", "5787214"]}, "geometry": {"type": "LineString", "coordinates": [[-73.98571990895492, 40.7262627199303], [-73.9857639293895, 40.72617184591038], [-73.9858249236336, 40.726202605005064], [-73.98587514637408, 40.72632820610292]]}}, {"type": "Feature", "properties": {"cell_id": 252, "tree_count": 13, "tree_ids": ["2128090", "2128088", "10202523", "2128091", "2128092", "2128093", "2128094", "10203058", "2128085", "12776283", "12689363", "965081", "2147138"]}, "geometry": {"type": "LineString", "coordinates": [[-73.98070002739388, 40.729777106281006], [-73.98080317746488, 40.72994656643018], [-73.98076275404951, 40.73000201289355], [-73.9806021914984, 40.72991221872986], [-73.98057938682794, 40.72994371381423], [-73.98055518870795, 40.7299771311312], [-73.98049948082684, 40.730054064067694], [-73.9806668590843, 40.73013355124533], [-73.98060368790074, 40.73022020284231], [-73.98002732645223, 40.73016090394435], [-73.97993807551796, 40.73012246928727], [-73.9792880543977, 40.72986459478886], [-73.97875681510914, 40.72964082959399]]}}, {"type": "Feature", "properties": {"cell_id": 253, "tree_count": 5, "tree_ids": ["2145995", "2145994", "15197143", "15192615", "2145993"]}, "geometry": {"type": "LineString", "coordinates": [[-73.99038807599558, 40.71116646149017], [-73.9904787487675, 40.71115316207438], [-73.99062766334333, 40.711140365403665], [-73.99070872709382, 40.71112632222265], [-73.99079680732495, 40.71110651268549]]}}, {"type": "Feature", "properties": {"cell_id": 254, "tree_count": 6, "tree_ids": ["2145245", "2145244", "12216772", "16498098", "2118641", "14051522"]}, "geometry": {"type": "LineString", "coordinates": [[-73.98648592923783, 40.724207450126286], [-73.98658946624343, 40.724251042120514], [-73.98670646840337, 40.724178923459135], [-73.9866168659888, 40.72414111776689], [-73.98651401081216, 40.724097720868635], [-73.98644515096899, 40.72406350223784]]}}, {"type": "Feature", "properties": {"cell_id": 255, "tree_count": 9, "tree_ids": ["2142359", "2142354", "2142355", "2142358", "2142357", "10162200", "2122828", "2122829", "4608584"]}, "geometry": {"type": "LineString", "coordinates": [[-73.97869820692324, 40.72080820192008], [-73.97854369973501, 40.72085451562453], [-73.9784560016461, 40.72081749703872], [-73.97852314746608, 40.72073427019493], [-73.97845154689685, 40.720704031302276], [-73.97824237459925, 40.72080758202429], [-73.97817339742564, 40.720888761223755], [-73.97813994020696, 40.720934276702025], [-73.97803324674557, 40.72109583748816]]}}, {"type": "Feature", "properties": {"cell_id": 256, "tree_count": 8, "tree_ids": ["5604280", "5604281", "6423233", "6423234", "6423235", "6423236", "6423237", "6423248"]}, "geometry": {"type": "LineString", "coordinates": [[-73.99817143531347, 40.7095455478412], [-73.99856072905051, 40.70980572829665], [-73.99880236515115, 40.71019153263106], [-73.99888377219585, 40.71023739843374], [-73.998957352219, 40.71027849908555], [-73.99903797639448, 40.71032853452346], [-73.9991240810894, 40.710379165788595], [-73.99935592752958, 40.710339572402795]]}}, {"type": "Feature", "properties": {"cell_id": 257, "tree_count": 12, "tree_ids": ["13508026", "13508031", "13508029", "13508027", "13508030", "13508028", "2127999", "15378282", "15208619", "15208620", "15208621", "17666409"]}, "geometry": {"type": "LineString", "coordinates": [[-73.99441236444646, 40.719069385027325], [-73.99438965513043, 40.71914324482795], [-73.99435598580837, 40.71920757348137], [-73.99417513641333, 40.719265938644256], [-73.99408041044445, 40.719239725363295], [-73.99397472497029, 40.71920874584276], [-73.99413363583653, 40.719745347062116], [-73.9941291520089, 40.72008640488788], [-73.99388323129538, 40.72009508096319], [-73.99378307645077, 40.72006855207656], [-73.99345628495333, 40.71997326738046], [-73.99335455180774, 40.71995033823992]]}}, {"type": "Feature", "properties": {"cell_id": 258, "tree_count": 9, "tree_ids": ["15112342", "15112368", "15112307", "15112336", "15112308", "15112356", "15112344", "15112361", "15112329"]}, "geometry": {"type": "LineString", "coordinates": [[-73.98424003230745, 40.71022771447802], [-73.98419467236944, 40.710264016895245], [-73.98415350368498, 40.710270150354674], [-73.98409021461063, 40.71027483402561], [-73.98411244669073, 40.7101607618979], [-73.98397618487809, 40.71013494109759], [-73.98394899214452, 40.7101430892546], [-73.98391223182752, 40.71015126180058], [-73.98388577694918, 40.7101503443231]]}}, {"type": "Feature", "properties": {"cell_id": 259, "tree_count": 4, "tree_ids": ["15216541", "17042425", "15216555", "15216551"]}, "geometry": {"type": "LineString", "coordinates": [[-73.99401118085483, 40.71419115659143], [-73.99413548545505, 40.714458168786045], [-73.99395451440662, 40.71438205634687], [-73.99391724107531, 40.714457509011645]]}}, {"type": "Feature", "properties": {"cell_id": 260, "tree_count": 1, "tree_ids": ["2110207"]}, "geometry": {"type": "MultiPoint", "coordinates": [[-73.97915164314546, 40.72414147191417]]}}, {"type": "Feature", "properties": {"cell_id": 261, "tree_count": 1, "tree_ids": ["2116125"]}, "geometry": {"type": "MultiPoint", "coordinates": [[-73.98510296030172, 40.714400325033175]]}}, {"type": "Feature", "properties": {"cell_id": 262, "tree_count": 1, "tree_ids": ["2143708"]}, "geometry": {"type": "MultiPoint", "coordinates": [[-73.98542857657452, 40.71565950064632]]}}, {"type": "Feature", "properties": {"cell_id": 263, "tree_count": 1, "tree_ids": ["14496831"]}, "geometry": {"type": "MultiPoint", "coordinates": [[-73.98496360508514, 40.72132096293531]]}}]}