{"type": "FeatureCollection", "features": [{"type": "Feature", "properties": {"cell_id": 1, "tree_count": 20, "tree_ids": ["15112308", "15112342", "15112356", "15112344", "15112368", "15112361", "15112329", "15112307", "15112336", "4987008", "4987007", "4987006", "2143751", "1419378", "2143752", "2143753", "2143754", "12216759", "2146763", "2146765"]}, "geometry": {"type": "Polygon", "coordinates": [[[-73.98177225057096, 40.70911897169332], [-73.98033456312726, 40.71109856372743], [-73.98337528312085, 40.712385009808244], [-73.98481297056455, 40.71040541777413], [-73.98177225057096, 40.70911897169332]]]}}, {"type": "Feature", "properties": {"cell_id": 2, "tree_count": 21, "tree_ids": ["11320266", "11793093", "2146769", "11320666", "2146772", "2146774", "2146776", "2146777", "2146778", "2137211", "2146779", "2137210", "525911", "2146780", "2137209", "2146781", "2137212", "2146782", "2146783", "2146784", "2146785"]}, "geometry": {"type": "Polygon", "coordinates": [[[-73.97954909409069, 40.71076889315247], [-73.97901788653903, 40.71150032768113], [-73.98078288897669, 40.7122470522968], [-73.98131409652837, 40.711515617768136], [-73.97954909409069, 40.71076889315247]]]}}, {"type": "Feature", "properties": {"cell_id": 3, "tree_count": 21, "tree_ids": ["2137202", "2137203", "2137204", "2137205", "2137207", "2137208", "2125120", "2125121", "4999995", "4599022", "2125123", "15197063", "4599002", "13377152", "4599001", "4598986", "11139384", "16166994", "15197062", "15763344", "4607954"]}, "geometry": {"type": "Polygon", "coordinates": [[[-73.97863516382432, 40.71135765483729], [-73.97810133950377, 40.712092692468204], [-73.97993362134794, 40.71286788117428], [-73.98046744566851, 40.71213284354337], [-73.97863516382432, 40.71135765483729]]]}}, {"type": "Feature", "properties": {"cell_id": 4, "tree_count": 21, "tree_ids": ["15763347", "4607995", "14085341", "14085342", "15197139", "15378280", "15197138", "2143763", "2143764", "2143765", "2143766", "15763345", "13851727", "2143772", "2143774", "2116301", "2143775", "2116302", "4987005", "11139381", "11139380"]}, "geometry": {"type": "Polygon", "coordinates": [[[-73.9804323444389, 40.71207993017108], [-73.97989662792929, 40.71281757320998], [-73.98222146895256, 40.7138011503329], [-73.98275718546216, 40.713063507293995], [-73.9804323444389, 40.71207993017108]]]}}, {"type": "Feature", "properties": {"cell_id": 5, "tree_count": 20, "tree_ids": ["2112381", "2112380", "1419388", "1419387", "2146085", "1419386", "2146084", "1419385", "1419384", "15216528", "15307906", "14500041", "1419361", "1419362", "12158974", "12158973", "4606793", "2112387", "13518606", "14095818"]}, "geometry": {"type": "Polygon", "coordinates": [[[-73.98518879529863, 40.71001477559799], [-73.98428633755773, 40.7112573948911], [-73.98592927810061, 40.71195247843278], [-73.9868317358415, 40.71070985913967], [-73.98518879529863, 40.71001477559799]]]}}, {"type": "Feature", "properties": {"cell_id": 6, "tree_count": 21, "tree_ids": ["11184429", "2112388", "14095817", "2143739", "2143740", "5782990", "2143736", "5778757", "2143735", "12401352", "2143732", "2143755", "15197114", "10202530", "14500073", "2146089", "12247144", "2112413", "14095819", "10183650", "14095816"]}, "geometry": {"type": "Polygon", "coordinates": [[[-73.98420774719649, 40.711178729038764], [-73.983377095442, 40.712322476661754], [-73.9850750731472, 40.71304084493268], [-73.9859057249017, 40.71189709730969], [-73.98420774719649, 40.711178729038764]]]}}, {"type": "Feature", "properties": {"cell_id": 7, "tree_count": 21, "tree_ids": ["12158996", "15197116", "15197115", "2143758", "2116309", "2143757", "12217070", "12382236", "12158997", "2143756", "2146320", "2116306", "15197117", "3904831", "15197118", "2116305", "3904830", "15197119", "3904829", "3904828", "3904827"]}, "geometry": {"type": "Polygon", "coordinates": [[[-73.9836350611748, 40.712465375077784], [-73.98300248202376, 40.71333639099561], [-73.98445994483458, 40.713953003944134], [-73.9850925239856, 40.71308198802631], [-73.9836350611748, 40.712465375077784]]]}}, {"type": "Feature", "properties": {"cell_id": 8, "tree_count": 21, "tree_ids": ["2116304", "2145899", "2116303", "2116163", "11139382", "2145900", "2116165", "14090746", "2145902", "2116166", "2145903", "2145904", "2145905", "10183642", "2116167", "2116168", "2143726", "2116169", "2145908", "2116170", "2143725"]}, "geometry": {"type": "Polygon", "coordinates": [[[-73.98277402820908, 40.71313780221451], [-73.98226099495398, 40.713844212046155], [-73.98400296364306, 40.71458119170811], [-73.98451599689818, 40.71387478187647], [-73.98277402820908, 40.71313780221451]]]}}, {"type": "Feature", "properties": {"cell_id": 9, "tree_count": 20, "tree_ids": ["2112299", "2112298", "2112297", "2112296", "4817640", "2146007", "2146005", "2146008", "2146004", "2146009", "2146003", "2146001", "2146000", "2145999", "2146620", "2146621", "2146622", "2146623", "2112333", "2146625"]}, "geometry": {"type": "Polygon", "coordinates": [[[-73.98812953880068, 40.709083711684265], [-73.98708508893192, 40.71052184390785], [-73.98942283090824, 40.71151087907377], [-73.990467280777, 40.71007274685019], [-73.98812953880068, 40.709083711684265]]]}}, {"type": "Feature", "properties": {"cell_id": 10, "tree_count": 21, "tree_ids": ["2112336", "4817637", "2112379", "2112338", "2112378", "2112339", "2112340", "2112377", "13846308", "14108806", "2112376", "10239353", "15838126", "5785036", "2112375", "2112342", "4609673", "10867898", "2112374", "2112343", "10408119"]}, "geometry": {"type": "Polygon", "coordinates": [[[-73.9868791288512, 40.710538828633695], [-73.98634304936422, 40.71127697146629], [-73.98859604342174, 40.71223015208848], [-73.98913212290871, 40.711492009255885], [-73.9868791288512, 40.710538828633695]]]}}, {"type": "Feature", "properties": {"cell_id": 11, "tree_count": 21, "tree_ids": ["14500039", "2112383", "2112796", "2112795", "2112794", "2112793", "2112792", "2112791", "2112790", "15197106", "2112789", "15197105", "15197104", "14096733", "14096734", "2112446", "2112439", "2112447", "10183649", "2112440", "2111151"]}, "geometry": {"type": "Polygon", "coordinates": [[[-73.98621626531339, 40.711398313711165], [-73.98510037250978, 40.71293481770905], [-73.98681900145492, 40.713661922958956], [-73.98793489425852, 40.71212541896107], [-73.98621626531339, 40.711398313711165]]]}}, {"type": "Feature", "properties": {"cell_id": 12, "tree_count": 21, "tree_ids": ["10184065", "2112441", "10183648", "14103687", "10183252", "4899254", "10183641", "15197101", "15197100", "10183247", "2112643", "15197098", "2112644", "15197099", "2145940", "2112645", "2112647", "2112646", "2112648", "2145941", "2112649"]}, "geometry": {"type": "Polygon", "coordinates": [[[-73.98756844573023, 40.71249124731923], [-73.98686783080517, 40.713455943596365], [-73.9877355986836, 40.71382307262785], [-73.98843621360865, 40.71285837635071], [-73.98756844573023, 40.71249124731923]]]}}, {"type": "Feature", "properties": {"cell_id": 13, "tree_count": 20, "tree_ids": ["2112414", "2116318", "3904832", "2116319", "3904833", "2116320", "10202012", "2112482", "15197107", "2112483", "2112484", "2112485", "2112486", "2112686", "2112687", "2112688", "6692341", "2112748", "2112747", "11139377"]}, "geometry": {"type": "Polygon", "coordinates": [[[-73.98516138151565, 40.712857747291125], [-73.9844581632287, 40.71382602821005], [-73.98521244797111, 40.71414514560748], [-73.98591566625807, 40.71317686468856], [-73.98516138151565, 40.712857747291125]]]}}, {"type": "Feature", "properties": {"cell_id": 14, "tree_count": 21, "tree_ids": ["2111161", "14582138", "2112493", "2111159", "2111137", "2111158", "2111157", "12988786", "2111138", "14007370", "15197103", "12246722", "2111153", "2111073", "15197102", "2112810", "10202011", "2111072", "13642131", "2111071", "1417715"]}, "geometry": {"type": "Polygon", "coordinates": [[[-73.9857969382085, 40.71317178406698], [-73.98512814952937, 40.71409265789634], [-73.98698790282091, 40.71487946902601], [-73.98765669150004, 40.71395859519665], [-73.9857969382085, 40.71317178406698]]]}}, {"type": "Feature", "properties": {"cell_id": 15, "tree_count": 21, "tree_ids": ["2143727", "2145898", "12158994", "3904820", "15197109", "2112689", "6692342", "2112690", "6692343", "2112692", "2112693", "2112694", "6692348", "6692345", "6692344", "2116372", "15224555", "2116374", "6692354", "6692346", "6692353"]}, "geometry": {"type": "Polygon", "coordinates": [[[-73.98450118487959, 40.71375555147721], [-73.98394059192901, 40.71452744758315], [-73.98472677556725, 40.714860060537426], [-73.98528736851783, 40.714088164431494], [-73.98450118487959, 40.71375555147721]]]}}, {"type": "Feature", "properties": {"cell_id": 16, "tree_count": 21, "tree_ids": ["6692350", "6692351", "2112745", "2112805", "2116125", "6692352", "2112744", "2112743", "15197113", "2112806", "1180908", "329817", "5000024", "2111074", "14100963", "15197112", "4613535", "15840354", "2112808", "15197111", "2112809"]}, "geometry": {"type": "Polygon", "coordinates": [[[-73.98517474237246, 40.714075368409894], [-73.98482819628893, 40.71455253740057], [-73.98572009544564, 40.714929875720784], [-73.98606664152916, 40.71445270673011], [-73.98517474237246, 40.714075368409894]]]}}, {"type": "Feature", "properties": {"cell_id": 17, "tree_count": 20, "tree_ids": ["2112773", "2112772", "2112771", "2112770", "2112769", "2112768", "2112767", "2112766", "2112765", "2112764", "2112763", "2112762", "2112726", "2112725", "2112724", "2112723", "2112722", "2112721", "542309", "13845820"]}, "geometry": {"type": "Polygon", "coordinates": [[[-73.99304020247955, 40.7088437417163], [-73.99232255963135, 40.70983188421686], [-73.99386475677532, 40.71048434596141], [-73.99458239962352, 40.70949620346085], [-73.99304020247955, 40.7088437417163]]]}}, {"type": "Feature", "properties": {"cell_id": 18, "tree_count": 21, "tree_ids": ["2112720", "2112719", "534312", "540311", "2145971", "542709", "537512", "2143671", "2145972", "542710", "2145973", "10204513", "543109", "2145974", "2143673", "2112395", "2143665", "2143674", "2112814", "2112394", "2143664"]}, "geometry": {"type": "Polygon", "coordinates": [[[-73.99480590091765, 40.709055490885326], [-73.99388616963128, 40.710321894606125], [-73.99459019865373, 40.71061975017277], [-73.9955099299401, 40.70935334645198], [-73.99480590091765, 40.709055490885326]]]}}, {"type": "Feature", "properties": {"cell_id": 19, "tree_count": 21, "tree_ids": ["2112300", "12158980", "12158982", "2149098", "12158983", "2149097", "2149096", "2149094", "2149092", "2149090", "2149089", "2149088", "12158984", "12158981", "2146010", "2124974", "2124990", "2124991", "11139374", "11139375", "11138957"]}, "geometry": {"type": "Polygon", "coordinates": [[[-73.9910089112212, 40.70944708676041], [-73.99028062769911, 40.710449880702335], [-73.99246173724623, 40.71137264893967], [-73.99319002076832, 40.71036985499775], [-73.9910089112212, 40.70944708676041]]]}}, {"type": "Feature", "properties": {"cell_id": 20, "tree_count": 21, "tree_ids": ["12216786", "12158972", "2143681", "2112595", "2112699", "2112700", "2112582", "2112583", "2112701", "2112585", "10461510", "15936511", "2112703", "2112347", "11138956", "2112704", "2112348", "11139400", "11139402", "2112705", "2112349"]}, "geometry": {"type": "Polygon", "coordinates": [[[-73.99326984345481, 40.71025473499261], [-73.99251592376596, 40.71129282808924], [-73.99372786667566, 40.7118055682329], [-73.9944817863645, 40.71076747513627], [-73.99326984345481, 40.71025473499261]]]}}, {"type": "Feature", "properties": {"cell_id": 21, "tree_count": 20, "tree_ids": ["2145998", "2145997", "2145996", "2120948", "2120947", "11139376", "11139776", "2145995", "2112359", "2145994", "2112360", "13845931", "15197143", "13846309", "15192615", "2112361", "2145993", "2112411", "14113602", "2146011"]}, "geometry": {"type": "Polygon", "coordinates": [[[-73.99016504785091, 40.71035501927976], [-73.98905461501435, 40.711884005296376], [-73.99096529227678, 40.712692360975666], [-73.99207572511334, 40.71116337495905], [-73.99016504785091, 40.71035501927976]]]}}, {"type": "Feature", "properties": {"cell_id": 22, "tree_count": 21, "tree_ids": ["2146012", "15971243", "2111126", "2124973", "15838129", "2146013", "2124992", "2124972", "14121311", "2124993", "15320121", "2124971", "15197096", "2124970", "2124969", "2124995", "2146014", "2124996", "15197095", "2124997", "2124998"]}, "geometry": {"type": "Polygon", "coordinates": [[[-73.99203731436245, 40.71110776289807], [-73.9909157899064, 40.71265202127564], [-73.99146278123979, 40.71288343845926], [-73.99258430569584, 40.71133918008169], [-73.99203731436245, 40.71110776289807]]]}}, {"type": "Feature", "properties": {"cell_id": 23, "tree_count": 21, "tree_ids": ["2112752", "10204515", "2112754", "5009441", "2124999", "2112494", "2125000", "2112495", "2124966", "2112496", "2124965", "2125001", "2125002", "2125003", "2124964", "2112498", "2125004", "2124963", "2112499", "2124962", "2146016"]}, "geometry": {"type": "Polygon", "coordinates": [[[-73.99251932186797, 40.71129966643417], [-73.99197203312615, 40.71205324360315], [-73.9926165292676, 40.71232591242403], [-73.99316381800942, 40.71157233525505], [-73.99251932186797, 40.71129966643417]]]}}, {"type": "Feature", "properties": {"cell_id": 24, "tree_count": 21, "tree_ids": ["2125005", "2124961", "2143634", "2112500", "2124960", "2143635", "2125006", "2124959", "2112531", "2112532", "2112533", "1447881", "2112534", "5783010", "1447964", "2112535", "15196818", "1447879", "15197094", "12158998", "3904846"]}, "geometry": {"type": "Polygon", "coordinates": [[[-73.99205321705529, 40.71199745943889], [-73.99140147842431, 40.71289485658029], [-73.9924902875558, 40.713355502165186], [-73.99314202618676, 40.712458105023785], [-73.99205321705529, 40.71199745943889]]]}}, {"type": "Feature", "properties": {"cell_id": 25, "tree_count": 20, "tree_ids": ["13846310", "13851722", "2112362", "13851723", "13852122", "2120946", "2111148", "10183646", "15763349", "3904835", "10206290", "5279798", "12158993", "2111025", "2111024", "2111034", "17042424", "2111023", "2111035", "2111020"]}, "geometry": {"type": "Polygon", "coordinates": [[[-73.98925922965378, 40.711906276839045], [-73.98848062185458, 40.71297836368501], [-73.99013181416007, 40.71367693832343], [-73.99091042195927, 40.71260485147747], [-73.98925922965378, 40.711906276839045]]]}}, {"type": "Feature", "properties": {"cell_id": 26, "tree_count": 21, "tree_ids": ["2111021", "2112698", "2111018", "2111019", "2111098", "13851724", "352242", "2112697", "13516331", "2112696", "2111037", "2111099", "2111038", "2112695", "15197097", "2111062", "14104538", "2145945", "2111044", "2145944", "2145854"]}, "geometry": {"type": "Polygon", "coordinates": [[[-73.9884407984821, 40.712875218269986], [-73.98801202868454, 40.713465603391214], [-73.9897797217471, 40.71421346633723], [-73.99020849154466, 40.71362308121599], [-73.9884407984821, 40.712875218269986]]]}}, {"type": "Feature", "properties": {"cell_id": 27, "tree_count": 21, "tree_ids": ["11184820", "16153936", "3904844", "15197092", "3904843", "2111086", "3904842", "2111085", "2111084", "3904840", "4599345", "4594456", "3904838", "2111081", "12158992", "2111079", "2111078", "3904837", "3904836", "12158579", "12247143"]}, "geometry": {"type": "Polygon", "coordinates": [[[-73.99088148427688, 40.71258234611697], [-73.99030738612953, 40.713372837905894], [-73.99191057874286, 40.714051105177646], [-73.9924846768902, 40.71326061338871], [-73.99088148427688, 40.71258234611697]]]}}, {"type": "Feature", "properties": {"cell_id": 28, "tree_count": 21, "tree_ids": ["2111076", "2111092", "2111075", "10580167", "2111043", "2111042", "2111041", "2111040", "14157382", "14157383", "2111039", "14157384", "2111016", "2111067", "2125022", "15192619", "2125023", "3892013", "15208591", "2146520", "2116393"]}, "geometry": {"type": "Polygon", "coordinates": [[[-73.9903099427247, 40.713299003566505], [-73.98966618391204, 40.71418541307299], [-73.9913265932712, 40.714887887196596], [-73.99197035208385, 40.71400147769011], [-73.9903099427247, 40.713299003566505]]]}}, {"type": "Feature", "properties": {"cell_id": 29, "tree_count": 20, "tree_ids": ["2145943", "2145855", "11139378", "10183640", "16293529", "14103651", "2111045", "5000025", "14103653", "14103655", "2145853", "2111046", "14103652", "2146523", "4613519", "14103656", "2110867", "354237", "2110868", "4613514"]}, "geometry": {"type": "Polygon", "coordinates": [[[-73.98807541438303, 40.71343219178606], [-73.98762742833036, 40.71404903630618], [-73.9893443717429, 40.714775428453], [-73.9897923577956, 40.71415858393289], [-73.98807541438303, 40.71343219178606]]]}}, {"type": "Feature", "properties": {"cell_id": 30, "tree_count": 21, "tree_ids": ["2111115", "2111114", "2111113", "17666407", "2111112", "2111111", "1417714", "1417713", "14399214", "1417712", "2112523", "1417711", "2112525", "1417710", "2112526", "1417709", "2112527", "1417708", "2112528", "16293528", "15197144"]}, "geometry": {"type": "Polygon", "coordinates": [[[-73.98756487276913, 40.714026273597234], [-73.98641629700244, 40.71560777968068], [-73.9880685785264, 40.71630681513787], [-73.98921715429307, 40.714725309054415], [-73.98756487276913, 40.714026273597234]]]}}, {"type": "Feature", "properties": {"cell_id": 31, "tree_count": 21, "tree_ids": ["2146516", "2116392", "2116391", "2116390", "2110937", "14103654", "2110936", "2110935", "13851728", "10183644", "2110884", "2110956", "10183645", "15208590", "2110886", "2110957", "2110887", "923093", "4614207", "2110990", "2110909"]}, "geometry": {"type": "Polygon", "coordinates": [[[-73.98984495867761, 40.714166731225106], [-73.98909617847004, 40.715197747626284], [-73.9907538980243, 40.715899083766466], [-73.99150267823187, 40.71486806736529], [-73.98984495867761, 40.714166731225106]]]}}, {"type": "Feature", "properties": {"cell_id": 32, "tree_count": 21, "tree_ids": ["2110908", "2110907", "2110906", "2110905", "14157385", "13804633", "2111012", "10183251", "303794", "306995", "300997", "306192", "15208589", "300998", "2111106", "2110980", "303795", "5245732", "15347449", "14075703", "1417698"]}, "geometry": {"type": "Polygon", "coordinates": [[[-73.98964910946833, 40.715337939875944], [-73.98879472874557, 40.716514360578714], [-73.98994205076974, 40.716999761380016], [-73.9907964314925, 40.71582334067725], [-73.98964910946833, 40.715337939875944]]]}}, {"type": "Feature", "properties": {"cell_id": 33, "tree_count": 20, "tree_ids": ["5805972", "15325114", "15197073", "5805970", "5805971", "6423262", "6423261", "6423263", "5604282", "6423264", "6423260", "4597413", "6423266", "4597339", "4597404", "6423267", "6423259", "6423268", "4597517", "15325084"]}, "geometry": {"type": "Polygon", "coordinates": [[[-73.99834369376543, 40.70839963520455], [-73.9978890389256, 40.70902566216412], [-73.99920225186202, 40.70958124690684], [-73.99965690670184, 40.70895521994727], [-73.99834369376543, 40.70839963520455]]]}}, {"type": "Feature", "properties": {"cell_id": 34, "tree_count": 21, "tree_ids": ["6423269", "15325089", "5604280", "15325088", "15325085", "5604281", "15325086", "4601315", "2143656", "13807456", "2143652", "6423232", "6423231", "2143653", "6423230", "2143654", "534311", "6423229", "2143655", "14141699", "13846307"]}, "geometry": {"type": "Polygon", "coordinates": [[[-73.99627648065135, 40.708267690975326], [-73.99536203178376, 40.70952682118602], [-73.99812033976171, 40.71069378640984], [-73.9990347886293, 40.70943465619915], [-73.99627648065135, 40.708267690975326]]]}}, {"type": "Feature", "properties": {"cell_id": 35, "tree_count": 21, "tree_ids": ["5009449", "2145975", "2145976", "2143677", "2145977", "2145978", "2143678", "2143679", "2143660", "2143659", "2143658", "2143657", "2112819", "2112820", "14142609", "14142610", "14142608", "14142606", "14144966", "2112821", "2112822"]}, "geometry": {"type": "Polygon", "coordinates": [[[-73.99532074550613, 40.709496006337886], [-73.99485665439656, 40.710135026361094], [-73.99597279574854, 40.710607235466476], [-73.99643688685813, 40.709968215443276], [-73.99532074550613, 40.709496006337886]]]}}, {"type": "Feature", "properties": {"cell_id": 36, "tree_count": 21, "tree_ids": ["5949616", "13765174", "2112579", "2112578", "2112683", "2112577", "2112682", "2112576", "2112681", "2112680", "2112679", "2112574", "2112572", "11137697", "2112571", "4999390", "2112570", "4999389", "10844894", "2143649", "2143650"]}, "geometry": {"type": "Polygon", "coordinates": [[[-73.99637818741512, 40.70990675644779], [-73.99584303576177, 40.71064362172033], [-73.99742803402937, 40.711314191458335], [-73.99796318568272, 40.710577326185806], [-73.99637818741512, 40.70990675644779]]]}}, {"type": "Feature", "properties": {"cell_id": 37, "tree_count": 20, "tree_ids": ["2143661", "2112818", "10204930", "2143663", "2112817", "2112816", "2112815", "2112350", "2112400", "2112351", "2112399", "11139399", "2112352", "2112398", "11139398", "11139401", "2112397", "2112353", "2112653", "2112593"]}, "geometry": {"type": "Polygon", "coordinates": [[[-73.9948035609546, 40.71015027272588], [-73.99397678788712, 40.711288679676265], [-73.9949707297861, 40.71170918951052], [-73.99579750285358, 40.71057078256013], [-73.9948035609546, 40.71015027272588]]]}}, {"type": "Feature", "properties": {"cell_id": 38, "tree_count": 21, "tree_ids": ["2112354", "2112594", "2112652", "2112396", "2112651", "2112650", "2112708", "2112707", "2112706", "2143633", "2111166", "2143632", "11139396", "2146762", "11139397", "2143631", "2146761", "2146760", "2143630", "2146759", "10203059"]}, "geometry": {"type": "Polygon", "coordinates": [[[-73.99403740624683, 40.71123023437873], [-73.9934140657058, 40.712088529396176], [-73.99433453874128, 40.71247795654879], [-73.99495787928231, 40.711619661531344], [-73.99403740624683, 40.71123023437873]]]}}, {"type": "Feature", "properties": {"cell_id": 39, "tree_count": 21, "tree_ids": ["2112678", "2143648", "2112569", "2143647", "2112677", "13845930", "2112676", "2112568", "2112675", "2112410", "2112409", "2112408", "12231919", "2112407", "2112406", "1960459", "2112405", "2112404", "12158985", "2143615", "2112403"]}, "geometry": {"type": "Polygon", "coordinates": [[[-73.99599206741378, 40.71063983313211], [-73.99540512590009, 40.71144800931121], [-73.99725056815923, 40.71222876583159], [-73.99783750967292, 40.7114205896525], [-73.99599206741378, 40.71063983313211]]]}}, {"type": "Feature", "properties": {"cell_id": 40, "tree_count": 21, "tree_ids": ["2143614", "2112402", "2143612", "2112655", "14514584", "2112401", "2112654", "14155381", "2143609", "15325090", "15197086", "2112804", "2112803", "2143626", "14007369", "2112802", "14495062", "2143625", "2112801", "2143624", "15197090"]}, "geometry": {"type": "Polygon", "coordinates": [[[-73.99524567376602, 40.711283008934], [-73.99415310273017, 40.71278740053786], [-73.99623729585124, 40.713669166066396], [-73.9973298668871, 40.71216477446253], [-73.99524567376602, 40.711283008934]]]}}, {"type": "Feature", "properties": {"cell_id": 41, "tree_count": 20, "tree_ids": ["5805968", "5805966", "5805967", "2122652", "2122651", "2122650", "2122649", "6423265", "6423258", "6423257", "6423256", "6423255", "6423254", "6423253", "6423251", "6423252", "6423250", "6423244", "6423249", "6423245"]}, "geometry": {"type": "Polygon", "coordinates": [[[-73.99950940547987, 40.70899145741823], [-73.99877769131712, 40.70999897510518], [-74.00054023130154, 40.71074465792373], [-74.0012719454643, 40.70973714023678], [-73.99950940547987, 40.70899145741823]]]}}, {"type": "Feature", "properties": {"cell_id": 42, "tree_count": 21, "tree_ids": ["6423247", "6423248", "6423246", "6423233", "6423234", "6423235", "6423236", "6423237", "6423243", "6423239", "6423242", "6423241", "6423240", "6423238", "5607086", "2134559", "5607087", "2134558", "5607088", "5607085", "5607089"]}, "geometry": {"type": "Polygon", "coordinates": [[[-73.9988480510048, 40.71003532700223], [-73.99855349144852, 40.71044091429017], [-74.00063198095096, 40.71132026677249], [-74.00092654050724, 40.71091467948455], [-73.9988480510048, 40.71003532700223]]]}}, {"type": "Feature", "properties": {"cell_id": 43, "tree_count": 21, "tree_ids": ["5607090", "2134560", "2134557", "5607079", "5607084", "2134556", "2134561", "5607083", "2134555", "5607082", "5607081", "5607080", "2134554", "2134562", "2134553", "2134563", "2134574", "2134564", "17666405", "2134573", "2134565"]}, "geometry": {"type": "Polygon", "coordinates": [[[-73.99969050927633, 40.71082441957843], [-73.99940367915434, 40.7112193639922], [-74.0006934711589, 40.71176503997447], [-74.00098030128089, 40.711370095560696], [-73.99969050927633, 40.71082441957843]]]}}, {"type": "Feature", "properties": {"cell_id": 44, "tree_count": 21, "tree_ids": ["2134572", "17666406", "2134571", "2134566", "2134570", "15197076", "2134569", "2134567", "2134568", "2143651", "2134549", "2134550", "2134551", "2122593", "2122592", "14177846", "2122591", "13804608", "13804607", "2122590", "11137693"]}, "geometry": {"type": "Polygon", "coordinates": [[[-73.99833793304475, 40.710669144651995], [-73.99750186455404, 40.711820350730505], [-74.00046578280556, 40.713074304079235], [-74.00130185129628, 40.71192309800073], [-73.99833793304475, 40.710669144651995]]]}}, {"type": "Feature", "properties": {"cell_id": 45, "tree_count": 20, "tree_ids": ["12246717", "2125449", "14155383", "2125450", "14204045", "13807457", "2143620", "14204050", "14155384", "2143616", "14204036", "2125451", "2125452", "2125453", "2125461", "2125462", "2125454", "14155380", "10183245", "3904853"]}, "geometry": {"type": "Polygon", "coordinates": [[[-73.99750903776798, 40.71178422690062], [-73.99697743031963, 40.71251621205819], [-73.99812231224361, 40.71300058051934], [-73.99865391969195, 40.71226859536177], [-73.99750903776798, 40.71178422690062]]]}}, {"type": "Feature", "properties": {"cell_id": 46, "tree_count": 21, "tree_ids": ["2125455", "2125464", "3904852", "2125465", "14155385", "14495878", "2143629", "13807459", "13807460", "2143622", "2143623", "2143636", "2143637", "2143638", "2143639", "2143644", "15840300", "2143645", "2143642", "14495060", "14495061"]}, "geometry": {"type": "Polygon", "coordinates": [[[-73.99698754839731, 40.71246159261075], [-73.99625444819277, 40.713471018777405], [-73.99758106609771, 40.7140322747984], [-73.99831416630226, 40.713022848631745], [-73.99698754839731, 40.71246159261075]]]}}, {"type": "Feature", "properties": {"cell_id": 47, "tree_count": 21, "tree_ids": ["13869943", "13807458", "13803306", "2143627", "2122582", "2122583", "2143628", "2122584", "2122585", "2122581", "2122586", "3514838", "2122587", "2122580", "11137694", "3514839", "1441174", "1441175", "1440900", "2122506", "15197077"]}, "geometry": {"type": "Polygon", "coordinates": [[[-73.9986849711434, 40.71233966457459], [-73.99737233627498, 40.71414706822178], [-73.99866806055095, 40.714695253987045], [-73.99998069541938, 40.71288785033986], [-73.9986849711434, 40.71233966457459]]]}}, {"type": "Feature", "properties": {"cell_id": 48, "tree_count": 21, "tree_ids": ["157367", "15197078", "2122507", "1440898", "14161747", "14495059", "3904861", "1440897", "14495058", "14520754", "14495057", "3904884", "3904883", "3904882", "3904881", "3904863", "14198151", "14198148", "14198153", "14198149", "3904870"]}, "geometry": {"type": "Polygon", "coordinates": [[[-73.99979736189259, 40.713033094358465], [-73.9986075853062, 40.7146713310024], [-74.00055976855263, 40.71549724673673], [-74.00174954513902, 40.7138590100928], [-73.99979736189259, 40.713033094358465]]]}}, {"type": "Feature", "properties": {"cell_id": 49, "tree_count": 20, "tree_ids": ["13804609", "12217065", "1447987", "2111147", "2112750", "2111146", "1447989", "16014654", "2111145", "12158991", "13517145", "12158990", "2111142", "13804630", "13807977", "2124934", "12158987", "13807975", "1448004", "12158988"]}, "geometry": {"type": "Polygon", "coordinates": [[[-73.99273403883149, 40.713012203752754], [-73.99184860410284, 40.71423138358438], [-73.99275872218536, 40.7146164298375], [-73.99364415691399, 40.713397250005876], [-73.99273403883149, 40.713012203752754]]]}}, {"type": "Feature", "properties": {"cell_id": 50, "tree_count": 21, "tree_ids": ["12158986", "12158989", "14496830", "14495882", "15197087", "3904848", "15197089", "15197091", "3904849", "15197088", "15216541", "15216555", "15216551", "17042425", "14495063", "14495065", "15216540", "14495064", "14495444", "14195420", "14195418"]}, "geometry": {"type": "Polygon", "coordinates": [[[-73.99407168703408, 40.71270871376903], [-73.99270317521369, 40.71459305595349], [-73.99464816593981, 40.71541592872774], [-73.99601667776018, 40.71353158654327], [-73.99407168703408, 40.71270871376903]]]}}, {"type": "Feature", "properties": {"cell_id": 51, "tree_count": 21, "tree_ids": ["14495881", "2124256", "2124255", "2124254", "14148182", "2124253", "14148185", "2124252", "2124251", "14148183", "2124281", "5349729", "2124250", "2124249", "2124248", "2124247", "2124246", "2124283", "2124245", "2124244", "2124243"]}, "geometry": {"type": "Polygon", "coordinates": [[[-73.99662010900315, 40.713848207176014], [-73.99633705198131, 40.71423795630269], [-73.99702077241952, 40.71452721985868], [-73.99730382944135, 40.714137470732], [-73.99662010900315, 40.713848207176014]]]}}, {"type": "Feature", "properties": {"cell_id": 52, "tree_count": 21, "tree_ids": ["14145059", "2124242", "2116205", "2124241", "2124240", "2116206", "2124239", "2124238", "2124237", "2116207", "2124236", "2124291", "2124293", "2124295", "2124296", "15224553", "2124301", "15224554", "2116280", "14195419", "14195421"]}, "geometry": {"type": "Polygon", "coordinates": [[[-73.99565989819857, 40.71387377060816], [-73.99456970980252, 40.71537488148865], [-73.99597103661426, 40.715967744819935], [-73.9970612250103, 40.71446663393944], [-73.99565989819857, 40.71387377060816]]]}}, {"type": "Feature", "properties": {"cell_id": 53, "tree_count": 20, "tree_ids": ["2124273", "2124274", "2124275", "2124276", "2124277", "2124278", "2124279", "2124280", "2124282", "2124284", "2124285", "2124286", "2124287", "2124288", "15373573", "2124290", "2124292", "2124294", "14148184", "2124297"]}, "geometry": {"type": "Polygon", "coordinates": [[[-73.99719378719745, 40.71410339436009], [-73.99648183796857, 40.715083697157006], [-73.99663391886462, 40.71514803845548], [-73.99734586809348, 40.714167735658556], [-73.99719378719745, 40.71410339436009]]]}}, {"type": "Feature", "properties": {"cell_id": 54, "tree_count": 21, "tree_ids": ["2124298", "2124300", "14148180", "14233842", "2124305", "2124306", "15197083", "2124307", "2124308", "2124309", "15208674", "2124310", "14148181", "15197085", "2124312", "2124313", "2116265", "2116266", "2116282", "2116267", "2116281"]}, "geometry": {"type": "Polygon", "coordinates": [[[-73.99654169260492, 40.71501077275974], [-73.9959048252105, 40.71588769327978], [-73.99607566122978, 40.71595996936174], [-73.99671252862422, 40.7150830488417], [-73.99654169260492, 40.71501077275974]]]}}, {"type": "Feature", "properties": {"cell_id": 55, "tree_count": 21, "tree_ids": ["5790423", "2122831", "13868744", "14529237", "14582166", "2122835", "2122834", "14529238", "13869140", "14529227", "2122837", "14529235", "14529233", "14529234", "14529231", "14529230", "14529510", "15936508", "15936550", "15936551", "14582155"]}, "geometry": {"type": "Polygon", "coordinates": [[[-73.99738958717259, 40.71411486634026], [-73.99634768302865, 40.71554949328417], [-73.9965085325153, 40.71561754433529], [-73.99755043665924, 40.71418291739137], [-73.99738958717259, 40.71411486634026]]]}}, {"type": "Feature", "properties": {"cell_id": 56, "tree_count": 21, "tree_ids": ["4605072", "14529219", "15936507", "13852128", "13852127", "13852126", "2122891", "2122892", "14582151", "15197079", "2125930", "11137692", "2125932", "15197060", "2125933", "2125934", "2125935", "11137681", "11137682", "16434527", "2134809"]}, "geometry": {"type": "Polygon", "coordinates": [[[-73.99742771265764, 40.71417827212438], [-73.99608118083823, 40.716032349431], [-73.99928787267282, 40.71738901369199], [-74.00063440449222, 40.71553493638537], [-73.99742771265764, 40.71417827212438]]]}}, {"type": "Feature", "properties": {"cell_id": 57, "tree_count": 20, "tree_ids": ["15216543", "2124933", "1448005", "15208596", "15208594", "1448006", "15208592", "15319665", "2124932", "1448007", "13436528", "2124931", "14179392", "2111100", "15208611", "15208612", "10183237", "2145852", "4609718", "16153935"]}, "geometry": {"type": "Polygon", "coordinates": [[[-73.99196590480933, 40.71421828002795], [-73.99142618718776, 40.71496143230979], [-73.99330269358171, 40.71575533122229], [-73.99384241120329, 40.71501217894045], [-73.99196590480933, 40.71421828002795]]]}}, {"type": "Feature", "properties": {"cell_id": 58, "tree_count": 21, "tree_ids": ["10183239", "4610005", "15514087", "10183637", "15208614", "4609923", "2145851", "15208615", "2110950", "2145850", "2110882", "2110949", "15208616", "15208617", "2110883", "2124922", "2110948", "4607135", "15247226", "2145847", "2124921"]}, "geometry": {"type": "Polygon", "coordinates": [[[-73.99172487686646, 40.715041839842904], [-73.99118543634613, 40.71578461057628], [-73.99280488095397, 40.7164697536257], [-73.9933443214743, 40.71572698289233], [-73.99172487686646, 40.715041839842904]]]}}, {"type": "Feature", "properties": {"cell_id": 59, "tree_count": 21, "tree_ids": ["2111032", "2110960", "2110961", "2110962", "2110963", "2110991", "2110893", "13518610", "2110892", "2116214", "2116213", "2116212", "15208598", "13807461", "15208600", "2110901", "2110879", "2116109", "15971228", "2116110", "15208602"]}, "geometry": {"type": "Polygon", "coordinates": [[[-73.99096814475571, 40.71564774155892], [-73.99052160752849, 40.716262591150745], [-73.99232013248418, 40.71702349823372], [-73.9927666697114, 40.716408648641895], [-73.99096814475571, 40.71564774155892]]]}}, {"type": "Feature", "properties": {"cell_id": 60, "tree_count": 21, "tree_ids": ["2116111", "15208603", "2116112", "15208605", "2110878", "233812", "15208607", "2111107", "2111108", "2110922", "2116114", "2110921", "2111109", "2110894", "2111110", "2110895", "10183638", "2116116", "2116117", "16293531", "16293530"]}, "geometry": {"type": "Polygon", "coordinates": [[[-73.9904316761168, 40.71616303236595], [-73.98986925791304, 40.716937441714], [-73.99184673159927, 40.71777405714683], [-73.99240914980301, 40.71699964779878], [-73.9904316761168, 40.71616303236595]]]}}, {"type": "Feature", "properties": {"cell_id": 61, "tree_count": 20, "tree_ids": ["15216538", "17666411", "15208610", "17665923", "4609909", "2110917", "2110918", "2110919", "2110920", "2123331", "2123332", "2123333", "2123334", "2123335", "14500069", "5243335", "3929219", "2111048", "2111030", "13824644"]}, "geometry": {"type": "Polygon", "coordinates": [[[-73.99373156201854, 40.7150538649513], [-73.99258876953927, 40.716627407864635], [-73.99350458276197, 40.71701486357696], [-73.99464737524124, 40.71544132066362], [-73.99373156201854, 40.7150538649513]]]}}, {"type": "Feature", "properties": {"cell_id": 62, "tree_count": 21, "tree_ids": ["2110953", "2111029", "2110952", "2110951", "2111027", "14495876", "15247225", "13884501", "2110968", "13883298", "13883297", "2110969", "13883299", "2145212", "2145211", "2110924", "2110923", "13842561", "2145214", "2145215", "13883292"]}, "geometry": {"type": "Polygon", "coordinates": [[[-73.99255590599138, 40.716735639171645], [-73.99174394382094, 40.717853652583855], [-73.99269937547183, 40.7182578697776], [-73.99351133764227, 40.71713985636539], [-73.99255590599138, 40.716735639171645]]]}}, {"type": "Feature", "properties": {"cell_id": 63, "tree_count": 21, "tree_ids": ["2111026", "14195422", "14195423", "3892015", "4862061", "15326344", "14209091", "5930795", "14216524", "5109976", "2145219", "15216535", "2145217", "2112812", "2145216", "10462423", "14495877", "1803595", "15325117", "10666768", "10666767"]}, "geometry": {"type": "Polygon", "coordinates": [[[-73.99467262260997, 40.71537286960163], [-73.99276493993332, 40.717999611211454], [-73.99369888694102, 40.71839473883592], [-73.99560656961766, 40.715767997226095], [-73.99467262260997, 40.71537286960163]]]}}, {"type": "Feature", "properties": {"cell_id": 64, "tree_count": 21, "tree_ids": ["2116147", "13842559", "2112797", "2116157", "2112798", "15197082", "13842563", "13841752", "13841751", "2112799", "13842562", "15840302", "2116181", "13841753", "15197080", "15197081", "2120065", "2134810", "2134811", "2134812", "2134808"]}, "geometry": {"type": "Polygon", "coordinates": [[[-73.9956959208243, 40.715766733794226], [-73.99361922208679, 40.718626198343394], [-73.99726774763649, 40.72016979045449], [-73.99934444637401, 40.71731032590532], [-73.9956959208243, 40.715766733794226]]]}}, {"type": "Feature", "properties": {"cell_id": 65, "tree_count": 20, "tree_ids": ["2137201", "2137200", "5028322", "5028321", "15197134", "2123399", "12163044", "2125118", "12163045", "4598994", "4598996", "2125119", "4599006", "4999996", "6423226", "15197125", "15197128", "15197129", "15197130", "2123380"]}, "geometry": {"type": "Polygon", "coordinates": [[[-73.97813263172341, 40.712006802654145], [-73.97727638384205, 40.71318579429977], [-73.97862606376965, 40.713756807236464], [-73.979482311651, 40.71257781559083], [-73.97813263172341, 40.712006802654145]]]}}, {"type": "Feature", "properties": {"cell_id": 66, "tree_count": 21, "tree_ids": ["2123397", "2123396", "262465", "2123382", "15192614", "15197131", "2123383", "2116215", "2116204", "2116203", "6418422", "15197137", "15197136", "2116216", "2121484", "15197135", "2116202", "2121483", "2143768", "2116217", "13852125"]}, "geometry": {"type": "Polygon", "coordinates": [[[-73.97937571910613, 40.71257202819786], [-73.97858659580044, 40.71365859413869], [-73.98027050187824, 40.71437100908608], [-73.98105962518393, 40.71328444314525], [-73.97937571910613, 40.71257202819786]]]}}, {"type": "Feature", "properties": {"cell_id": 67, "tree_count": 21, "tree_ids": ["2121482", "2121481", "2143769", "2121480", "2116295", "2143770", "2121479", "2143771", "2116296", "2116297", "2116184", "2116298", "2116183", "2116299", "2121478", "2116300", "2116180", "2116179", "2116178", "6423227", "13851726"]}, "geometry": {"type": "Polygon", "coordinates": [[[-73.98097830295583, 40.71321881271057], [-73.98026853993859, 40.71419610525158], [-73.9812327589498, 40.714604040138916], [-73.98194252196703, 40.71362674759791], [-73.98097830295583, 40.71321881271057]]]}}, {"type": "Feature", "properties": {"cell_id": 68, "tree_count": 21, "tree_ids": ["2121477", "2116176", "2116175", "13852124", "2145917", "2145916", "2116173", "2145915", "2145914", "2116172", "2145913", "2116171", "13851725", "2145912", "2145911", "2145910", "14078295", "2145909", "2143718", "3904823", "3904822"]}, "geometry": {"type": "Polygon", "coordinates": [[[-73.98193460669584, 40.71361196017954], [-73.98129020532647, 40.71449925444033], [-73.98268235446045, 40.715088234945306], [-73.98332675582984, 40.71420094068452], [-73.98193460669584, 40.71361196017954]]]}}, {"type": "Feature", "properties": {"cell_id": 69, "tree_count": 20, "tree_ids": ["15197132", "2123376", "2123375", "15197133", "2123378", "15197127", "2121465", "2147418", "6418423", "6418424", "2147416", "6418425", "2121469", "2121468", "2121467", "2121466", "4929848", "4928383", "2137218", "2137217"]}, "geometry": {"type": "Polygon", "coordinates": [[[-73.97763947647967, 40.71324200617325], [-73.97680546302266, 40.71439038261841], [-73.97977642135093, 40.715647314432495], [-73.98061043480794, 40.714498937987344], [-73.97763947647967, 40.71324200617325]]]}}, {"type": "Feature", "properties": {"cell_id": 70, "tree_count": 21, "tree_ids": ["2137216", "2137213", "2137214", "2121472", "2121471", "2121470", "2121476", "2121475", "2121474", "2121473", "11139389", "2141260", "2141261", "10183244", "2141262", "2141263", "2141264", "2141265", "2141266", "13318004", "2141267"]}, "geometry": {"type": "Polygon", "coordinates": [[[-73.98036866837244, 40.714876169482], [-73.97988126697855, 40.71554728608733], [-73.98169661581666, 40.71631531089824], [-73.98218401721054, 40.715644194292906], [-73.98036866837244, 40.714876169482]]]}}, {"type": "Feature", "properties": {"cell_id": 71, "tree_count": 21, "tree_ids": ["2120984", "2120986", "2120987", "2120988", "2121458", "11139388", "2120999", "2121000", "2121461", "2121001", "2121462", "2121002", "2121003", "2121463", "2121004", "2121464", "11743225", "2122388", "11642073", "2122387", "2122386"]}, "geometry": {"type": "Polygon", "coordinates": [[[-73.97720639836153, 40.714466794874625], [-73.97509999486758, 40.717367160733396], [-73.9788398848747, 40.7189494066661], [-73.98094628836867, 40.71604904080733], [-73.97720639836153, 40.714466794874625]]]}}, {"type": "Feature", "properties": {"cell_id": 72, "tree_count": 21, "tree_ids": ["12158979", "2141258", "2141257", "13885309", "2141255", "14051170", "14051583", "14051582", "14051581", "14051167", "15216589", "15216587", "2144206", "2144207", "13519385", "15216585", "13518621", "13518622", "15216582", "15216579", "15216577"]}, "geometry": {"type": "Polygon", "coordinates": [[[-73.98061291682824, 40.71648099171042], [-73.97880112790307, 40.718975694532986], [-73.97952631174013, 40.71928250012739], [-73.9813381006653, 40.716787797304825], [-73.98061291682824, 40.71648099171042]]]}}, {"type": "Feature", "properties": {"cell_id": 73, "tree_count": 20, "tree_ids": ["2112732", "2143724", "5805979", "5805978", "5805973", "2143723", "2112731", "5805976", "5805974", "2143722", "5805975", "5805977", "2112730", "2112729", "2112728", "2143721", "2143720", "2112727", "3904818", "2143719"]}, "geometry": {"type": "Polygon", "coordinates": [[[-73.9832642104001, 40.71419635897367], [-73.98297931203659, 40.71458864349518], [-73.98395449792976, 40.71500121817255], [-73.98423939629326, 40.71460893365104], [-73.9832642104001, 40.71419635897367]]]}}, {"type": "Feature", "properties": {"cell_id": 74, "tree_count": 21, "tree_ids": ["15197122", "15197121", "2112668", "2112669", "2112666", "2112667", "2112670", "14078294", "15197123", "3936025", "2112776", "15543918", "6465674", "2112780", "15197124", "14078296", "2143709", "2143710", "2143711", "2143712", "2143713"]}, "geometry": {"type": "Polygon", "coordinates": [[[-73.98299056131538, 40.714562656289345], [-73.98231818791254, 40.71548846602501], [-73.98333881921596, 40.715920267421716], [-73.9840111926188, 40.71499445768605], [-73.98299056131538, 40.714562656289345]]]}}, {"type": "Feature", "properties": {"cell_id": 75, "tree_count": 21, "tree_ids": ["3904819", "2112739", "2116375", "2112740", "15197108", "2112741", "14076619", "14076616", "14076617", "14076618", "14076614", "2112663", "15197120", "2143708", "2037274", "2112559", "2112560", "2120899", "2112561", "2120898", "2112562"]}, "geometry": {"type": "Polygon", "coordinates": [[[-73.98422321165006, 40.71458031414218], [-73.98356796110724, 40.715482546933174], [-73.98515918030239, 40.71615574857674], [-73.9858144308452, 40.71525351578575], [-73.98422321165006, 40.71458031414218]]]}}, {"type": "Feature", "properties": {"cell_id": 76, "tree_count": 21, "tree_ids": ["2120897", "2112563", "2112564", "2120896", "10554730", "2112565", "2111132", "2111133", "2120894", "2111134", "2112567", "10558561", "2112566", "2111135", "2111008", "2111009", "2111010", "2116389", "2116388", "2116387", "2111049"]}, "geometry": {"type": "Polygon", "coordinates": [[[-73.98375789351013, 40.7154861767456], [-73.98333786250166, 40.716064529183825], [-73.9848101039688, 40.71668739458063], [-73.98523013497727, 40.71610904214241], [-73.98375789351013, 40.7154861767456]]]}}, {"type": "Feature", "properties": {"cell_id": 77, "tree_count": 20, "tree_ids": ["2141268", "13318005", "2141269", "2141271", "2141272", "2141273", "5422487", "2143714", "2143715", "2143716", "2143717", "2145207", "5422488", "5422489", "5422490", "2120892", "2120891", "2120890", "5422491", "5422493"]}, "geometry": {"type": "Polygon", "coordinates": [[[-73.9822515518673, 40.71550822432814], [-73.98174722251873, 40.716202649507494], [-73.98346734142541, 40.71693038511968], [-73.98397167077395, 40.71623595994032], [-73.9822515518673, 40.71550822432814]]]}}, {"type": "Feature", "properties": {"cell_id": 78, "tree_count": 21, "tree_ids": ["2145208", "2120908", "15143386", "2120907", "5422492", "2120906", "2141243", "2116394", "5227350", "2116395", "2116396", "1110096", "2111050", "2111051", "2111052", "5422486", "5245332", "2121980", "2121979", "15197140", "2120905"]}, "geometry": {"type": "Polygon", "coordinates": [[[-73.98387370837965, 40.71620506573136], [-73.98305555390205, 40.7173316055044], [-73.98397378637966, 40.7177200847378], [-73.98479194085726, 40.716593544964766], [-73.98387370837965, 40.71620506573136]]]}}, {"type": "Feature", "properties": {"cell_id": 79, "tree_count": 21, "tree_ids": ["5241733", "2121978", "2141246", "2121977", "15216558", "15216562", "15192691", "15216563", "15216568", "2141247", "15216570", "15193060", "16153938", "2141248", "2141249", "2141250", "2141251", "2141252", "2121976", "5243332", "5244532"]}, "geometry": {"type": "Polygon", "coordinates": [[[-73.9816019375805, 40.71663385741979], [-73.98100316451108, 40.71745832479876], [-73.98347869428471, 40.71850565424111], [-73.98407746735414, 40.71768118686214], [-73.9816019375805, 40.71663385741979]]]}}, {"type": "Feature", "properties": {"cell_id": 80, "tree_count": 21, "tree_ids": ["5242532", "5243733", "15216654", "14022437", "13518632", "2124605", "14495891", "2124602", "2124603", "2124604", "14051585", "14051578", "2144202", "14051168", "2144204", "2144205", "2144201", "14177850", "2144198", "2144197", "2144194"]}, "geometry": {"type": "Polygon", "coordinates": [[[-73.98156161147321, 40.71772911942628], [-73.98020711827905, 40.719594158972384], [-73.98210012778837, 40.72039503990497], [-73.98345462098254, 40.71853000035887], [-73.98156161147321, 40.71772911942628]]]}}, {"type": "Feature", "properties": {"cell_id": 81, "tree_count": 20, "tree_ids": ["1417706", "12158995", "1417702", "1417703", "1417704", "1417705", "2112627", "14076615", "2112629", "2143704", "2143705", "2143706", "2146525", "13804636", "14529207", "2112549", "2146526", "14529208", "14529209", "14529210"]}, "geometry": {"type": "Polygon", "coordinates": [[[-73.98580458844198, 40.71527078662958], [-73.9851389926994, 40.71618726401533], [-73.98701324058179, 40.7169802074129], [-73.98767883632436, 40.716063730027145], [-73.98580458844198, 40.71527078662958]]]}}, {"type": "Feature", "properties": {"cell_id": 82, "tree_count": 21, "tree_ids": ["16050480", "5295415", "5295414", "16050478", "14529217", "14529215", "14529214", "14529213", "14529212", "14529211", "2111129", "13436529", "16050477", "13436536", "16050479", "13436535", "2111131", "2111002", "2111005", "16164867", "2111006"]}, "geometry": {"type": "Polygon", "coordinates": [[[-73.98522866146538, 40.71617443225141], [-73.98494137230738, 40.716570008724716], [-73.98667611999137, 40.71730393337545], [-73.98696340914938, 40.71690835690214], [-73.98522866146538, 40.71617443225141]]]}}, {"type": "Feature", "properties": {"cell_id": 83, "tree_count": 21, "tree_ids": ["15087858", "2110941", "2110940", "2111095", "2111096", "2111087", "1426704", "1426705", "15530780", "14786095", "1426706", "2111064", "14786094", "15197176", "2111088", "14786093", "10816122", "13436532", "1426707", "13436531", "2146528"]}, "geometry": {"type": "Polygon", "coordinates": [[[-73.98758714463389, 40.716012982993725], [-73.98698827397928, 40.71683758474046], [-73.98813990481466, 40.71732480848281], [-73.98873877546927, 40.71650020673607], [-73.98758714463389, 40.716012982993725]]]}}, {"type": "Feature", "properties": {"cell_id": 84, "tree_count": 21, "tree_ids": ["2111090", "15534526", "15534525", "15534527", "15528903", "15528899", "15528904", "15528901", "15528902", "15528900", "15208588", "14529218", "13640805", "13640811", "13640807", "13640803", "15197177", "13640800", "15197178", "13640804", "13640809"]}, "geometry": {"type": "Polygon", "coordinates": [[[-73.98702421957606, 40.71678031414629], [-73.98665434608098, 40.71728960330208], [-73.98788104320003, 40.717808585551175], [-73.98825091669511, 40.71729929639539], [-73.98702421957606, 40.71678031414629]]]}}, {"type": "Feature", "properties": {"cell_id": 85, "tree_count": 20, "tree_ids": ["5617915", "16060769", "16164866", "5617916", "16164868", "5617917", "5617918", "259207", "992715", "4699600", "2120901", "4659121", "13689534", "2120902", "2120903", "2120900", "2120904", "2145210", "15132128", "14500045"]}, "geometry": {"type": "Polygon", "coordinates": [[[-73.98485976006819, 40.71648719605149], [-73.98414173642846, 40.717475862874565], [-73.98558201086242, 40.718085203887476], [-73.98630003450215, 40.7170965370644], [-73.98485976006819, 40.71648719605149]]]}}, {"type": "Feature", "properties": {"cell_id": 86, "tree_count": 21, "tree_ids": ["2112623", "2112622", "2112621", "2112620", "2112619", "2112785", "2121951", "2112738", "2121950", "2112737", "2121949", "2121948", "2112735", "10202000", "2112734", "2121945", "2121944", "14051568", "14051569", "2121943", "14051570"]}, "geometry": {"type": "Polygon", "coordinates": [[[-73.98419372884199, 40.71742249031807], [-73.98359383047429, 40.718248507151685], [-73.98503496863906, 40.71885821358565], [-73.98563486700675, 40.718032196752034], [-73.98419372884199, 40.71742249031807]]]}}, {"type": "Feature", "properties": {"cell_id": 87, "tree_count": 21, "tree_ids": ["13640810", "13640801", "13640806", "13436537", "13436527", "2147399", "2147401", "2147402", "2147404", "14051535", "14051970", "13883276", "14051552", "13614509", "2112656", "2121910", "92823", "1791191", "2121903", "2121909", "12382245"]}, "geometry": {"type": "Polygon", "coordinates": [[[-73.98615450547288, 40.71715977795336], [-73.98530078645274, 40.7183352875393], [-73.98685025599018, 40.718990826036084], [-73.9877039750103, 40.71781531645015], [-73.98615450547288, 40.71715977795336]]]}}, {"type": "Feature", "properties": {"cell_id": 88, "tree_count": 21, "tree_ids": ["2121902", "14500046", "14495911", "2121901", "14500047", "2121900", "14052396", "14495885", "14500052", "2121907", "2112659", "14495884", "2112787", "2121898", "15688751", "2112660", "2112788", "14495883", "2121906", "2121897", "2118609"]}, "geometry": {"type": "Polygon", "coordinates": [[[-73.98540160008623, 40.71828201137144], [-73.98497320323291, 40.718871882975314], [-73.98652053830148, 40.719526518436275], [-73.9869489351548, 40.718936646832404], [-73.98540160008623, 40.71828201137144]]]}}, {"type": "Feature", "properties": {"cell_id": 89, "tree_count": 20, "tree_ids": ["13518634", "5237332", "2124616", "2121975", "2124617", "2121974", "2124618", "2124619", "14051587", "15936512", "14051172", "2121942", "5247332", "5242132", "2121970", "2121941", "2121969", "2121940", "1591976", "1591575"]}, "geometry": {"type": "Polygon", "coordinates": [[[-73.98358846856861, 40.71819207516305], [-73.9826640580128, 40.719464921900745], [-73.98347368753736, 40.71980745417302], [-73.98439809809317, 40.71853460743533], [-73.98358846856861, 40.71819207516305]]]}}, {"type": "Feature", "properties": {"cell_id": 90, "tree_count": 21, "tree_ids": ["4623251", "2120927", "2112733", "2120928", "14495895", "5917605", "12241020", "2112685", "2120929", "13846218", "14051565", "13878230", "2112684", "2121938", "14051131", "6675469", "2118684", "2121905", "6134272", "14051130", "16259636"]}, "geometry": {"type": "Polygon", "coordinates": [[[-73.98429961539361, 40.718496895436154], [-73.98338371287402, 40.71975802722093], [-73.9844142074968, 40.72019400152029], [-73.98533011001639, 40.71893286973552], [-73.98429961539361, 40.718496895436154]]]}}, {"type": "Feature", "properties": {"cell_id": 91, "tree_count": 21, "tree_ids": ["10866517", "14051171", "14051586", "2124627", "2124628", "2124629", "15216647", "2124631", "2124632", "15216650", "2124592", "2124593", "2124594", "2124595", "2118873", "2124591", "2118872", "17666415", "2118871", "5929596", "2118870"]}, "geometry": {"type": "Polygon", "coordinates": [[[-73.98278525041503, 40.719425014284745], [-73.98210301414016, 40.720364404484656], [-73.9828970507983, 40.720700339838466], [-73.98357928707318, 40.719760949638555], [-73.98278525041503, 40.719425014284745]]]}}, {"type": "Feature", "properties": {"cell_id": 92, "tree_count": 21, "tree_ids": ["15216596", "5930797", "14051566", "5295835", "2124587", "6508497", "2124584", "5295834", "2124583", "14495901", "6508495", "6508496", "5917606", "14495903", "2122615", "14582140", "6454062", "14495899", "14500056", "14495900", "2122618"]}, "geometry": {"type": "Polygon", "coordinates": [[[-73.98351960401457, 40.71975374961824], [-73.98283730202525, 40.72069323030222], [-73.98370436150597, 40.72106005962986], [-73.9843866634953, 40.72012057894589], [-73.98351960401457, 40.71975374961824]]]}}, {"type": "Feature", "properties": {"cell_id": 93, "tree_count": 20, "tree_ids": ["14495886", "2118753", "14495902", "2118754", "2118755", "14500053", "10230555", "10230951", "10230556", "14051139", "10230950", "2118816", "10231347", "2118815", "10230554", "14051536", "14500009", "2121927", "12230460", "2118814"]}, "geometry": {"type": "Polygon", "coordinates": [[[-73.98523271560333, 40.71891852498326], [-73.98483464146501, 40.71946664439313], [-73.9860851113498, 40.71999568425403], [-73.98648318548811, 40.71944756484416], [-73.98523271560333, 40.71891852498326]]]}}, {"type": "Feature", "properties": {"cell_id": 94, "tree_count": 21, "tree_ids": ["2121928", "2118813", "12216779", "14495892", "2118812", "12230459", "2118811", "2121929", "12230458", "2121930", "2118810", "14500411", "2118774", "12776279", "13765178", "2118680", "14177847", "2118809", "2118775", "2121933", "2118758"]}, "geometry": {"type": "Polygon", "coordinates": [[[-73.98486013835624, 40.719415558299715], [-73.98439696183056, 40.72005331900678], [-73.98571538008487, 40.72061110597819], [-73.98617855661055, 40.71997334527112], [-73.98486013835624, 40.719415558299715]]]}}, {"type": "Feature", "properties": {"cell_id": 95, "tree_count": 21, "tree_ids": ["2118759", "14051543", "2118847", "2118848", "10576007", "10183268", "2118849", "1922846", "2122574", "2122573", "2122572", "14051136", "2118694", "2122598", "14051138", "2122546", "2122510", "2122511", "2118693", "15378277", "14051129"]}, "geometry": {"type": "Polygon", "coordinates": [[[-73.98452130534967, 40.720018229499885], [-73.98417328144787, 40.72049743333986], [-73.98541925414004, 40.72102457056066], [-73.98576727804185, 40.720545366720685], [-73.98452130534967, 40.720018229499885]]]}}, {"type": "Feature", "properties": {"cell_id": 96, "tree_count": 21, "tree_ids": ["14495896", "2122544", "1958059", "2122543", "2118692", "14051553", "2118691", "2122542", "2118690", "14495897", "15600909", "2122513", "5239728", "14496831", "2122540", "5241332", "5240533", "14495898", "12230457", "4642913", "5917607"]}, "geometry": {"type": "Polygon", "coordinates": [[[-73.98421975280897, 40.72050596389242], [-73.98378444014278, 40.72110535807237], [-73.98487723153781, 40.721567688444864], [-73.98531254420399, 40.720968294264914], [-73.98421975280897, 40.72050596389242]]]}}, {"type": "Feature", "properties": {"cell_id": 97, "tree_count": 20, "tree_ids": ["12776278", "14177513", "2116126", "2110942", "2110821", "2110822", "2116127", "12217055", "2116129", "10183241", "2110972", "2116130", "2110973", "2116131", "10183639", "2110974", "2116132", "2110823", "10183242", "2110975"]}, "geometry": {"type": "Polygon", "coordinates": [[[-73.98866700917105, 40.716555478117364], [-73.98820111852005, 40.71719697597946], [-73.98962177504954, 40.717798017189565], [-73.99008766570054, 40.717156519327474], [-73.98866700917105, 40.716555478117364]]]}}, {"type": "Feature", "properties": {"cell_id": 98, "tree_count": 21, "tree_ids": ["2116133", "2110976", "2116151", "14051591", "14051590", "2116153", "2110987", "2110988", "2110989", "13622972", "15517073", "12238093", "2110899", "17659598", "2110900", "15517074", "13622971", "2111001", "13622970", "2110932", "2110931"]}, "geometry": {"type": "Polygon", "coordinates": [[[-73.98831953174805, 40.71714469326851], [-73.98761880178395, 40.71810954794612], [-73.98896527454743, 40.71867920401874], [-73.98966600451153, 40.71771434934113], [-73.98831953174805, 40.71714469326851]]]}}, {"type": "Feature", "properties": {"cell_id": 99, "tree_count": 21, "tree_ids": ["2110841", "16154668", "4668603", "4676824", "2110850", "327008", "987910", "14495904", "13842552", "2110849", "4817595", "10183263", "4693766", "4817594", "2110847", "2110846", "4699251", "2110845", "17090982", "2110809", "2110810"]}, "geometry": {"type": "Polygon", "coordinates": [[[-73.99001467052462, 40.717092633615614], [-73.98950878906349, 40.71778919594217], [-73.99084197984487, 40.71835323276874], [-73.991347861306, 40.71765667044219], [-73.99001467052462, 40.717092633615614]]]}}, {"type": "Feature", "properties": {"cell_id": 100, "tree_count": 21, "tree_ids": ["4817596", "12776277", "4663664", "13842551", "2110852", "2110853", "2110854", "4817597", "2110925", "13804610", "2110926", "2110855", "2145844", "14495874", "2145843", "14051589", "2110938", "2110874", "2110875", "2110876", "1445837"]}, "geometry": {"type": "Polygon", "coordinates": [[[-73.98948036145501, 40.717870799321005], [-73.98893731839698, 40.71861853048925], [-73.99080840131491, 40.71941013487628], [-73.99135144437292, 40.71866240370803], [-73.98948036145501, 40.717870799321005]]]}}, {"type": "Feature", "properties": {"cell_id": 101, "tree_count": 20, "tree_ids": ["2146529", "2146530", "14051148", "4611176", "4611155", "2118576", "2118575", "2124501", "2118574", "2118573", "13884503", "2124500", "2124499", "2124498", "2124497", "12382238", "2116234", "2116235", "13804611", "13807462"]}, "geometry": {"type": "Polygon", "coordinates": [[[-73.98748453172648, 40.71822158746265], [-73.98664186332661, 40.71938188114059], [-73.98757755834721, 40.719777748301865], [-73.98842022674708, 40.718617454623924], [-73.98748453172648, 40.71822158746265]]]}}, {"type": "Feature", "properties": {"cell_id": 102, "tree_count": 21, "tree_ids": ["1445859", "2110928", "1445857", "2110930", "1445856", "2110947", "2110946", "1445854", "2110959", "5280653", "4609924", "14022438", "14022439", "14022440", "2111013", "2111014", "2111015", "13842550", "2147394", "2110996", "2110995"]}, "geometry": {"type": "Polygon", "coordinates": [[[-73.98851230794679, 40.71839296224944], [-73.98751952517858, 40.71975995259783], [-73.98844431505532, 40.72015120608879], [-73.98943709782353, 40.718784215740385], [-73.98851230794679, 40.71839296224944]]]}}, {"type": "Feature", "properties": {"cell_id": 103, "tree_count": 21, "tree_ids": ["2147379", "2147380", "2147389", "2147390", "2147391", "2112672", "2147392", "2112671", "2112662", "2110992", "2110993", "2110994", "13841740", "2116353", "13841739", "2123485", "2116352", "2123451", "2123484", "13841738", "2123450"]}, "geometry": {"type": "Polygon", "coordinates": [[[-73.98937230733509, 40.718767324916236], [-73.988923439903, 40.719385383032275], [-73.9903930664258, 40.72000714211712], [-73.99084193385787, 40.71938908400108], [-73.98937230733509, 40.718767324916236]]]}}, {"type": "Feature", "properties": {"cell_id": 104, "tree_count": 21, "tree_ids": ["2123483", "2123449", "2116351", "2123482", "2116201", "2123448", "2116350", "2123447", "2123480", "2123446", "13841737", "2123479", "2116349", "2123478", "2110981", "2123444", "2116348", "2123477", "2110977", "1442333", "2123452"]}, "geometry": {"type": "Polygon", "coordinates": [[[-73.9890419942745, 40.71937632798512], [-73.98845008397092, 40.72019134582992], [-73.98973740366634, 40.720735975845315], [-73.99032931396992, 40.719920958000515], [-73.9890419942745, 40.71937632798512]]]}}, {"type": "Feature", "properties": {"cell_id": 105, "tree_count": 20, "tree_ids": ["12243240", "2110844", "10461511", "13885312", "2110843", "13883293", "2110842", "13883708", "13883294", "5107268", "2110858", "5109356", "2110859", "2110860", "2110861", "1691589", "13842560", "2110862", "2110889", "15208618"]}, "geometry": {"type": "Polygon", "coordinates": [[[-73.99196910366872, 40.71805019612152], [-73.9911215131177, 40.71921726724698], [-73.99223365082119, 40.71968778251738], [-73.99308124137221, 40.71852071139192], [-73.99196910366872, 40.71805019612152]]]}}, {"type": "Feature", "properties": {"cell_id": 106, "tree_count": 21, "tree_ids": ["2110890", "2110891", "516754", "2145846", "2145845", "2147368", "2147370", "2147371", "2147372", "2147373", "2147374", "1445836", "2112713", "2112712", "2112711", "2112710", "2112709", "1959660", "2112674", "2112673", "2116187"]}, "geometry": {"type": "Polygon", "coordinates": [[[-73.99102186772329, 40.719084336629564], [-73.99067218604758, 40.71956582310477], [-73.99181220222171, 40.72004813299926], [-73.99216188389742, 40.71956664652405], [-73.99102186772329, 40.719084336629564]]]}}, {"type": "Feature", "properties": {"cell_id": 107, "tree_count": 21, "tree_ids": ["13508026", "13508031", "2116150", "13508029", "13508027", "12248928", "13508030", "13508028", "4595843", "2116154", "5930395", "5096371", "5096531", "2116155", "2127999", "12251647", "5095590", "5101441", "5100980", "2116156", "5101310"]}, "geometry": {"type": "Polygon", "coordinates": [[[-73.9930159308615, 40.71842687513026], [-73.99237245586599, 40.719312893840964], [-73.994011772162, 40.720006444062186], [-73.99465524715751, 40.719120425351484], [-73.9930159308615, 40.71842687513026]]]}}, {"type": "Feature", "properties": {"cell_id": 108, "tree_count": 21, "tree_ids": ["15378282", "15208619", "15208620", "3929221", "15208621", "17666409", "2147352", "2147353", "2147360", "2147362", "13842558", "13841748", "13841749", "5935192", "243850", "5105890", "15725582", "15725574", "6529733", "5102505", "15725578"]}, "geometry": {"type": "Polygon", "coordinates": [[[-73.99250518274137, 40.71934763082059], [-73.99192063244912, 40.72015251446004], [-73.9936251662676, 40.72087365644452], [-73.99420971655985, 40.720068772805064], [-73.99250518274137, 40.71934763082059]]]}}, {"type": "Feature", "properties": {"cell_id": 109, "tree_count": 20, "tree_ids": ["4610196", "2116188", "15725575", "15725581", "2116238", "15725576", "2116189", "15725579", "2118734", "2116190", "2118733", "2116191", "15728929", "15728938", "2116193", "2116192", "15728937", "2116239", "2116194", "2116240"]}, "geometry": {"type": "Polygon", "coordinates": [[[-73.99105706752259, 40.71969944640219], [-73.99064183747114, 40.72027118826848], [-73.99175426402702, 40.720741825744476], [-73.99216949407848, 40.720170083878195], [-73.99105706752259, 40.71969944640219]]]}}, {"type": "Feature", "properties": {"cell_id": 110, "tree_count": 21, "tree_ids": ["2116195", "2116196", "2116197", "2116198", "2116241", "2116242", "15763350", "2116199", "15763351", "2116209", "5243734", "2116229", "13883309", "2116232", "11139392", "15216659", "15216662", "2118645", "2145220", "13824643", "2145221"]}, "geometry": {"type": "Polygon", "coordinates": [[[-73.9904003486846, 40.72008925770582], [-73.98990932412745, 40.72076536314595], [-73.99128209434761, 40.72134614495858], [-73.99177311890476, 40.72067003951845], [-73.9904003486846, 40.72008925770582]]]}}, {"type": "Feature", "properties": {"cell_id": 111, "tree_count": 21, "tree_ids": ["15728934", "15728932", "15725573", "15725580", "15728931", "15725577", "15728936", "15728933", "2123495", "2123494", "2123496", "1442426", "1442422", "1442420", "1442424", "1442416", "12272668", "1442419", "1442414", "5423686", "12272667"]}, "geometry": {"type": "Polygon", "coordinates": [[[-73.9919835635253, 40.72027093373258], [-73.99120823933256, 40.72133849928898], [-73.99182979634924, 40.721601463188904], [-73.99260512054195, 40.7205338976325], [-73.9919835635253, 40.72027093373258]]]}}, {"type": "Feature", "properties": {"cell_id": 112, "tree_count": 21, "tree_ids": ["1442411", "1442415", "1442410", "1442407", "1442401", "1442406", "1442402", "1442405", "1442404", "1442399", "5927596", "2146532", "15224556", "15224557", "15224558", "10183651", "2118742", "13841747", "2118741", "10202524", "13841746"]}, "geometry": {"type": "Polygon", "coordinates": [[[-73.9924466532733, 40.720598344519885], [-73.99172983989244, 40.72158534490368], [-73.99318064577211, 40.72219914148536], [-73.99389745915298, 40.72121214110157], [-73.9924466532733, 40.720598344519885]]]}}, {"type": "Feature", "properties": {"cell_id": 113, "tree_count": 20, "tree_ids": ["15216657", "12779103", "2116315", "2116314", "2116313", "15763357", "2116311", "2116257", "2116310", "2116258", "2116259", "2116260", "2116261", "2116246", "2116262", "2116245", "2116294", "17042428", "13807989", "14108386"]}, "geometry": {"type": "Polygon", "coordinates": [[[-73.98658609467712, 40.71947484904864], [-73.98594358397476, 40.720359539997155], [-73.98691573605936, 40.720770831152485], [-73.98755824676172, 40.71988614020397], [-73.98658609467712, 40.71947484904864]]]}}, {"type": "Feature", "properties": {"cell_id": 114, "tree_count": 21, "tree_ids": ["15957971", "13883295", "13883296", "2116286", "2116218", "2116220", "15971230", "2116222", "14052397", "14051547", "2116223", "2116224", "4610197", "2111054", "2111055", "10183661", "2111058", "2111059", "10183662", "6444899", "6444898"]}, "geometry": {"type": "Polygon", "coordinates": [[[-73.98752498369124, 40.719800829685425], [-73.9867909417492, 40.720811552556754], [-73.98776033060028, 40.72122167466299], [-73.98849437254232, 40.720210951791664], [-73.98752498369124, 40.719800829685425]]]}}, {"type": "Feature", "properties": {"cell_id": 115, "tree_count": 21, "tree_ids": ["2111066", "6201510", "2116263", "6675466", "6675465", "15218022", "15192701", "2116264", "17666416", "2116269", "2116268", "2118523", "2118756", "2118757", "15971231", "15657306", "2118740", "14051140", "6082649", "15218020", "2118614"]}, "geometry": {"type": "Polygon", "coordinates": [[[-73.98589646529766, 40.72037796181632], [-73.98562895673521, 40.7207463018346], [-73.98759072472795, 40.72157627261489], [-73.9878582332904, 40.721207932596606], [-73.98589646529766, 40.72037796181632]]]}}, {"type": "Feature", "properties": {"cell_id": 116, "tree_count": 21, "tree_ids": ["2118593", "2118554", "2118555", "2118592", "2118556", "2118557", "2118591", "5240534", "12230453", "2118559", "2118590", "2118589", "2116244", "14051520", "2118561", "2118562", "15372186", "2118566", "14500027", "14051120", "13883688"]}, "geometry": {"type": "Polygon", "coordinates": [[[-73.98610288512815, 40.720877203256734], [-73.98542770328592, 40.7218068800111], [-73.98694886997568, 40.7224504443414], [-73.9876240518179, 40.72152076758703], [-73.98610288512815, 40.720877203256734]]]}}, {"type": "Feature", "properties": {"cell_id": 117, "tree_count": 20, "tree_ids": ["2116344", "2116118", "2116329", "1442332", "2116330", "2123453", "2116343", "2116248", "1442331", "2123454", "2116119", "2116342", "1442330", "2123455", "2116341", "2116331", "1442329", "2123456", "2116120", "2116340"]}, "geometry": {"type": "Polygon", "coordinates": [[[-73.98898698024578, 40.72033039191083], [-73.9886559042899, 40.72078625965025], [-73.9895955397431, 40.72118379390159], [-73.98992661569899, 40.72072792616217], [-73.98898698024578, 40.72033039191083]]]}}, {"type": "Feature", "properties": {"cell_id": 118, "tree_count": 21, "tree_ids": ["2116332", "1442328", "2116339", "2116333", "2116121", "2123457", "1442327", "2123458", "1442326", "2116338", "2116122", "2116334", "1442325", "2123459", "13841736", "2116337", "1442324", "15216683", "10183265", "2123460", "15218023"]}, "geometry": {"type": "Polygon", "coordinates": [[[-73.98824020312611, 40.72051625995567], [-73.98784599452291, 40.721059056802154], [-73.98921019128932, 40.72163621141925], [-73.98960439989251, 40.72109341457277], [-73.98824020312611, 40.72051625995567]]]}}, {"type": "Feature", "properties": {"cell_id": 119, "tree_count": 21, "tree_ids": ["15216697", "15216688", "10183267", "10408117", "2111118", "2116285", "2123476", "2111105", "2111104", "2111103", "2111102", "6515298", "2116138", "2123475", "2116139", "2123474", "2123473", "2116140", "2116141", "2123472", "15216730"]}, "geometry": {"type": "Polygon", "coordinates": [[[-73.9879082996081, 40.720986467264474], [-73.98742231468509, 40.721655633491466], [-73.98887754961287, 40.72227130388317], [-73.98936353453588, 40.72160213765618], [-73.9879082996081, 40.720986467264474]]]}}, {"type": "Feature", "properties": {"cell_id": 120, "tree_count": 21, "tree_ids": ["2116142", "17042427", "2146537", "2116143", "2146536", "2116144", "15216707", "2116145", "2116146", "13765568", "12230454", "13765177", "12230455", "15188104", "6528502", "6528501", "2124432", "2124433", "2124435", "2124436", "6525732"]}, "geometry": {"type": "Polygon", "coordinates": [[[-73.98746983088859, 40.72161167845779], [-73.98687989879122, 40.72242397245517], [-73.98820808953461, 40.72298589390141], [-73.98879802163198, 40.72217359990403], [-73.98746983088859, 40.72161167845779]]]}}, {"type": "Feature", "properties": {"cell_id": 121, "tree_count": 20, "tree_ids": ["2116270", "2145222", "2118662", "2116271", "2145223", "2118661", "2116272", "2116273", "2118660", "2145224", "2116274", "2118659", "2116275", "2145226", "2118658", "1498738", "2118657", "2145227", "2118656", "2118655"]}, "geometry": {"type": "Polygon", "coordinates": [[[-73.98986269660772, 40.72073279321187], [-73.98937683966398, 40.721401783220635], [-73.9908848713314, 40.72203979047957], [-73.99137072827514, 40.72137080047081], [-73.98986269660772, 40.72073279321187]]]}}, {"type": "Feature", "properties": {"cell_id": 122, "tree_count": 21, "tree_ids": ["2145228", "2145229", "2118654", "2116252", "2125481", "2125482", "2125483", "2125484", "2116253", "2125485", "2125486", "2116254", "2125487", "2125488", "2125489", "2118874", "2118828", "15216667", "15216678", "2118829", "15216675"]}, "geometry": {"type": "Polygon", "coordinates": [[[-73.98947436480083, 40.72134016954204], [-73.98909614830346, 40.72186094641091], [-73.99045775906545, 40.72243700695974], [-73.9908359755628, 40.72191623009086], [-73.98947436480083, 40.72134016954204]]]}}, {"type": "Feature", "properties": {"cell_id": 123, "tree_count": 21, "tree_ids": ["2116276", "2116277", "2116278", "2116279", "2123498", "15740091", "2125478", "2125477", "2123503", "2123499", "15971179", "2123505", "2123502", "2123507", "2123504", "2123510", "2123512", "1442400", "1442397", "6529735", "1442398"]}, "geometry": {"type": "Polygon", "coordinates": [[[-73.99129384240013, 40.7213145739667], [-73.99047440316615, 40.72244288275672], [-73.99115282508343, 40.72272990465234], [-73.99197226431741, 40.721601595862325], [-73.99129384240013, 40.7213145739667]]]}}, {"type": "Feature", "properties": {"cell_id": 124, "tree_count": 21, "tree_ids": ["1442395", "15728930", "1442396", "1442394", "6529736", "5028482", "1442393", "5027434", "6529738", "6529737", "5028481", "15763297", "15733136", "1442392", "2116226", "2116227", "2116228", "2118567", "2116283", "2118569", "2118577"]}, "geometry": {"type": "Polygon", "coordinates": [[[-73.9918515249469, 40.72160737295016], [-73.99118963763878, 40.72251874408883], [-73.99279910910562, 40.723199667773045], [-73.99346099641373, 40.722288296634375], [-73.9918515249469, 40.72160737295016]]]}}, {"type": "Feature", "properties": {"cell_id": 125, "tree_count": 21, "tree_ids": ["2123471", "2123461", "2123462", "2123463", "2123464", "2123470", "2123465", "2123469", "2123466", "2123467", "2123468", "6528505", "2116284", "15216670", "15216679", "15208685", "6528504", "15216672", "15208686", "15216665", "15216673"]}, "geometry": {"type": "Polygon", "coordinates": [[[-73.98909604241074, 40.721824743191384], [-73.98836273570086, 40.722834453701], [-73.98928310644224, 40.723223837575745], [-73.99001641315212, 40.72221412706614], [-73.98909604241074, 40.721824743191384]]]}}, {"type": "Feature", "properties": {"cell_id": 126, "tree_count": 21, "tree_ids": ["6528506", "2118831", "2118832", "6528503", "2118834", "2118835", "2147616", "2147617", "6528507", "2125468", "2147618", "16487946", "2125469", "2147619", "15641986", "2147620", "13841743", "2147621", "2147622", "2118776", "2125475"]}, "geometry": {"type": "Polygon", "coordinates": [[[-73.98987514870936, 40.72227887437812], [-73.98914783369301, 40.723280334757405], [-73.98993361878134, 40.72361277909604], [-73.99066093379768, 40.72261131871675], [-73.98987514870936, 40.72227887437812]]]}}, {"type": "Feature", "properties": {"cell_id": 127, "tree_count": 21, "tree_ids": ["2125474", "2147623", "1956059", "2125473", "2118777", "2125472", "2125471", "2125470", "14495910", "2118778", "5095900", "5108807", "2118779", "10470334", "15936548", "2118781", "6525724", "15188103", "2125466", "10468991", "5112289"]}, "geometry": {"type": "Polygon", "coordinates": [[[-73.99055017393967, 40.72259739634986], [-73.98987346500215, 40.72352917580443], [-73.99065476380632, 40.72385972211803], [-73.99133147274384, 40.72292794266346], [-73.99055017393967, 40.72259739634986]]]}}, {"type": "Feature", "properties": {"cell_id": 128, "tree_count": 21, "tree_ids": ["2118785", "12266298", "6525293", "14529198", "5935595", "2118669", "6602589", "2124484", "2118760", "6525292", "2118613", "2118761", "2118612", "2118762", "2118611", "5044694", "2118610", "2118764", "2118765", "2118766", "2116345"]}, "geometry": {"type": "Polygon", "coordinates": [[[-73.99108847066802, 40.72317502801557], [-73.99051221538538, 40.72396849002438], [-73.99218484840793, 40.724676135648124], [-73.99276110369057, 40.72388267363932], [-73.99108847066802, 40.72317502801557]]]}}, {"type": "Feature", "properties": {"cell_id": 129, "tree_count": 20, "tree_ids": ["2120989", "2120990", "2120991", "2120992", "2121021", "2121009", "2121008", "2122351", "2122350", "2122349", "1951662", "2122369", "2122368", "2122367", "15936542", "15937142", "15936544", "15188110", "2149027", "2149026"]}, "geometry": {"type": "Polygon", "coordinates": [[[-73.97545016404203, 40.71758271292923], [-73.97481172298457, 40.71846180026992], [-73.97720877263146, 40.7194759269012], [-73.97784721368893, 40.718596839560504], [-73.97545016404203, 40.71758271292923]]]}}, {"type": "Feature", "properties": {"cell_id": 130, "tree_count": 21, "tree_ids": ["2122381", "2149025", "2149024", "14051169", "2149023", "2122379", "2149022", "6486103", "2122383", "6486104", "6486105", "6486106", "6486107", "14051580", "2122385", "14052399", "14051577", "14051165", "14051166", "13519392", "13822471"]}, "geometry": {"type": "Polygon", "coordinates": [[[-73.97799501402709, 40.71862861194523], [-73.97732959783232, 40.71954484210658], [-73.97868490462736, 40.72011823561813], [-73.9793503208221, 40.71920200545678], [-73.97799501402709, 40.71862861194523]]]}}, {"type": "Feature", "properties": {"cell_id": 131, "tree_count": 21, "tree_ids": ["2149030", "2122352", "2120862", "2122382", "2120995", "15936545", "15218033", "15936547", "2149031", "2149032", "14051588", "15936546", "2147469", "2147470", "14051576", "17042426", "2146786", "15218032", "15218031", "15218030", "10536436"]}, "geometry": {"type": "Polygon", "coordinates": [[[-73.97528257184418, 40.71857917977078], [-73.9749805367616, 40.71899506031984], [-73.97776688111799, 40.720173886974266], [-73.97806891620056, 40.719758006425195], [-73.97528257184418, 40.71857917977078]]]}}, {"type": "Feature", "properties": {"cell_id": 132, "tree_count": 21, "tree_ids": ["15192702", "2122377", "2122378", "2120860", "2120861", "2110164", "6486099", "14051554", "13824647", "2144208", "2144210", "16491773", "2144212", "6486098", "13824646", "2144213", "2120998", "2120997", "11142868", "12776282", "2122898"]}, "geometry": {"type": "Polygon", "coordinates": [[[-73.97651056295042, 40.71964032106796], [-73.97467467725271, 40.722168203410305], [-73.97668871792912, 40.723020289343985], [-73.97852460362684, 40.720492407001636], [-73.97651056295042, 40.71964032106796]]]}}, {"type": "Feature", "properties": {"cell_id": 133, "tree_count": 20, "tree_ids": ["2144183", "2144182", "2124477", "6523297", "15188106", "6523296", "6523295", "6523294", "15188107", "14051572", "14051161", "14235297", "2131212", "2142365", "2142364", "2142363", "2142362", "2142361", "2142360", "2142359"]}, "geometry": {"type": "Polygon", "coordinates": [[[-73.97907106241574, 40.71977550510935], [-73.9783809746122, 40.72072570629858], [-73.97926329409029, 40.72109899171684], [-73.97995338189384, 40.72014879052761], [-73.97907106241574, 40.71977550510935]]]}}, {"type": "Feature", "properties": {"cell_id": 134, "tree_count": 21, "tree_ids": ["2142358", "2142357", "2142351", "2142352", "2142353", "2142354", "2142355", "6488091", "11177417", "5783489", "10162200", "2122828", "2122829", "4608584", "2142313", "2142312", "2142311", "2142310", "2142309", "2142308", "2142307"]}, "geometry": {"type": "Polygon", "coordinates": [[[-73.9783180225451, 40.720595770652345], [-73.97782094832213, 40.72128020604646], [-73.97880173815199, 40.72169515159731], [-73.97929881237495, 40.721010716203196], [-73.9783180225451, 40.720595770652345]]]}}, {"type": "Feature", "properties": {"cell_id": 135, "tree_count": 21, "tree_ids": ["15971227", "10162199", "2142290", "2142291", "2142292", "2122870", "2122871", "2122872", "2122873", "2122874", "10164539", "2122283", "2122282", "2122288", "2122287", "2122286", "2122285", "2122284", "2122281", "2122280", "2122270"]}, "geometry": {"type": "Polygon", "coordinates": [[[-73.97781488220274, 40.72128529232095], [-73.97731289499454, 40.72197649254177], [-73.97830125767385, 40.72239464195964], [-73.97880324488203, 40.72170344173881], [-73.97781488220274, 40.72128529232095]]]}}, {"type": "Feature", "properties": {"cell_id": 136, "tree_count": 21, "tree_ids": ["2122271", "2122272", "2122273", "2122274", "2122269", "2122276", "2122277", "2122278", "2110166", "2110165", "2110119", "2110120", "2110121", "2110122", "2121637", "2121636", "2121635", "2121634", "15208694", "11537349", "2122894"]}, "geometry": {"type": "Polygon", "coordinates": [[[-73.97736904782158, 40.72189696067588], [-73.97678589493985, 40.72269992018173], [-73.97780236040691, 40.723129959126176], [-73.97838551328866, 40.72232699962032], [-73.97736904782158, 40.72189696067588]]]}}, {"type": "Feature", "properties": {"cell_id": 137, "tree_count": 20, "tree_ids": ["2131213", "2124476", "2131214", "14051573", "2131215", "2124475", "14051162", "2124474", "2144184", "2124473", "14051163", "2147538", "14051579", "2147537", "2124472", "14051164", "6488093", "2144186", "14051574", "2124471"]}, "geometry": {"type": "Polygon", "coordinates": [[[-73.97996927442989, 40.720016631691614], [-73.97961181914029, 40.72050882187311], [-73.98036499840278, 40.72082747157201], [-73.98072245369238, 40.72033528139051], [-73.97996927442989, 40.720016631691614]]]}}, {"type": "Feature", "properties": {"cell_id": 138, "tree_count": 21, "tree_ids": ["14051575", "2147541", "2144187", "2124470", "16873076", "2144188", "2124469", "2147534", "2124468", "2144189", "2147533", "2144190", "2147532", "2124466", "2144193", "2147531", "2124648", "2124647", "2124646", "6523303", "11536470"]}, "geometry": {"type": "Polygon", "coordinates": [[[-73.98097907796092, 40.71983532303859], [-73.98027945816106, 40.72079864910002], [-73.98124232478827, 40.7212060118304], [-73.98194194458813, 40.720242685768966], [-73.98097907796092, 40.71983532303859]]]}}, {"type": "Feature", "properties": {"cell_id": 139, "tree_count": 21, "tree_ids": ["2142350", "6488092", "2142366", "282590", "2142367", "2142349", "2142348", "2142368", "5128853", "2142346", "10407717", "12382242", "2142370", "2142344", "2142371", "2142343", "1591180", "16504147", "10164537", "2142342", "2142322"]}, "geometry": {"type": "Polygon", "coordinates": [[[-73.97926373128827, 40.720985990808536], [-73.97876179901138, 40.72167711539293], [-73.97985261864658, 40.72213861156736], [-73.98035455092347, 40.72144748698297], [-73.97926373128827, 40.720985990808536]]]}}, {"type": "Feature", "properties": {"cell_id": 140, "tree_count": 21, "tree_ids": ["2142373", "2142341", "4600011", "13765569", "2142334", "2142335", "2142374", "2142375", "12382675", "2142377", "2122808", "2122807", "2122806", "2122805", "2122804", "2110050", "2110049", "2110048", "2110047", "2110046", "4600098"]}, "geometry": {"type": "Polygon", "coordinates": [[[-73.98072421828506, 40.72088488100661], [-73.97989499367768, 40.722026663550835], [-73.98047196496657, 40.722270764439735], [-73.98130118957395, 40.72112898189551], [-73.98072421828506, 40.72088488100661]]]}}, {"type": "Feature", "properties": {"cell_id": 141, "tree_count": 20, "tree_ids": ["2142314", "1110098", "2122289", "2122267", "2122290", "2142286", "2142315", "2122291", "2122266", "16504659", "2122265", "6477338", "2122264", "11119730", "14051556", "2142316", "2142282", "2142281", "2122263", "2142319"]}, "geometry": {"type": "Polygon", "coordinates": [[[-73.97881535064519, 40.721596506538766], [-73.97825151747615, 40.722372864192096], [-73.97908571996436, 40.7227257926182], [-73.9796495531334, 40.72194943496487], [-73.97881535064519, 40.721596506538766]]]}}, {"type": "Feature", "properties": {"cell_id": 142, "tree_count": 21, "tree_ids": ["13852129", "2142280", "2122262", "2142320", "2142279", "2142321", "2122261", "2142278", "2122260", "2142277", "2122259", "10164968", "6477339", "10164124", "2122292", "2122293", "2122294", "2110042", "2110041", "2110040", "2120859"]}, "geometry": {"type": "Polygon", "coordinates": [[[-73.97955297458478, 40.72190845668091], [-73.97898968621472, 40.7226840641853], [-73.97985957089628, 40.72305208877872], [-73.98042285926635, 40.72227648127433], [-73.97955297458478, 40.72190845668091]]]}}, {"type": "Feature", "properties": {"cell_id": 143, "tree_count": 21, "tree_ids": ["2122268", "2110118", "2121638", "2110117", "2121639", "11537348", "2121640", "2110115", "2110114", "2121641", "6477337", "2121642", "2110113", "2121643", "2110112", "2121644", "15971253", "2121645", "2110110", "2121646", "12216774"]}, "geometry": {"type": "Polygon", "coordinates": [[[-73.97830782882812, 40.72229355655517], [-73.97778945173575, 40.72300732446574], [-73.97870352711698, 40.72339404494452], [-73.97922190420935, 40.72268027703395], [-73.97830782882812, 40.72229355655517]]]}}, {"type": "Feature", "properties": {"cell_id": 144, "tree_count": 21, "tree_ids": ["14177511", "13734226", "2110107", "2110106", "2110105", "6659430", "1057223", "1057224", "1057226", "1057227", "13851729", "138832", "6477336", "2121684", "2121685", "2121686", "2121687", "2121688", "2110037", "4599678", "4599659"]}, "geometry": {"type": "Polygon", "coordinates": [[[-73.97911567490009, 40.72277631407289], [-73.97839102527577, 40.72377410439936], [-73.97905029208069, 40.72405302228696], [-73.979774941705, 40.72305523196049], [-73.97911567490009, 40.72277631407289]]]}}, {"type": "Feature", "properties": {"cell_id": 145, "tree_count": 20, "tree_ids": ["6523301", "2124637", "6523298", "6523299", "2142455", "6523300", "6523302", "2142456", "2124634", "2124635", "2124636", "2142457", "2124596", "2142458", "1172109", "15218029", "2142459", "2124461", "17666410", "2142460"]}, "geometry": {"type": "Polygon", "coordinates": [[[-73.98192375818869, 40.72024486746826], [-73.98144722094428, 40.72090102492246], [-73.9823960986084, 40.72130246930234], [-73.98287263585283, 40.720646311848135], [-73.98192375818869, 40.72024486746826]]]}}, {"type": "Feature", "properties": {"cell_id": 146, "tree_count": 21, "tree_ids": ["2124460", "2142461", "15218027", "2142462", "2124459", "2142463", "2124458", "14051571", "14051160", "15216652", "2142464", "14051567", "14051159", "2142465", "10164123", "2142466", "1445453", "2142423", "2142467", "1445452", "2142468"]}, "geometry": {"type": "Polygon", "coordinates": [[[-73.9828062399868, 40.72061090466049], [-73.98218251611434, 40.7214697274977], [-73.98314971832073, 40.721878924493936], [-73.9837734421932, 40.72102010165673], [-73.9828062399868, 40.72061090466049]]]}}, {"type": "Feature", "properties": {"cell_id": 147, "tree_count": 21, "tree_ids": ["11536475", "4599976", "2131220", "11536474", "2123441", "14051154", "6534140", "4608442", "14042109", "2142431", "2131222", "2142430", "4608581", "2123439", "10162192", "2123438", "2110097", "6533720", "14108790", "2142429", "2123436"]}, "geometry": {"type": "Polygon", "coordinates": [[[-73.98133357423423, 40.72100890049922], [-73.98073725102633, 40.72182999459536], [-73.98171673142895, 40.7222443861631], [-73.98231305463685, 40.72142329206696], [-73.98133357423423, 40.72100890049922]]]}}, {"type": "Feature", "properties": {"cell_id": 148, "tree_count": 21, "tree_ids": ["2110098", "2131223", "2110099", "2110100", "2123435", "2110101", "2123434", "2142428", "2123433", "2142427", "2123432", "2142426", "2123431", "2123430", "2123429", "2131224", "2131225", "2123428", "2110103", "11537807", "6534141"]}, "geometry": {"type": "Polygon", "coordinates": [[[-73.9822104281529, 40.721378520783865], [-73.98161350271992, 40.72220044410055], [-73.98258770915952, 40.72261260439771], [-73.9831846345925, 40.72179068108102], [-73.9822104281529, 40.721378520783865]]]}}, {"type": "Feature", "properties": {"cell_id": 149, "tree_count": 20, "tree_ids": ["2142469", "1445451", "2142470", "1445450", "2122606", "2122731", "1957260", "2122701", "2122702", "6523304", "15218024", "6523305", "2142487", "14051546", "6523306", "6523307", "6523308", "15188105", "12230462", "6523309"]}, "geometry": {"type": "Polygon", "coordinates": [[[-73.9836799429211, 40.721106424652646], [-73.98319084711716, 40.721779874338566], [-73.98414087223388, 40.72218180417448], [-73.98462996803784, 40.72150835448856], [-73.9836799429211, 40.721106424652646]]]}}, {"type": "Feature", "properties": {"cell_id": 150, "tree_count": 21, "tree_ids": ["2142385", "10183659", "5361344", "14051155", "10183658", "2124448", "12230456", "2124447", "2142491", "2124446", "2142492", "2124445", "2142493", "2124444", "2124443", "2142494", "2142383", "2124442", "2124441", "2142495", "16029022"]}, "geometry": {"type": "Polygon", "coordinates": [[[-73.9846237437581, 40.721416032443074], [-73.9840215775352, 40.722245171949936], [-73.98491600654533, 40.72262358058246], [-73.98551817276825, 40.721794441075595], [-73.9846237437581, 40.721416032443074]]]}}, {"type": "Feature", "properties": {"cell_id": 151, "tree_count": 21, "tree_ids": ["5240539", "2131226", "11537806", "2131227", "2142421", "14051149", "2123442", "2123443", "2122736", "2122734", "2122733", "10202526", "2131228", "6533721", "4603620", "2131229", "16499393", "2131230", "2142388", "5820396", "2142387"]}, "geometry": {"type": "Polygon", "coordinates": [[[-73.98312520384931, 40.72176252241649], [-73.98252531697155, 40.72258852342929], [-73.98340214654644, 40.72295948621854], [-73.98400203342419, 40.72213348520574], [-73.98312520384931, 40.72176252241649]]]}}, {"type": "Feature", "properties": {"cell_id": 152, "tree_count": 21, "tree_ids": ["2131231", "2142386", "6544548", "2131232", "11142875", "2144762", "2146569", "2144761", "2144760", "2144759", "4600755", "2144758", "10666781", "2146568", "2131236", "16501136", "2146567", "2146566", "2144756", "2144755", "10183656"]}, "geometry": {"type": "Polygon", "coordinates": [[[-73.98396362318437, 40.7221172267409], [-73.98336346090655, 40.72294360695975], [-73.98432035822893, 40.72334844423931], [-73.98492052050676, 40.72252206402047], [-73.98396362318437, 40.7221172267409]]]}}, {"type": "Feature", "properties": {"cell_id": 153, "tree_count": 20, "tree_ids": ["2122295", "6582159", "2122296", "2122297", "2122298", "4599653", "2122299", "6663881", "6663876", "6663878", "6663877", "6663879", "2122300", "2122301", "2110185", "2120839", "2110184", "2120840", "2122304", "2110183"]}, "geometry": {"type": "Polygon", "coordinates": [[[-73.98041498693568, 40.72227111411133], [-73.97991604057106, 40.722958127309646], [-73.98107681770261, 40.72344922060161], [-73.98157576406724, 40.72276220740329], [-73.98041498693568, 40.72227111411133]]]}}, {"type": "Feature", "properties": {"cell_id": 154, "tree_count": 21, "tree_ids": ["2120841", "2110182", "2110102", "2120842", "2120843", "6582160", "2120844", "6582161", "6669866", "284985", "6582162", "4600088", "2120845", "6582163", "4612470", "4600465", "6582164", "6582154", "2122305", "2122306", "2110179"]}, "geometry": {"type": "Polygon", "coordinates": [[[-73.98187825006299, 40.72221539461672], [-73.98100447312999, 40.72341852250362], [-73.98178503085572, 40.723748755287055], [-73.98265880778872, 40.72254562740015], [-73.98187825006299, 40.72221539461672]]]}}, {"type": "Feature", "properties": {"cell_id": 155, "tree_count": 21, "tree_ids": ["2121657", "2120858", "2120829", "2121683", "2120857", "2121658", "2120830", "2121682", "2120856", "2120831", "2121659", "2120855", "2120854", "2121660", "2120832", "2120853", "2121661", "2120833", "2120852", "2120834", "2121680"]}, "geometry": {"type": "Polygon", "coordinates": [[[-73.97995325631294, 40.72287066583661], [-73.97938783868202, 40.7236492051798], [-73.98007286483693, 40.72393902114908], [-73.98063828246785, 40.723160481805884], [-73.97995325631294, 40.72287066583661]]]}}, {"type": "Feature", "properties": {"cell_id": 156, "tree_count": 21, "tree_ids": ["2120851", "2120835", "2121679", "2120836", "2120850", "2120837", "2120849", "2121663", "2121678", "2120838", "2120848", "2121676", "2121665", "15936510", "2120846", "2121667", "5248532", "2121674", "2121673", "4600496", "14051123"]}, "geometry": {"type": "Polygon", "coordinates": [[[-73.98054504276435, 40.72312085471628], [-73.97997666717198, 40.72390346695927], [-73.98113573269967, 40.724393836118104], [-73.98170410829204, 40.72361122387511], [-73.98054504276435, 40.72312085471628]]]}}, {"type": "Feature", "properties": {"cell_id": 157, "tree_count": 20, "tree_ids": ["16159702", "2110178", "2122308", "4600082", "6582165", "5279398", "5277799", "4607110", "4607103", "2110144", "2110143", "5503084", "12689359", "2123394", "2123393", "6544544", "13878233", "14051555", "6544543", "16502141"]}, "geometry": {"type": "Polygon", "coordinates": [[[-73.98264326557678, 40.72253833200596], [-73.98177404676024, 40.723735183694885], [-73.98233933545987, 40.72397434199742], [-73.98320855427642, 40.722777490308495], [-73.98264326557678, 40.72253833200596]]]}}, {"type": "Feature", "properties": {"cell_id": 158, "tree_count": 21, "tree_ids": ["2143987", "2110066", "10665974", "2110067", "2143985", "2110068", "2143984", "2110069", "282188", "14177509", "11331381", "2122345", "5470976", "2143981", "2110070", "2143980", "2110071", "164924", "2110072", "2143979", "2122347"]}, "geometry": {"type": "Polygon", "coordinates": [[[-73.98282134597429, 40.72328813252817], [-73.98232677297939, 40.723969123911424], [-73.98351849685922, 40.72447330993245], [-73.98401306985411, 40.723792318549194], [-73.98282134597429, 40.72328813252817]]]}}, {"type": "Feature", "properties": {"cell_id": 159, "tree_count": 21, "tree_ids": ["11142871", "11142872", "2121668", "2121669", "13852130", "2121670", "14022436", "10089495", "2114788", "2146875", "2122339", "10164125", "2122340", "11537809", "4612819", "2110054", "4614134", "2114786", "11537347", "13734225", "2114785"]}, "geometry": {"type": "Polygon", "coordinates": [[[-73.98178706118026, 40.72363832790767], [-73.98092362924015, 40.72482721148465], [-73.98197046632734, 40.72527009983705], [-73.98283389826744, 40.72408121626007], [-73.98178706118026, 40.72363832790767]]]}}, {"type": "Feature", "properties": {"cell_id": 160, "tree_count": 21, "tree_ids": ["14051558", "11537808", "2110056", "2146870", "2114783", "4600138", "15936570", "2110058", "6544542", "14051523", "4606812", "2114781", "2110059", "11537346", "6544541", "2114780", "2110060", "2146868", "2122332", "2146867", "15384794"]}, "geometry": {"type": "Polygon", "coordinates": [[[-73.98276285601595, 40.72405421185345], [-73.98184242350067, 40.72532158111595], [-73.98267122450197, 40.72567222431958], [-73.98359165701727, 40.72440485505709], [-73.98276285601595, 40.72405421185345]]]}}, {"type": "Feature", "properties": {"cell_id": 161, "tree_count": 20, "tree_ids": ["2110175", "2110176", "2110177", "2146586", "2121611", "2110265", "2146585", "2110266", "2121610", "2146584", "12163047", "2146583", "2121609", "5929996", "2146582", "2121608", "15384790", "2121607", "5244534", "2146580"]}, "geometry": {"type": "Polygon", "coordinates": [[[-73.97657041851805, 40.722993893597604], [-73.97606366223016, 40.72369166049759], [-73.97680539122771, 40.72400546590024], [-73.9773121475156, 40.72330769900025], [-73.97657041851805, 40.722993893597604]]]}}, {"type": "Feature", "properties": {"cell_id": 162, "tree_count": 21, "tree_ids": ["2110268", "2121606", "2121605", "2110269", "4599733", "2110270", "2121604", "2146579", "10162190", "2121603", "2110271", "2146578", "10361882", "2121602", "2146577", "2121601", "2110273", "4600662", "2110274", "2121600", "2110086"]}, "geometry": {"type": "Polygon", "coordinates": [[[-73.97723289546948, 40.7232818030108], [-73.97667041807367, 40.72405629386206], [-73.97732001320736, 40.72433111992813], [-73.97788249060316, 40.72355662907687], [-73.97723289546948, 40.7232818030108]]]}}, {"type": "Feature", "properties": {"cell_id": 163, "tree_count": 21, "tree_ids": ["2121012", "2121011", "2121010", "2114473", "2147317", "2147316", "15208688", "2147314", "15208687", "2114517", "2110096", "11537351", "2114516", "11537350", "2114515", "13765983", "13868741", "11537810", "13869138", "2110095", "11789072"]}, "geometry": {"type": "Polygon", "coordinates": [[[-73.97589199372472, 40.723625778780885], [-73.97533678432744, 40.72439026212178], [-73.97606138339093, 40.724696820314364], [-73.9766165927882, 40.72393233697347], [-73.97589199372472, 40.723625778780885]]]}}, {"type": "Feature", "properties": {"cell_id": 164, "tree_count": 21, "tree_ids": ["2110094", "2110093", "11537811", "2114514", "2110092", "2114513", "2146793", "2110091", "2114512", "2146794", "2110090", "2114511", "2110089", "2146795", "2114510", "2110088", "2114509", "2146796", "2110087", "2114508", "2146797"]}, "geometry": {"type": "Polygon", "coordinates": [[[-73.9765415486268, 40.72389856490567], [-73.97605031270501, 40.724574961379666], [-73.97686579464501, 40.724919969650045], [-73.9773570305668, 40.72424357317605], [-73.9765415486268, 40.72389856490567]]]}}, {"type": "Feature", "properties": {"cell_id": 165, "tree_count": 20, "tree_ids": ["2146575", "2110277", "1775190", "2121599", "2110278", "2146574", "2121598", "2110279", "12163050", "2121597", "2110081", "2121596", "2110280", "12163049", "2121595", "2110080", "2121594", "2146571", "2110079", "2110281"]}, "geometry": {"type": "Polygon", "coordinates": [[[-73.97787168342154, 40.72354961560975], [-73.97730856935053, 40.7243249831169], [-73.97804578368824, 40.72463687848953], [-73.97860889775926, 40.72386151098238], [-73.97787168342154, 40.72354961560975]]]}}, {"type": "Feature", "properties": {"cell_id": 166, "tree_count": 21, "tree_ids": ["2110078", "2110282", "2110077", "6505693", "2121593", "2110076", "2110284", "2116856", "2116855", "2114529", "2110207", "2114530", "11139780", "2121691", "1098902", "13868740", "6505692", "2121692", "2114533", "12163054", "2110206"]}, "geometry": {"type": "Polygon", "coordinates": [[[-73.97854464069533, 40.723830628794744], [-73.97797995209073, 40.7246081643212], [-73.97902510170415, 40.725050338749256], [-73.97958979030875, 40.724272803222796], [-73.97854464069533, 40.723830628794744]]]}}, {"type": "Feature", "properties": {"cell_id": 167, "tree_count": 21, "tree_ids": ["2114507", "2110085", "2110084", "2114505", "2146798", "2110083", "2146799", "4600569", "2146800", "2114504", "10162576", "2114503", "2114502", "2146801", "2146802", "2114501", "2146803", "2114500", "2146804", "2114499", "2121586"]}, "geometry": {"type": "Polygon", "coordinates": [[[-73.97729738958186, 40.724217002436575], [-73.97680577219005, 40.724893924167326], [-73.97788875125684, 40.72535210321013], [-73.97838036864866, 40.72467518147937], [-73.97729738958186, 40.724217002436575]]]}}, {"type": "Feature", "properties": {"cell_id": 168, "tree_count": 21, "tree_ids": ["2121587", "2121588", "2121589", "2121590", "2121591", "2121581", "2121580", "2121579", "2114422", "4986565", "11139408", "2116846", "259209", "2116845", "2116844", "2121912", "2121913", "2116843", "2121914", "11142865", "2116842"]}, "geometry": {"type": "Polygon", "coordinates": [[[-73.97827728156683, 40.72463157089535], [-73.97775008658499, 40.72535748040444], [-73.9785614606718, 40.72570075075365], [-73.97908865565364, 40.72497484124456], [-73.97827728156683, 40.72463157089535]]]}}, {"type": "Feature", "properties": {"cell_id": 169, "tree_count": 20, "tree_ids": ["4599278", "4599448", "4599343", "4599299", "12767045", "2144743", "15325113", "5780221", "12767049", "2144739", "15325111", "15325099", "4603955", "15325101", "15325100", "12767043", "12767044", "2121024", "2123514", "2121023"]}, "geometry": {"type": "Polygon", "coordinates": [[[-73.97375405075212, 40.72381042449078], [-73.97340167580232, 40.72429561941036], [-73.97443484494985, 40.72473272522854], [-73.97478721989964, 40.724247530308965], [-73.97375405075212, 40.72381042449078]]]}}, {"type": "Feature", "properties": {"cell_id": 170, "tree_count": 21, "tree_ids": ["2121022", "12767051", "15325097", "2144726", "15326006", "15325112", "15325109", "15325098", "15325110", "15325091", "15325108", "15325092", "2121015", "2121014", "14529199", "2114472", "15208691", "2144745", "2114435", "2114434", "2144746"]}, "geometry": {"type": "Polygon", "coordinates": [[[-73.97480292336027, 40.7241441924572], [-73.97440924774294, 40.72468625542056], [-73.97590039182334, 40.725317117999886], [-73.97629406744068, 40.72477505503653], [-73.97480292336027, 40.7241441924572]]]}}, {"type": "Feature", "properties": {"cell_id": 171, "tree_count": 21, "tree_ids": ["4599472", "2144727", "2122226", "4609988", "2144729", "2144738", "2122227", "15325107", "15325106", "2144731", "4599302", "12767047", "15325103", "15325102", "15325105", "4599275", "15325104", "2144730", "2144736", "12767042", "2122228"]}, "geometry": {"type": "Polygon", "coordinates": [[[-73.97370142153078, 40.72432130966355], [-73.97352145346936, 40.72456911271863], [-73.97491226198613, 40.72515752604487], [-73.97509223004757, 40.724909722989786], [-73.97370142153078, 40.72432130966355]]]}}, {"type": "Feature", "properties": {"cell_id": 172, "tree_count": 21, "tree_ids": ["2122229", "2122230", "2122231", "2122232", "2122233", "2121990", "2121991", "2121992", "2149052", "2149053", "2149054", "3344617", "3639139", "3364932", "2122240", "2122241", "2122242", "2122243", "15541156", "15541158", "15541160"]}, "geometry": {"type": "Polygon", "coordinates": [[[-73.973926889915, 40.72477099848899], [-73.97233121695034, 40.72696812520368], [-73.97422147572821, 40.72776784237647], [-73.97581714869288, 40.72557071566178], [-73.973926889915, 40.72477099848899]]]}}, {"type": "Feature", "properties": {"cell_id": 173, "tree_count": 20, "tree_ids": ["2144747", "2114433", "10155861", "12216780", "2121983", "12400956", "2114431", "13869942", "16293533", "2114428", "2114427", "2114426", "2114424", "10162577", "5422585", "5422586", "2121582", "2121583", "14177845", "2121585"]}, "geometry": {"type": "Polygon", "coordinates": [[[-73.97631336110264, 40.7247043481244], [-73.97561771997954, 40.72566219583458], [-73.97718405547258, 40.726324869859326], [-73.97787969659568, 40.725367022149136], [-73.97631336110264, 40.7247043481244]]]}}, {"type": "Feature", "properties": {"cell_id": 174, "tree_count": 21, "tree_ids": ["2114397", "2114398", "2114399", "2114420", "2114421", "10162187", "2114419", "2110163", "2114709", "2114418", "3206534", "2114417", "2114710", "2114416", "12400955", "2110161", "2114711", "2114415", "2121966", "2114414", "13862675"]}, "geometry": {"type": "Polygon", "coordinates": [[[-73.97788850874896, 40.72544325941331], [-73.97707831775483, 40.72655883404334], [-73.97773720224966, 40.72683759018592], [-73.9785473932438, 40.725722015555895], [-73.97788850874896, 40.72544325941331]]]}}, {"type": "Feature", "properties": {"cell_id": 175, "tree_count": 21, "tree_ids": ["5783411", "2114571", "2114491", "5779105", "2114570", "2121987", "10162567", "5779230", "2114493", "2114528", "2123530", "2123529", "2121989", "2122252", "2122251", "2122250", "2114494", "2122249", "2149040", "2149041", "2149042"]}, "geometry": {"type": "Polygon", "coordinates": [[[-73.9755044910603, 40.72589150130987], [-73.974637613633, 40.72708512907448], [-73.97685749765643, 40.728024301740106], [-73.97772437508372, 40.72683067397549], [-73.9755044910603, 40.72589150130987]]]}}, {"type": "Feature", "properties": {"cell_id": 176, "tree_count": 21, "tree_ids": ["2149043", "2149044", "2149045", "13869141", "2149047", "2149048", "2149049", "2149050", "2149051", "2122234", "2122236", "2122238", "13519403", "2122244", "2122246", "16293537", "2122245", "2122247", "2122248", "2122021", "2122022"]}, "geometry": {"type": "Polygon", "coordinates": [[[-73.97470466730977, 40.72701015451173], [-73.9741654577318, 40.72775260725411], [-73.97638270716244, 40.728690665295055], [-73.97692191674041, 40.727948212552675], [-73.97470466730977, 40.72701015451173]]]}}, {"type": "Feature", "properties": {"cell_id": 177, "tree_count": 20, "tree_ids": ["2110194", "2110195", "2110196", "2110197", "2110200", "2110201", "2110202", "2110203", "2110204", "6505691", "2060479", "2110199", "4631447", "2121698", "2121697", "2121696", "2121699", "10097970", "661005", "1865243"]}, "geometry": {"type": "Polygon", "coordinates": [[[-73.9796693920183, 40.72430551038147], [-73.97954863595331, 40.72447178278329], [-73.98061146802911, 40.72492143818115], [-73.9807322240941, 40.72475516577933], [-73.9796693920183, 40.72430551038147]]]}}, {"type": "Feature", "properties": {"cell_id": 178, "tree_count": 21, "tree_ids": ["10097588", "220508", "220506", "220507", "2114539", "2114537", "221307", "11783528", "221306", "2121925", "2121924", "13868739", "13869137", "2121921", "2121920", "2121919", "2121918", "11139413", "11139414", "11139411", "2121564"]}, "geometry": {"type": "Polygon", "coordinates": [[[-73.97949646693269, 40.72435612100479], [-73.97862986876314, 40.725549364251606], [-73.97982541781535, 40.72605516859922], [-73.9806920159849, 40.7248619253524], [-73.97949646693269, 40.72435612100479]]]}}, {"type": "Feature", "properties": {"cell_id": 179, "tree_count": 21, "tree_ids": ["259211", "2110193", "2121700", "2121926", "10162574", "2110192", "2114540", "2121701", "2114541", "2121702", "12158964", "2110191", "2121703", "2121705", "2121704", "2114498", "2114497", "6082248", "2113065", "14040363", "2113067"]}, "geometry": {"type": "Polygon", "coordinates": [[[-73.98066550922108, 40.72472597845389], [-73.97972960463203, 40.726014651647304], [-73.98045387083658, 40.72632106901631], [-73.98138977542564, 40.72503239582289], [-73.98066550922108, 40.72472597845389]]]}}, {"type": "Feature", "properties": {"cell_id": 180, "tree_count": 21, "tree_ids": ["2113066", "11139416", "2113063", "2113062", "2110128", "10164128", "2110129", "2110130", "2122337", "2110131", "2122336", "4613393", "4684626", "2110133", "2122335", "2110134", "10164127", "2110135", "2122334", "11775832", "2110136"]}, "geometry": {"type": "Polygon", "coordinates": [[[-73.9812892368648, 40.724984323599344], [-73.98061225694909, 40.72591647617138], [-73.98190099401161, 40.72646170583632], [-73.98257797392733, 40.72552955326429], [-73.9812892368648, 40.724984323599344]]]}}, {"type": "Feature", "properties": {"cell_id": 181, "tree_count": 20, "tree_ids": ["2121566", "2121567", "2121568", "2121569", "2121570", "2121571", "2121572", "2121573", "2121574", "2121575", "2116833", "13868738", "2116835", "2116836", "11784633", "2116838", "2116839", "2116840", "6083043", "2110149"]}, "geometry": {"type": "Polygon", "coordinates": [[[-73.97864668406108, 40.72545342577951], [-73.9781639258793, 40.72611814901629], [-73.97924807718867, 40.7265768240031], [-73.97973083537043, 40.72591210076632], [-73.97864668406108, 40.72545342577951]]]}}, {"type": "Feature", "properties": {"cell_id": 182, "tree_count": 21, "tree_ids": ["2110150", "2110151", "2110152", "2110153", "2110154", "2110155", "2110156", "2110157", "2110159", "5244535", "11790392", "2121956", "2121957", "2121958", "2121959", "13862668", "2121962", "2121963", "2121964", "2121965", "658211"]}, "geometry": {"type": "Polygon", "coordinates": [[[-73.9782185458026, 40.72603799037441], [-73.97809679488626, 40.72620563261487], [-73.97918202637253, 40.7266647645952], [-73.97930377728888, 40.726497122354736], [-73.9782185458026, 40.72603799037441]]]}}, {"type": "Feature", "properties": {"cell_id": 183, "tree_count": 21, "tree_ids": ["2116832", "2121565", "2110148", "2121955", "2116831", "2110147", "2110146", "2121954", "2110145", "2121953", "2116830", "10162189", "2121952", "11537802", "4604009", "2116828", "2110039", "2121937", "4599704", "2110038", "2110043"]}, "geometry": {"type": "Polygon", "coordinates": [[[-73.97964358193776, 40.725874954109216], [-73.97903041951983, 40.72671923458442], [-73.97989132615243, 40.72708346080906], [-73.98050448857036, 40.726239180333856], [-73.97964358193776, 40.725874954109216]]]}}, {"type": "Feature", "properties": {"cell_id": 184, "tree_count": 21, "tree_ids": ["11772477", "6082251", "2113058", "2113059", "2113057", "2114454", "2114456", "2114457", "2113089", "10163629", "4596928", "14022435", "10164543", "2113087", "13883694", "17042429", "15192703", "2114463", "2113085", "13827542", "5528629"]}, "geometry": {"type": "Polygon", "coordinates": [[[-73.98033646721991, 40.72628994065658], [-73.97985620122489, 40.726951232331736], [-73.9812932468987, 40.72755920734388], [-73.98177351289372, 40.72689791566872], [-73.98033646721991, 40.72628994065658]]]}}, {"type": "Feature", "properties": {"cell_id": 185, "tree_count": 20, "tree_ids": ["2114527", "2114712", "11142891", "4599951", "2114526", "2114413", "2114714", "2114525", "2114412", "2114411", "2114715", "2114716", "2114524", "2114410", "133257", "2114409", "2114523", "2114718", "2114522", "2114719"]}, "geometry": {"type": "Polygon", "coordinates": [[[-73.97775404790453, 40.726629978701574], [-73.97723103501195, 40.727350129775026], [-73.97818601962226, 40.727754157838035], [-73.97870903251483, 40.72703400676458], [-73.97775404790453, 40.726629978701574]]]}}, {"type": "Feature", "properties": {"cell_id": 186, "tree_count": 21, "tree_ids": ["2114408", "2114521", "2114520", "2114721", "2114519", "2114405", "2114518", "2114404", "2114722", "10162568", "2114723", "13868742", "13869139", "12744826", "11537804", "2114401", "12744825", "10162186", "2114400", "10162571", "2114453"]}, "geometry": {"type": "Polygon", "coordinates": [[[-73.97875170540173, 40.72684162738542], [-73.9781092165967, 40.727726288182886], [-73.97898711532143, 40.728097703300406], [-73.97962960412646, 40.72721304250294], [-73.97875170540173, 40.72684162738542]]]}}, {"type": "Feature", "properties": {"cell_id": 187, "tree_count": 21, "tree_ids": ["2123528", "2123527", "2123526", "2123525", "2123524", "2123523", "2123522", "2123521", "2123520", "2122971", "2122972", "12751322", "2122975", "2122976", "2122977", "12751326", "15208697", "1441891", "1441892", "1441893", "11143469"]}, "geometry": {"type": "Polygon", "coordinates": [[[-73.97733630751932, 40.72739749795922], [-73.97687633054417, 40.72803085311571], [-73.9785272686322, 40.72872932020163], [-73.97898724560736, 40.728095965045135], [-73.97733630751932, 40.72739749795922]]]}}, {"type": "Feature", "properties": {"cell_id": 188, "tree_count": 21, "tree_ids": ["1441886", "1441885", "1441884", "1441883", "1441882", "12751327", "1441887", "15307871", "10164546", "2122009", "2122010", "13827545", "4599940", "13827546", "2122014", "2122015", "13524617", "2122017", "2122019", "2122020", "13826745"]}, "geometry": {"type": "Polygon", "coordinates": [[[-73.97688198776318, 40.728046460230715], [-73.97640481354962, 40.728703494745545], [-73.97804266129873, 40.72939642366443], [-73.97851983551229, 40.7287393891496], [-73.97688198776318, 40.728046460230715]]]}}, {"type": "Feature", "properties": {"cell_id": 189, "tree_count": 21, "tree_ids": ["2114452", "2114451", "2114450", "4599688", "2121520", "2121521", "2121522", "2121523", "2121524", "2121525", "2110044", "10162570", "2114680", "2114436", "2114747", "2114681", "2114746", "2114437", "2114682", "2114745", "13583116"]}, "geometry": {"type": "Polygon", "coordinates": [[[-73.97968379893884, 40.7269523609445], [-73.97888785729204, 40.728048315249815], [-73.97948044518682, 40.72829902310072], [-73.98027638683361, 40.7272030687954], [-73.97968379893884, 40.7269523609445]]]}}, {"type": "Feature", "properties": {"cell_id": 190, "tree_count": 21, "tree_ids": ["2114744", "15389718", "13583117", "2114743", "2114684", "11537803", "2114685", "13583115", "2114439", "2114688", "10164131", "2114689", "2114440", "2114742", "10164544", "2114441", "2114442", "2114692", "2114740", "2114443", "2114693"]}, "geometry": {"type": "Polygon", "coordinates": [[[-73.97990293761163, 40.727533188299034], [-73.97937813947016, 40.728255797531595], [-73.98046223531523, 40.728714449052966], [-73.9809870334567, 40.727991839820405], [-73.97990293761163, 40.727533188299034]]]}}, {"type": "Feature", "properties": {"cell_id": 191, "tree_count": 21, "tree_ids": ["2114690", "13583118", "11537805", "2121534", "2121533", "2121532", "2121530", "10165823", "2121528", "2121527", "11537342", "229783", "2122970", "2122969", "12745417", "2121502", "2121503", "2121504", "2121505", "2121506", "2121507"]}, "geometry": {"type": "Polygon", "coordinates": [[[-73.97906269820609, 40.72802041175179], [-73.97854610789001, 40.72873171940013], [-73.98003062887224, 40.72935977992642], [-73.98054721918832, 40.72864847227808], [-73.97906269820609, 40.72802041175179]]]}}, {"type": "Feature", "properties": {"cell_id": 192, "tree_count": 21, "tree_ids": ["2121508", "2121509", "2121510", "2121511", "12745418", "205964", "2122941", "2122942", "1178907", "2122943", "2122944", "2122945", "2122947", "482309", "15396587", "2122005", "2122006", "2122007", "1957659", "965081", "2147138"]}, "geometry": {"type": "Polygon", "coordinates": [[[-73.97861032356288, 40.728655482971384], [-73.97806860892662, 40.72940138499855], [-73.97955131924597, 40.73002867948253], [-73.98009303388223, 40.72928277745537], [-73.97861032356288, 40.728655482971384]]]}}, {"type": "Feature", "properties": {"cell_id": 193, "tree_count": 20, "tree_ids": ["2124440", "2131237", "10183258", "14051153", "4635103", "11537344", "6523310", "11537345", "2142496", "11537343", "5823983", "6533723", "6523311", "12776281", "13525506", "6523312", "15378283", "15378276", "6523313", "6523314"]}, "geometry": {"type": "Polygon", "coordinates": [[[-73.98539878465319, 40.72180304455592], [-73.98475651718805, 40.72268740058429], [-73.98549829085114, 40.72300122488372], [-73.98614055831628, 40.722116868855345], [-73.98539878465319, 40.72180304455592]]]}}, {"type": "Feature", "properties": {"cell_id": 194, "tree_count": 21, "tree_ids": ["6534144", "4603822", "14051972", "2118644", "15840603", "11142876", "5786190", "6525728", "6525729", "2118578", "6525730", "15218035", "6525731", "14051157", "15218036", "2118579", "16487830", "6525727", "2118551", "2118688", "2118550"]}, "geometry": {"type": "Polygon", "coordinates": [[[-73.98614408474857, 40.7220359191161], [-73.98531732496534, 40.723174307775054], [-73.98659011376252, 40.72371279016188], [-73.98741687354575, 40.72257440150293], [-73.98614408474857, 40.7220359191161]]]}}, {"type": "Feature", "properties": {"cell_id": 195, "tree_count": 21, "tree_ids": ["2110073", "2144754", "2146565", "2110074", "2146564", "2144753", "2146563", "2110075", "2144752", "2146562", "2146561", "2144751", "2146560", "2144750", "2144749", "2144748", "2118665", "2118664", "14051147", "2118670", "2118671"]}, "geometry": {"type": "Polygon", "coordinates": [[[-73.98464973547078, 40.722867954593035], [-73.98392933922524, 40.72385988832338], [-73.98498270010435, 40.724305536715036], [-73.98570309634991, 40.723313602984696], [-73.98464973547078, 40.722867954593035]]]}}, {"type": "Feature", "properties": {"cell_id": 196, "tree_count": 21, "tree_ids": ["2118672", "13878237", "5238930", "12216778", "2145251", "13765180", "12230452", "12216777", "2145250", "12216776", "2118640", "2145249", "10187627", "10188026", "14596925", "15218038", "15218040", "10187624", "10187626", "2145256", "2145257"]}, "geometry": {"type": "Polygon", "coordinates": [[[-73.9855034170355, 40.72340248360372], [-73.98488041909577, 40.72426030688385], [-73.98592391922648, 40.72470178346055], [-73.98654691716621, 40.723843960180425], [-73.9855034170355, 40.72340248360372]]]}}, {"type": "Feature", "properties": {"cell_id": 197, "tree_count": 20, "tree_ids": ["2118687", "2118549", "2118580", "2118686", "14051158", "10209582", "2118547", "4929384", "6528500", "2118546", "14051156", "10183257", "2118545", "14051560", "15218034", "2118637", "2118638", "2116815", "2116816", "2116817"]}, "geometry": {"type": "Polygon", "coordinates": [[[-73.98741594104654, 40.72255706520156], [-73.98679006400221, 40.7234188528013], [-73.98791111831981, 40.723893140449064], [-73.98853699536414, 40.723031352849326], [-73.98741594104654, 40.72255706520156]]]}}, {"type": "Feature", "properties": {"cell_id": 198, "tree_count": 21, "tree_ids": ["605404", "2145239", "2145238", "2145237", "2146540", "15218037", "6533726", "2118836", "2118837", "2118718", "2118838", "2140425", "2118839", "2140424", "2146542", "2140423", "2118840", "2140422", "2146543", "2118841", "2140421"]}, "geometry": {"type": "Polygon", "coordinates": [[[-73.98834435836004, 40.72311027062786], [-73.98774881144635, 40.72393029582281], [-73.98887952904796, 40.724408671743696], [-73.98947507596165, 40.723588646548755], [-73.98834435836004, 40.72311027062786]]]}}, {"type": "Feature", "properties": {"cell_id": 199, "tree_count": 21, "tree_ids": ["14051124", "14051522", "2118641", "10184509", "2145245", "16498098", "2145259", "2145244", "12216772", "10184508", "10196369", "2145261", "2145243", "2145242", "2145262", "16498118", "2145240", "6533724", "10343286", "2116849", "2116848"]}, "geometry": {"type": "Polygon", "coordinates": [[[-73.98676239199406, 40.72348657886773], [-73.98589047585058, 40.72468714458152], [-73.98723015066257, 40.72525392462542], [-73.98810206680605, 40.724053358911625], [-73.98676239199406, 40.72348657886773]]]}}, {"type": "Feature", "properties": {"cell_id": 200, "tree_count": 21, "tree_ids": ["2116847", "2116827", "16339142", "2130823", "13842555", "2130824", "2137742", "2140426", "5246934", "2137743", "11142873", "2130826", "2143972", "2143971", "2137744", "2143970", "16497103", "2146558", "2137745", "14051125", "2146557"]}, "geometry": {"type": "Polygon", "coordinates": [[[-73.98804133910443, 40.723950831210814], [-73.98706853537564, 40.72529031186129], [-73.98790348865565, 40.72564355792702], [-73.98887629238443, 40.72430407727654], [-73.98804133910443, 40.723950831210814]]]}}, {"type": "Feature", "properties": {"cell_id": 201, "tree_count": 20, "tree_ids": ["2143976", "2143977", "12689361", "14529197", "4609662", "6544546", "5364163", "6544547", "4603983", "2118695", "2118797", "2118796", "2118697", "2118795", "2118698", "5233731", "4608200", "14051521", "6544539", "6544538"]}, "geometry": {"type": "Polygon", "coordinates": [[[-73.98393860724784, 40.723868534386064], [-73.98350209744834, 40.724469576932336], [-73.9845432901581, 40.72491007730187], [-73.9849797999576, 40.724309034755606], [-73.98393860724784, 40.723868534386064]]]}}, {"type": "Feature", "properties": {"cell_id": 202, "tree_count": 21, "tree_ids": ["6161889", "12689360", "10164126", "4599927", "6161890", "5237331", "13827539", "14051564", "2118631", "2110065", "2118630", "2118629", "2110062", "2110061", "10164538", "2118802", "2118801", "2118800", "2118799", "2118798", "14051562"]}, "geometry": {"type": "Polygon", "coordinates": [[[-73.98354804181753, 40.72438642622299], [-73.98298604426914, 40.725160256358926], [-73.9847515775682, 40.72590720556764], [-73.9853135751166, 40.7251333754317], [-73.98354804181753, 40.72438642622299]]]}}, {"type": "Feature", "properties": {"cell_id": 203, "tree_count": 21, "tree_ids": ["15840229", "4625355", "2122331", "2110138", "2122330", "2114778", "2110139", "2122329", "2110140", "2122328", "2114777", "2110141", "2122327", "13826739", "10165397", "4613392", "13826738", "10164129", "13826737", "2110142", "2118728"]}, "geometry": {"type": "Polygon", "coordinates": [[[-73.98304239428352, 40.72508203197353], [-73.98255804780361, 40.72574894218242], [-73.98343130436, 40.72611839332455], [-73.9839156508399, 40.725451483115656], [-73.98304239428352, 40.72508203197353]]]}}, {"type": "Feature", "properties": {"cell_id": 204, "tree_count": 21, "tree_ids": ["2110220", "14500060", "14500058", "2114663", "2114662", "2114702", "2114701", "1166509", "2116807", "11775860", "2116825", "2116824", "2116865", "10196390", "2116808", "2116823", "2116866", "13852135", "2116822", "11142888", "2116821"]}, "geometry": {"type": "Polygon", "coordinates": [[[-73.98373478317089, 40.72551640821554], [-73.98294794275824, 40.72659983077712], [-73.98391269174283, 40.7270079898818], [-73.98469953215547, 40.72592456732023], [-73.98373478317089, 40.72551640821554]]]}}, {"type": "Feature", "properties": {"cell_id": 205, "tree_count": 20, "tree_ids": ["2118632", "2118804", "2118633", "2118634", "2118805", "14051563", "2118806", "2118635", "2118636", "2118807", "14051561", "5787214", "10089080", "10089970", "2116851", "2116852", "2116850", "2116853", "4610268", "4608247"]}, "geometry": {"type": "Polygon", "coordinates": [[[-73.98554822827424, 40.724694442192146], [-73.98468805993772, 40.725878832022104], [-73.98629440141437, 40.72655843149244], [-73.9871545697509, 40.725374041662484], [-73.98554822827424, 40.724694442192146]]]}}, {"type": "Feature", "properties": {"cell_id": 206, "tree_count": 21, "tree_ids": ["4607983", "2118851", "2125524", "2118646", "14051126", "2118852", "2125523", "2143974", "2118853", "2118647", "5240933", "2143973", "11177415", "5246933", "2125521", "13518639", "13519399", "2125520", "10183657", "11776400", "2118650"]}, "geometry": {"type": "Polygon", "coordinates": [[[-73.98713585395498, 40.725215518883964], [-73.98619218050169, 40.72651488924372], [-73.98707398774346, 40.7268879579487], [-73.98801766119675, 40.72558858758894], [-73.98713585395498, 40.725215518883964]]]}}, {"type": "Feature", "properties": {"cell_id": 207, "tree_count": 21, "tree_ids": ["2116809", "2116819", "2118803", "5247733", "11780201", "10089536", "16484616", "2116867", "2116868", "5792471", "2116810", "1856414", "15218052", "15384788", "10089079", "2116863", "11812077", "2116862", "2116861", "5242933", "2116854"]}, "geometry": {"type": "Polygon", "coordinates": [[[-73.98474410928141, 40.725799215867376], [-73.98387556881582, 40.72699513351592], [-73.98547340840094, 40.72767113606675], [-73.98634194886654, 40.726475218418216], [-73.98474410928141, 40.725799215867376]]]}}, {"type": "Feature", "properties": {"cell_id": 208, "tree_count": 21, "tree_ids": ["939094", "4608553", "5228931", "2128198", "13852131", "2130968", "2128197", "2130992", "2128196", "13851730", "13852993", "2128195", "2130970", "13851731", "2128194", "2130971", "2130990", "2128193", "12230448", "249561", "2128192"]}, "geometry": {"type": "Polygon", "coordinates": [[[-73.98623958312564, 40.72643189859358], [-73.98537839207755, 40.727617696623675], [-73.98623394558449, 40.72797965808617], [-73.98709513663256, 40.726793860056084], [-73.98623958312564, 40.72643189859358]]]}}, {"type": "Feature", "properties": {"cell_id": 209, "tree_count": 20, "tree_ids": ["2118667", "2118717", "2118716", "2118715", "2118714", "2118713", "2118712", "2118710", "2146550", "2146549", "13841742", "2146547", "2146546", "11959451", "2146544", "11958469", "11958470", "11959452", "2128012", "2128013"]}, "geometry": {"type": "Polygon", "coordinates": [[[-73.98967979745893, 40.723582498013144], [-73.98924211800912, 40.72418515108364], [-73.99045203947951, 40.72469703601121], [-73.99088971892932, 40.72409438294071], [-73.98967979745893, 40.723582498013144]]]}}, {"type": "Feature", "properties": {"cell_id": 210, "tree_count": 21, "tree_ids": ["2128014", "2118845", "2118844", "2118843", "2118842", "13842556", "2140416", "2140417", "2140418", "2140419", "2140420", "6532927", "1107296", "2130836", "2130835", "2130834", "2130833", "2130831", "10196375", "2130829", "2130828"]}, "geometry": {"type": "Polygon", "coordinates": [[[-73.98906740237614, 40.72412400094209], [-73.98844979522157, 40.72497440149944], [-73.98982181764615, 40.72555486694006], [-73.99043942480071, 40.72470446638271], [-73.98906740237614, 40.72412400094209]]]}}, {"type": "Feature", "properties": {"cell_id": 211, "tree_count": 21, "tree_ids": ["2130827", "15218044", "2146556", "2143967", "13841745", "2143966", "5240536", "2137748", "11410601", "2143965", "2137749", "2137750", "2146555", "10202518", "2143963", "2146554", "2137751", "2143962", "2137752", "10201996", "2137753"]}, "geometry": {"type": "Polygon", "coordinates": [[[-73.98843619260317, 40.72486523628695], [-73.98787274859322, 40.72564105809626], [-73.98874116361446, 40.726008460916304], [-73.98930460762443, 40.725232639107], [-73.98843619260317, 40.72486523628695]]]}}, {"type": "Feature", "properties": {"cell_id": 212, "tree_count": 21, "tree_ids": ["2143960", "13841744", "6612189", "15378278", "2143959", "2137756", "2137757", "5246936", "121624", "2137758", "2137759", "2137527", "2137528", "2137808", "2137807", "2137806", "2137812", "15971564", "2137810", "6605402", "2137805"]}, "geometry": {"type": "Polygon", "coordinates": [[[-73.98918767017442, 40.725288570606686], [-73.98844048252502, 40.726317394169975], [-73.98926909538918, 40.726667957777885], [-73.99001628303857, 40.725639134214596], [-73.98918767017442, 40.725288570606686]]]}}, {"type": "Feature", "properties": {"cell_id": 213, "tree_count": 20, "tree_ids": ["2118677", "13765176", "2118679", "2140430", "2140428", "2140427", "2140403", "11142884", "1431687", "11142885", "1431688", "2140402", "11142883", "377062", "2118701", "2140401", "2140400", "2118704", "1431689", "2140399"]}, "geometry": {"type": "Polygon", "coordinates": [[[-73.99092925230198, 40.72419841923346], [-73.99005578617383, 40.72540111916449], [-73.99098900546873, 40.72579593891343], [-73.99186247159689, 40.72459323898241], [-73.99092925230198, 40.72419841923346]]]}}, {"type": "Feature", "properties": {"cell_id": 214, "tree_count": 21, "tree_ids": ["2118705", "2140398", "2118706", "2116379", "2140397", "1431692", "5786875", "2118707", "1431693", "2140396", "2116377", "2118708", "10203057", "4609943", "13842557", "14157386", "2140395", "2140394", "2140392", "2140391", "2140390"]}, "geometry": {"type": "Polygon", "coordinates": [[[-73.99176667053176, 40.72455515076149], [-73.99083509816968, 40.725837858790435], [-73.99174166057237, 40.72622140073195], [-73.99267323293444, 40.724938692703006], [-73.99176667053176, 40.72455515076149]]]}}, {"type": "Feature", "properties": {"cell_id": 215, "tree_count": 21, "tree_ids": ["13851733", "2140455", "2137797", "2137798", "2140441", "12216775", "2140454", "2125571", "2137799", "2140453", "2137800", "2140442", "2125570", "10196391", "10196389", "2125569", "2137801", "10196365", "2140451", "2125568", "10197186"]}, "geometry": {"type": "Polygon", "coordinates": [[[-73.98998041102956, 40.72550249768451], [-73.98917173423632, 40.72661598736901], [-73.99039356361602, 40.72713291020973], [-73.99120224040927, 40.72601942052523], [-73.98998041102956, 40.72550249768451]]]}}, {"type": "Feature", "properties": {"cell_id": 216, "tree_count": 21, "tree_ids": ["2125567", "2137802", "2140450", "2137803", "2140449", "2140445", "10196773", "2125565", "2140447", "2140448", "2137804", "2125564", "6602588", "2125563", "15218043", "2140389", "2125511", "2125510", "2125509", "2125508", "2125507"]}, "geometry": {"type": "Polygon", "coordinates": [[[-73.99110316739228, 40.72598192676596], [-73.99022202432734, 40.727195197285866], [-73.9912232231389, 40.72761877732282], [-73.99210436620383, 40.72640550680291], [-73.99110316739228, 40.72598192676596]]]}}, {"type": "Feature", "properties": {"cell_id": 217, "tree_count": 20, "tree_ids": ["2125519", "2125518", "2130995", "2118651", "2125517", "4684342", "2125516", "2118652", "2125515", "13826741", "2125514", "2130997", "2118856", "2125513", "15218048", "2130999", "2125512", "2118857", "15218047", "671004"]}, "geometry": {"type": "Polygon", "coordinates": [[[-73.98757854403344, 40.726047958482155], [-73.98698915766525, 40.72685950104977], [-73.98821172668345, 40.72737673681147], [-73.98880111305165, 40.72656519424385], [-73.98757854403344, 40.726047958482155]]]}}, {"type": "Feature", "properties": {"cell_id": 218, "tree_count": 21, "tree_ids": ["15218046", "5240936", "2140469", "2140470", "2137526", "2131001", "2131000", "5240535", "2125493", "10665973", "2140507", "15218045", "2140506", "6582166", "2131002", "5242134", "2140505", "2125495", "2131034", "2131003", "5242133"]}, "geometry": {"type": "Polygon", "coordinates": [[[-73.98878002148216, 40.72649485598028], [-73.98802015156834, 40.727541142108], [-73.98904351978894, 40.72797410142007], [-73.98980338970274, 40.72692781529234], [-73.98878002148216, 40.72649485598028]]]}}, {"type": "Feature", "properties": {"cell_id": 219, "tree_count": 21, "tree_ids": ["13851732", "2128191", "2130989", "2130974", "2130988", "2128190", "2128189", "2130987", "2130975", "11779254", "2130986", "1101700", "2130984", "2130976", "2128186", "13852132", "2130977", "2128185", "2130983", "2130978", "2128184"]}, "geometry": {"type": "Polygon", "coordinates": [[[-73.98668286275644, 40.72726323567845], [-73.98617800670993, 40.727958386082946], [-73.98711298288146, 40.72835394911869], [-73.98761783892796, 40.72765879871419], [-73.98668286275644, 40.72726323567845]]]}}, {"type": "Feature", "properties": {"cell_id": 220, "tree_count": 21, "tree_ids": ["102423", "14178302", "2128183", "2130982", "2130980", "2128182", "2130981", "13868756", "15218049", "2121490", "1591574", "2121489", "2140471", "2121488", "2117267", "164930", "2117266", "2128036", "12230451", "2140473", "10666779"]}, "geometry": {"type": "Polygon", "coordinates": [[[-73.98767085621962, 40.72744379578165], [-73.98703708483383, 40.72831645332086], [-73.98840775216414, 40.72889634545788], [-73.98904152354993, 40.72802368791867], [-73.98767085621962, 40.72744379578165]]]}}, {"type": "Feature", "properties": {"cell_id": 221, "tree_count": 20, "tree_ids": ["2131033", "2125496", "2140503", "14177510", "2140502", "2125497", "2140501", "2131004", "2131031", "2140500", "2125498", "2131005", "2140499", "2131030", "2140498", "2131006", "2125499", "14786092", "2131007", "5240934"]}, "geometry": {"type": "Polygon", "coordinates": [[[-73.9896797492898, 40.72696694928825], [-73.98911176600137, 40.727749021356985], [-73.98997492395148, 40.72811420005295], [-73.99054290723991, 40.727332127984205], [-73.9896797492898, 40.72696694928825]]]}}, {"type": "Feature", "properties": {"cell_id": 222, "tree_count": 21, "tree_ids": ["2131008", "10196373", "2124682", "2124683", "2124684", "5248132", "2131027", "2131009", "2125502", "13852133", "2131010", "11142887", "2131011", "11776828", "2131013", "2131012", "11797666", "11797673", "11797669", "11797671", "11797664"]}, "geometry": {"type": "Polygon", "coordinates": [[[-73.99052426607055, 40.72732413814804], [-73.98965417160152, 40.72852219554735], [-73.99095001092797, 40.72907042998735], [-73.991820105397, 40.727872372588045], [-73.99052426607055, 40.72732413814804]]]}}, {"type": "Feature", "properties": {"cell_id": 223, "tree_count": 21, "tree_ids": ["2128034", "2140474", "2117265", "2128033", "2140475", "5895574", "2117264", "4614200", "2117263", "2128031", "2128030", "2117262", "2140477", "2117261", "2117260", "2140478", "2117259", "2128028", "2140479", "2128022", "463910"]}, "geometry": {"type": "Polygon", "coordinates": [[[-73.98882916353817, 40.72816195863891], [-73.98826268092444, 40.728941964386706], [-73.98927634760314, 40.729370819239776], [-73.98984283021687, 40.72859081349198], [-73.98882916353817, 40.72816195863891]]]}}, {"type": "Feature", "properties": {"cell_id": 224, "tree_count": 21, "tree_ids": ["2128023", "465909", "16309831", "2128027", "16309834", "2117239", "2117241", "10196385", "580288", "580274", "11797663", "580273", "11797672", "11797668", "11797665", "11797667", "11797659", "11797662", "11797661", "11797660", "11797670"]}, "geometry": {"type": "Polygon", "coordinates": [[[-73.98984502326351, 40.72852138799152], [-73.98923953026251, 40.729355108232156], [-73.99056979559805, 40.72991790738202], [-73.99117528859907, 40.72908418714138], [-73.98984502326351, 40.72852138799152]]]}}, {"type": "Feature", "properties": {"cell_id": 225, "tree_count": 20, "tree_ids": ["11185841", "2114752", "2114751", "2114750", "2114749", "13851734", "2114748", "17042423", "2110053", "15933567", "2110052", "2110051", "14529508", "2114654", "2114652", "262438", "2114651", "2114650", "541509", "761836"]}, "geometry": {"type": "Polygon", "coordinates": [[[-73.98294733356039, 40.72659895211581], [-73.9825216806716, 40.727185045478194], [-73.98402359749734, 40.72782046571362], [-73.98444925038613, 40.727234372351234], [-73.98294733356039, 40.72659895211581]]]}}, {"type": "Feature", "properties": {"cell_id": 226, "tree_count": 21, "tree_ids": ["2114668", "2114669", "2114671", "2114672", "2114673", "2114675", "2110231", "2114608", "15218053", "2114607", "4613397", "2114606", "2110234", "10340920", "2114596", "2114595", "2114594", "2114593", "2114592", "2114591", "2114469"]}, "geometry": {"type": "Polygon", "coordinates": [[[-73.98243290433929, 40.72716511170411], [-73.98201351684978, 40.72774257806308], [-73.98364555768399, 40.728433050233924], [-73.9840649451735, 40.727855583874955], [-73.98243290433929, 40.72716511170411]]]}}, {"type": "Feature", "properties": {"cell_id": 227, "tree_count": 21, "tree_ids": ["939899", "17042540", "11806288", "13835108", "11806289", "2114467", "1085724", "179752", "2114446", "4612726", "2113083", "2114447", "2114468", "2114448", "2114449", "2121893", "2121894", "2121895", "2121896", "2114474", "2114475"]}, "geometry": {"type": "Polygon", "coordinates": [[[-73.98135744378634, 40.7273761191364], [-73.98086720472683, 40.72805114300285], [-73.98192635626545, 40.72849924126534], [-73.98241659532495, 40.72782421739889], [-73.98135744378634, 40.7273761191364]]]}}, {"type": "Feature", "properties": {"cell_id": 228, "tree_count": 21, "tree_ids": ["2114476", "2114572", "2114477", "2114478", "2114573", "2114479", "2114590", "2114480", "2114481", "2114574", "2114482", "2114575", "13827541", "10197176", "2114484", "2114485", "2114577", "2114578", "204025", "10561774", "2114486"]}, "geometry": {"type": "Polygon", "coordinates": [[[-73.98232081550638, 40.72776953928482], [-73.98176566063455, 40.7285339475481], [-73.9831100951459, 40.729102741291584], [-73.98366525001772, 40.728338333028304], [-73.98232081550638, 40.72776953928482]]]}}, {"type": "Feature", "properties": {"cell_id": 229, "tree_count": 20, "tree_ids": ["2128173", "14157394", "2128171", "2128170", "2128169", "2114757", "2114756", "2114755", "2114754", "15218051", "15218050", "10197177", "15971232", "2122062", "2122061", "2116803", "2122060", "2128140", "2128141", "2128142"]}, "geometry": {"type": "Polygon", "coordinates": [[[-73.98450621455076, 40.727255316660354], [-73.98408231948459, 40.72783898962765], [-73.98590742495257, 40.72861114220379], [-73.98633132001875, 40.72802746923649], [-73.98450621455076, 40.727255316660354]]]}}, {"type": "Feature", "properties": {"cell_id": 230, "tree_count": 21, "tree_ids": ["2128143", "2114656", "2114655", "2114666", "2128128", "2114664", "2114665", "120830", "122436", "2114667", "10196372", "2114605", "2114604", "2116909", "1856815", "2116908", "2116907", "11142890", "6077838", "11795713", "2114600"]}, "geometry": {"type": "Polygon", "coordinates": [[[-73.98415416911877, 40.72776605036471], [-73.98366632661853, 40.728437774341714], [-73.98542965932498, 40.72918379253943], [-73.98591750182521, 40.728512068562424], [-73.98415416911877, 40.72776605036471]]]}}, {"type": "Feature", "properties": {"cell_id": 231, "tree_count": 21, "tree_ids": ["2114597", "2123421", "2114487", "11797502", "2114580", "2114488", "2114599", "2114489", "2114490", "2114581", "2114582", "15389720", "2114583", "2114584", "2114585", "2114586", "6078238", "5247734", "1903247", "2114620", "2119549"]}, "geometry": {"type": "Polygon", "coordinates": [[[-73.98364053296156, 40.72832432424011], [-73.98308350323943, 40.72909131403717], [-73.98428918632828, 40.729601405820574], [-73.9848462160504, 40.72883441602351], [-73.98364053296156, 40.72832432424011]]]}}, {"type": "Feature", "properties": {"cell_id": 232, "tree_count": 21, "tree_ids": ["2114556", "2114621", "2119548", "2114622", "2119547", "2114557", "2119546", "2119516", "2119545", "2119517", "2114623", "2119544", "2119518", "2119543", "2114624", "2119542", "2119520", "11796974", "2119541", "2114625", "2119521"]}, "geometry": {"type": "Polygon", "coordinates": [[[-73.98479128834163, 40.72881044775501], [-73.98423546149793, 40.72957578127515], [-73.98500498565454, 40.72990134605502], [-73.98556081249824, 40.72913601253488], [-73.98479128834163, 40.72881044775501]]]}}, {"type": "Feature", "properties": {"cell_id": 233, "tree_count": 20, "tree_ids": ["2114739", "2114694", "2114738", "2114695", "2114737", "2121537", "2114696", "2114736", "2121538", "2114735", "6460467", "239376", "2114734", "2114698", "2121540", "10164545", "2121541", "2114729", "2114730", "2114731"]}, "geometry": {"type": "Polygon", "coordinates": [[[-73.98087811434564, 40.728056476597615], [-73.9801280291223, 40.729089289911485], [-73.98099992337356, 40.729458164699295], [-73.98175000859689, 40.728425351385425], [-73.98087811434564, 40.728056476597615]]]}}, {"type": "Feature", "properties": {"cell_id": 234, "tree_count": 21, "tree_ids": ["2114727", "2114706", "2114707", "2114708", "3735102", "3754790", "3736105", "3741386", "11142892", "2123425", "2114609", "11804988", "2114543", "242646", "15763356", "243046", "10197211", "14040364", "10604545", "2114547", "2114548"]}, "geometry": {"type": "Polygon", "coordinates": [[[-73.98164751412541, 40.72838250867744], [-73.98092916053416, 40.72937162981999], [-73.98197497158635, 40.729814084084836], [-73.98269332517762, 40.72882496294229], [-73.98164751412541, 40.72838250867744]]]}}, {"type": "Feature", "properties": {"cell_id": 235, "tree_count": 21, "tree_ids": ["2121501", "2122940", "2121499", "2121498", "460310", "12689363", "457511", "2121497", "461110", "12776283", "16293532", "308592", "231358", "314188", "2128090", "2128091", "2128092", "2128093", "2114732", "2128094", "2128085"]}, "geometry": {"type": "Polygon", "coordinates": [[[-73.98015594578567, 40.72914025302195], [-73.97952995549596, 40.730002196552405], [-73.98052426502448, 40.73042286192073], [-73.98115025531418, 40.72956091839028], [-73.98015594578567, 40.72914025302195]]]}}, {"type": "Feature", "properties": {"cell_id": 236, "tree_count": 21, "tree_ids": ["10203058", "10202523", "2128088", "2114703", "2114704", "2114705", "2122353", "2114649", "2122354", "2114648", "2122355", "2114647", "15192624", "2114646", "2114645", "15208702", "2128081", "2122356", "2128080", "2122357", "2114644"]}, "geometry": {"type": "Polygon", "coordinates": [[[-73.98112358099345, 40.7294113785805], [-73.9804127377789, 40.73039015847539], [-73.9813872972628, 40.730802468136], [-73.98209814047735, 40.72982368824112], [-73.98112358099345, 40.7294113785805]]]}}, {"type": "Feature", "properties": {"cell_id": 237, "tree_count": 20, "tree_ids": ["2114549", "11804989", "13868743", "2114550", "10197210", "10196368", "2114610", "5354540", "2114611", "2114612", "164941", "2114613", "14041170", "10196376", "2114614", "2114552", "2114615", "2114616", "5243736", "2114617"]}, "geometry": {"type": "Polygon", "coordinates": [[[-73.98270605334342, 40.7288285723579], [-73.98217986288998, 40.729553098703754], [-73.98315949029114, 40.72996755246258], [-73.98368568074459, 40.729243026116734], [-73.98270605334342, 40.7288285723579]]]}}, {"type": "Feature", "properties": {"cell_id": 238, "tree_count": 21, "tree_ids": ["2114554", "2114618", "15208846", "2114619", "15347450", "15396585", "2116904", "2116905", "13827544", "13826744", "2123384", "2123418", "5244538", "5787295", "5780558", "2123415", "2123414", "2123385", "2123413", "2123386", "2123412"]}, "geometry": {"type": "Polygon", "coordinates": [[[-73.98362863962457, 40.72925304139089], [-73.98311993111986, 40.729953496352785], [-73.9843843997569, 40.730488458705736], [-73.9848931082616, 40.72978800374384], [-73.98362863962457, 40.72925304139089]]]}}, {"type": "Feature", "properties": {"cell_id": 239, "tree_count": 21, "tree_ids": ["2122358", "2128079", "10202002", "2122359", "2122360", "2114642", "2122361", "2114640", "2114639", "2114638", "2114637", "2122362", "2114636", "2128077", "2122363", "2114635", "4608326", "156568", "2123033", "10202004", "2114588"]}, "geometry": {"type": "Polygon", "coordinates": [[[-73.9821926788416, 40.72957748843045], [-73.98132293381315, 40.73077506467527], [-73.98253634758937, 40.731288427102626], [-73.98340609261783, 40.73009085085781], [-73.9821926788416, 40.72957748843045]]]}}, {"type": "Feature", "properties": {"cell_id": 240, "tree_count": 21, "tree_ids": ["2114587", "12733003", "5042233", "2128071", "2128072", "2128073", "2128074", "2128075", "2128076", "2122364", "2122365", "10197193", "2114776", "10196377", "2128070", "2114773", "2128069", "2114658", "15320098", "2114659", "2114771"]}, "geometry": {"type": "Polygon", "coordinates": [[[-73.98334424683456, 40.72999832546174], [-73.98244037418202, 40.731242892986245], [-73.98369247270837, 40.73177262188118], [-73.9845963453609, 40.730528054356675], [-73.98334424683456, 40.72999832546174]]]}}, {"type": "Feature", "properties": {"cell_id": 241, "tree_count": 20, "tree_ids": ["2128180", "2128179", "10666780", "15384792", "2128177", "2128176", "2128175", "2128174", "2121491", "2121492", "2128135", "2128136", "2128137", "2128138", "2128134", "2128133", "243847", "15389721", "2128131", "5464945"]}, "geometry": {"type": "Polygon", "coordinates": [[[-73.98630551240107, 40.728013758614374], [-73.98580708782156, 40.72870005335218], [-73.98712286750047, 40.72925672401397], [-73.98762129207998, 40.72857042927617], [-73.98630551240107, 40.728013758614374]]]}}, {"type": "Feature", "properties": {"cell_id": 242, "tree_count": 21, "tree_ids": ["2121486", "11142889", "2114560", "2114561", "2114562", "2114565", "2114567", "2114568", "2114569", "13519401", "2114626", "2114627", "2114630", "16153939", "2114632", "2114633", "2114634", "13519400", "13518640", "2121512", "2119529"]}, "geometry": {"type": "Polygon", "coordinates": [[[-73.98572764529796, 40.72880030861259], [-73.98500755006197, 40.72979182787446], [-73.98632851288427, 40.73035069138351], [-73.98704860812026, 40.72935917212164], [-73.98572764529796, 40.72880030861259]]]}}, {"type": "Feature", "properties": {"cell_id": 243, "tree_count": 21, "tree_ids": ["5895174", "2128017", "2128016", "13852134", "5170772", "13852137", "13851736", "13852136", "2117269", "2117292", "2123277", "2117293", "2117294", "2121487", "10202525", "2117295", "2561960", "16456361", "4610115", "2117735", "2117744"]}, "geometry": {"type": "Polygon", "coordinates": [[[-73.98751965589565, 40.72852494714506], [-73.98660301468949, 40.72978709604801], [-73.98791459901683, 40.73034199177044], [-73.98883124022298, 40.72907984286749], [-73.98751965589565, 40.72852494714506]]]}}, {"type": "Feature", "properties": {"cell_id": 244, "tree_count": 21, "tree_ids": ["2117743", "2117742", "2117741", "2117740", "2117739", "15389719", "2117736", "2121516", "13868758", "2114677", "2121515", "2121514", "13868757", "11856802", "2118042", "2118043", "2118044", "2118045", "2118046", "2118047", "2118048"]}, "geometry": {"type": "Polygon", "coordinates": [[[-73.98666033667259, 40.72970798358628], [-73.98622993575117, 40.73030061464754], [-73.98750981359727, 40.73084209621852], [-73.98794021451869, 40.73024946515726], [-73.98666033667259, 40.72970798358628]]]}}, {"type": "Feature", "properties": {"cell_id": 245, "tree_count": 20, "tree_ids": ["2123410", "2119540", "2123409", "13826743", "2119523", "15971272", "13584048", "2119524", "10196366", "10196367", "2123406", "2119538", "2119525", "2123405", "164956", "2123404", "2119527", "2119537", "2119528", "2119536"]}, "geometry": {"type": "Polygon", "coordinates": [[[-73.98507062974033, 40.729715118727924], [-73.98454795302258, 40.730434806912875], [-73.98556516304667, 40.73086516085918], [-73.98608783976442, 40.73014547267423], [-73.98507062974033, 40.729715118727924]]]}}, {"type": "Feature", "properties": {"cell_id": 246, "tree_count": 21, "tree_ids": ["2119535", "15208739", "2121493", "2121494", "2121495", "2118099", "2118100", "2118101", "2118065", "2118098", "2118066", "2118067", "2118097", "2118068", "5250132", "436306", "2118096", "13584049", "2118069", "2122144", "2118095"]}, "geometry": {"type": "Polygon", "coordinates": [[[-73.98600379482406, 40.73021876438976], [-73.98548322795628, 40.73093554746331], [-73.98702121991676, 40.73158623010888], [-73.98754178678453, 40.73086944703533], [-73.98600379482406, 40.73021876438976]]]}}, {"type": "Feature", "properties": {"cell_id": 247, "tree_count": 21, "tree_ids": ["12734773", "2114660", "2123387", "15936549", "15936569", "2123389", "2128066", "2123390", "2128065", "2128064", "2123391", "2123392", "2120464", "2120466", "2120465", "2121043", "2121044", "2121045", "2121046", "2122139", "13519404"]}, "geometry": {"type": "Polygon", "coordinates": [[[-73.98458096757001, 40.73045052267819], [-73.98363343379019, 40.73175520842949], [-73.98532604515475, 40.73247130634738], [-73.98627357893459, 40.73116662059608], [-73.98458096757001, 40.73045052267819]]]}}, {"type": "Feature", "properties": {"cell_id": 248, "tree_count": 21, "tree_ids": ["2128062", "13519405", "13765181", "2128061", "16159636", "2128060", "2128038", "2128059", "12725604", "12725605", "12725603", "2122142", "2128039", "2128040", "13359146", "2128058", "2122143", "3762796", "4680804", "2128057", "3732876"]}, "geometry": {"type": "Polygon", "coordinates": [[[-73.98618175408546, 40.73112765530007], [-73.9852380793024, 40.73242702749083], [-73.98613434088912, 40.73280621143675], [-73.98707801567218, 40.731506839246], [-73.98618175408546, 40.73112765530007]]]}}, {"type": "Feature", "properties": {"cell_id": 249, "tree_count": 20, "tree_ids": ["2128018", "2117270", "2123279", "2117271", "2123280", "2128019", "5242135", "2117272", "2123281", "2128020", "2128021", "2123283", "1623180", "15389717", "16309819", "16309820", "13851737", "13852138", "589710", "4918330"]}, "geometry": {"type": "Polygon", "coordinates": [[[-73.9887914091159, 40.72906230694619], [-73.98813077565082, 40.729971951633374], [-73.98947830789861, 40.73054205594505], [-73.99013894136371, 40.729632411257874], [-73.9887914091159, 40.72906230694619]]]}}, {"type": "Feature", "properties": {"cell_id": 250, "tree_count": 21, "tree_ids": ["4918337", "4918331", "589711", "580231", "4918332", "4918333", "5250534", "589712", "4918334", "5249732", "4918335", "589713", "4918336", "5227352", "5251332", "4918338", "589714", "15976905", "589715", "589733", "589716"]}, "geometry": {"type": "Polygon", "coordinates": [[[-73.99010090857097, 40.72962020207367], [-73.98961062870866, 40.73029528212265], [-73.99031666201502, 40.73059398564741], [-73.99080694187732, 40.72991890559843], [-73.99010090857097, 40.72962020207367]]]}}, {"type": "Feature", "properties": {"cell_id": 251, "tree_count": 21, "tree_ids": ["4634305", "2123278", "2117745", "1166511", "2117734", "2117747", "201518", "1856816", "12777698", "2117749", "2117732", "2117750", "2117731", "2117751", "2117730", "2117752", "11537352", "2118038", "2117755", "2117754", "10202005"]}, "geometry": {"type": "Polygon", "coordinates": [[[-73.98811464342603, 40.729928332670376], [-73.98746568305538, 40.73082190434748], [-73.98855406446852, 40.73128236897635], [-73.98920302483917, 40.73038879729925], [-73.98811464342603, 40.729928332670376]]]}}, {"type": "Feature", "properties": {"cell_id": 252, "tree_count": 21, "tree_ids": ["580235", "14051594", "580309", "589706", "164932", "580308", "589705", "580307", "580336", "580337", "11798273", "5523945", "11798274", "10196379", "11798272", "580340", "14157391", "14157392", "10197194", "14157393", "580275"]}, "geometry": {"type": "Polygon", "coordinates": [[[-73.98932295459059, 40.730458938108285], [-73.98868716596462, 40.7313343732419], [-73.98994538424438, 40.73186669123837], [-73.99058117287036, 40.73099125610476], [-73.98932295459059, 40.730458938108285]]]}}, {"type": "Feature", "properties": {"cell_id": 253, "tree_count": 21, "tree_ids": ["15880067", "2118041", "11186239", "13827543", "15396583", "5785969", "5787933", "11798532", "2118070", "6161891", "15396586", "11142893", "15396584", "2118089", "13587730", "2118093", "2118094", "2122147", "2122146", "2122145", "15208843"]}, "geometry": {"type": "Polygon", "coordinates": [[[-73.98753960237377, 40.7307503545535], [-73.98694995417596, 40.73156225764164], [-73.98801787561847, 40.73201406621238], [-73.98860752381628, 40.731202163124244], [-73.98753960237377, 40.7307503545535]]]}}, {"type": "Feature", "properties": {"cell_id": 254, "tree_count": 21, "tree_ids": ["4608542", "2122150", "2122151", "2122152", "3726438", "3757467", "15347448", "5243336", "2128046", "10640581", "2128044", "2128043", "15713904", "2128050", "2128051", "11185840", "11142607", "2128054", "2128055", "2128056", "165314"]}, "geometry": {"type": "Polygon", "coordinates": [[[-73.98694105312369, 40.73156983843253], [-73.98606499858525, 40.73277610241802], [-73.98714069493934, 40.73323120034279], [-73.98801674947778, 40.73202493635729], [-73.98694105312369, 40.73156983843253]]]}}, {"type": "Feature", "properties": {"cell_id": 255, "tree_count": 21, "tree_ids": ["589709", "2111170", "2111169", "4610222", "2111168", "4609683", "2111167", "13587729", "2143917", "13587728", "5244934", "13559088", "13559089", "15208734", "589802", "10651659", "589800", "10202006", "589788", "589787", "2030868"]}, "geometry": {"type": "Polygon", "coordinates": [[[-73.98855786656165, 40.73150943515035], [-73.98775397484937, 40.732616336123094], [-73.98944066787173, 40.733329930151065], [-73.99024455958401, 40.73222302917833], [-73.98855786656165, 40.73150943515035]]]}}, {"type": "Feature", "properties": {"cell_id": 256, "tree_count": 21, "tree_ids": ["156929", "2111186", "2111185", "2111184", "5242934", "2116420", "2116419", "15208709", "2116425", "15208712", "5250533", "15208714", "15208731", "15208728", "2116413", "15192625", "2116408", "13485476", "2116412", "2116410", "2116411"]}, "geometry": {"type": "Polygon", "coordinates": [[[-73.98781022541945, 40.73253769987281], [-73.98726853054532, 40.733283574688954], [-73.98963525704423, 40.73428487241952], [-73.99017695191836, 40.73353899760338], [-73.98781022541945, 40.73253769987281]]]}}]}